2026-04-27 10:05:41.229 [background-preinit] INFO  o.h.validator.internal.util.Version - HV000001: Hibernate Validator 8.0.1.Final
2026-04-27 10:05:41.282 [main] INFO  c.e.signature.SignatureApplication - Starting SignatureApplication using Java 17.0.16 with PID 12312 (C:\Users\LENOVO\Desktop\MES projets\Projet Signature\xml-signature-springboot-complete\target\classes started by LENOVO in C:\Users\LENOVO\Desktop\MES projets\Projet Signature\xml-signature-springboot-complete)
2026-04-27 10:05:41.282 [main] INFO  c.e.signature.SignatureApplication - No active profile set, falling back to 1 default profile: "default"
2026-04-27 10:05:42.049 [main] INFO  o.s.d.r.c.RepositoryConfigurationDelegate - Bootstrapping Spring Data JPA repositories in DEFAULT mode.
2026-04-27 10:05:42.114 [main] INFO  o.s.d.r.c.RepositoryConfigurationDelegate - Finished Spring Data repository scanning in 59 ms. Found 3 JPA repository interfaces.
2026-04-27 10:05:42.928 [main] INFO  o.s.b.w.e.tomcat.TomcatWebServer - Tomcat initialized with port 8075 (http)
2026-04-27 10:05:42.942 [main] INFO  o.a.coyote.http11.Http11NioProtocol - Initializing ProtocolHandler ["http-nio-8075"]
2026-04-27 10:05:42.942 [main] INFO  o.a.catalina.core.StandardService - Starting service [Tomcat]
2026-04-27 10:05:42.942 [main] INFO  o.a.catalina.core.StandardEngine - Starting Servlet engine: [Apache Tomcat/10.1.20]
2026-04-27 10:05:43.023 [main] INFO  o.a.c.c.C.[Tomcat].[localhost].[/] - Initializing Spring embedded WebApplicationContext
2026-04-27 10:05:43.023 [main] INFO  o.s.b.w.s.c.ServletWebServerApplicationContext - Root WebApplicationContext: initialization completed in 1678 ms
2026-04-27 10:05:43.691 [main] INFO  o.h.jpa.internal.util.LogHelper - HHH000204: Processing PersistenceUnitInfo [name: default]
2026-04-27 10:05:43.763 [main] INFO  org.hibernate.Version - HHH000412: Hibernate ORM core version 6.4.4.Final
2026-04-27 10:05:43.794 [main] INFO  o.h.c.i.RegionFactoryInitiator - HHH000026: Second-level cache disabled
2026-04-27 10:05:44.913 [main] INFO  o.s.o.j.p.SpringPersistenceUnitInfo - No LoadTimeWeaver setup: ignoring JPA class transformer
2026-04-27 10:05:44.929 [main] INFO  com.zaxxer.hikari.HikariDataSource - HikariPool-1 - Starting...
2026-04-27 10:05:46.046 [main] INFO  com.zaxxer.hikari.pool.HikariPool - HikariPool-1 - Added connection oracle.jdbc.driver.T4CConnection@7c3c3d67
2026-04-27 10:05:46.048 [main] INFO  com.zaxxer.hikari.HikariDataSource - HikariPool-1 - Start completed.
2026-04-27 10:05:47.480 [main] INFO  o.h.e.t.j.p.i.JtaPlatformInitiator - HHH000489: No JTA platform available (set 'hibernate.transaction.jta.platform' to enable JTA platform integration)
2026-04-27 10:05:47.482 [main] INFO  o.s.o.j.LocalContainerEntityManagerFactoryBean - Initialized JPA EntityManagerFactory for persistence unit 'default'
2026-04-27 10:05:47.823 [main] INFO  o.s.d.j.r.query.QueryEnhancerFactory - Hibernate is in classpath; If applicable, HQL parser will be used.
2026-04-27 10:05:49.775 [main] INFO  o.a.coyote.http11.Http11NioProtocol - Starting ProtocolHandler ["http-nio-8075"]
2026-04-27 10:05:49.877 [main] INFO  o.s.b.w.e.tomcat.TomcatWebServer - Tomcat started on port 8075 (http) with context path ''
2026-04-27 10:05:49.923 [main] INFO  c.e.signature.SignatureApplication - Started SignatureApplication in 9.124 seconds (process running for 9.589)
2026-04-27 10:06:00.011 [scheduling-1] INFO  c.e.s.Scheduler.SignatureScheduler - === Début traitement automatique reception ===
2026-04-27 10:06:00.335 [scheduling-1] INFO  c.e.s.Scheduler.SignatureScheduler - === Fin traitement reception ===
2026-04-27 10:06:00.338 [scheduling-1] INFO  c.e.s.Scheduler.SignatureScheduler - Début traitement automatique des signatures...
2026-04-27 10:06:00.858 [scheduling-1] INFO  c.e.s.Scheduler.SignatureScheduler - Fin traitement signatures
2026-04-27 10:07:00.004 [scheduling-1] INFO  c.e.s.Scheduler.SignatureScheduler - Début traitement automatique des signatures...
2026-04-27 10:07:01.274 [scheduling-1] INFO  c.e.s.Scheduler.SignatureScheduler - Fin traitement signatures
2026-04-27 10:07:01.286 [scheduling-1] INFO  c.e.s.Scheduler.SignatureScheduler - === Début traitement automatique reception ===
2026-04-27 10:07:01.402 [scheduling-1] INFO  c.e.s.Scheduler.SignatureScheduler - === Fin traitement reception ===
2026-04-27 10:08:00.005 [scheduling-1] INFO  c.e.s.Scheduler.SignatureScheduler - Début traitement automatique des signatures...
2026-04-27 10:08:00.555 [scheduling-1] INFO  c.e.s.Scheduler.SignatureScheduler - Fin traitement signatures
2026-04-27 10:08:00.555 [scheduling-1] INFO  c.e.s.Scheduler.SignatureScheduler - === Début traitement automatique reception ===
2026-04-27 10:08:00.618 [scheduling-1] INFO  c.e.s.Scheduler.SignatureScheduler - === Fin traitement reception ===
2026-04-27 10:09:00.023 [scheduling-1] INFO  c.e.s.Scheduler.SignatureScheduler - Début traitement automatique des signatures...
2026-04-27 10:09:00.570 [scheduling-1] INFO  c.e.s.Scheduler.SignatureScheduler - Fin traitement signatures
2026-04-27 10:09:00.570 [scheduling-1] INFO  c.e.s.Scheduler.SignatureScheduler - === Début traitement automatique reception ===
2026-04-27 10:09:00.650 [scheduling-1] INFO  c.e.s.Scheduler.SignatureScheduler - === Fin traitement reception ===
2026-04-27 10:10:00.018 [scheduling-1] INFO  c.e.s.Scheduler.SignatureScheduler - === Début traitement automatique reception ===
2026-04-27 10:10:00.177 [scheduling-1] INFO  c.e.s.Scheduler.SignatureScheduler - === Fin traitement reception ===
2026-04-27 10:10:00.178 [scheduling-1] INFO  c.e.s.Scheduler.SignatureScheduler - Début traitement automatique des signatures...
2026-04-27 10:10:00.645 [scheduling-1] INFO  c.e.s.Scheduler.SignatureScheduler - Fin traitement signatures
2026-04-27 10:11:00.004 [scheduling-1] INFO  c.e.s.Scheduler.SignatureScheduler - === Début traitement automatique reception ===
2026-04-27 10:11:00.169 [scheduling-1] INFO  c.e.s.Scheduler.SignatureScheduler - === Fin traitement reception ===
2026-04-27 10:11:00.171 [scheduling-1] INFO  c.e.s.Scheduler.SignatureScheduler - Début traitement automatique des signatures...
2026-04-27 10:11:00.659 [scheduling-1] INFO  c.e.s.Scheduler.SignatureScheduler - Fin traitement signatures
2026-04-27 10:12:00.021 [scheduling-1] INFO  c.e.s.Scheduler.SignatureScheduler - === Début traitement automatique reception ===
2026-04-27 10:12:00.190 [scheduling-1] INFO  c.e.s.Scheduler.SignatureScheduler - === Fin traitement reception ===
2026-04-27 10:12:00.192 [scheduling-1] INFO  c.e.s.Scheduler.SignatureScheduler - Début traitement automatique des signatures...
2026-04-27 10:12:00.657 [scheduling-1] INFO  c.e.s.Scheduler.SignatureScheduler - Fin traitement signatures
2026-04-27 10:13:00.001 [scheduling-1] INFO  c.e.s.Scheduler.SignatureScheduler - Début traitement automatique des signatures...
2026-04-27 10:13:00.829 [scheduling-1] INFO  c.e.s.Scheduler.SignatureScheduler - Fin traitement signatures
2026-04-27 10:13:00.829 [scheduling-1] INFO  c.e.s.Scheduler.SignatureScheduler - === Début traitement automatique reception ===
2026-04-27 10:13:00.893 [scheduling-1] INFO  c.e.s.Scheduler.SignatureScheduler - === Fin traitement reception ===
2026-04-27 10:14:00.001 [scheduling-1] INFO  c.e.s.Scheduler.SignatureScheduler - === Début traitement automatique reception ===
2026-04-27 10:14:00.171 [scheduling-1] INFO  c.e.s.Scheduler.SignatureScheduler - === Fin traitement reception ===
2026-04-27 10:14:00.171 [scheduling-1] INFO  c.e.s.Scheduler.SignatureScheduler - Début traitement automatique des signatures...
2026-04-27 10:14:00.622 [scheduling-1] INFO  c.e.s.Scheduler.SignatureScheduler - Fin traitement signatures
2026-04-27 10:15:00.006 [scheduling-1] INFO  c.e.s.Scheduler.SignatureScheduler - === Début traitement automatique reception ===
2026-04-27 10:15:00.153 [scheduling-1] INFO  c.e.s.Scheduler.SignatureScheduler - === Fin traitement reception ===
2026-04-27 10:15:00.153 [scheduling-1] INFO  c.e.s.Scheduler.SignatureScheduler - Début traitement automatique des signatures...
2026-04-27 10:15:00.647 [scheduling-1] INFO  c.e.s.Scheduler.SignatureScheduler - Fin traitement signatures
2026-04-27 10:16:00.014 [scheduling-1] INFO  c.e.s.Scheduler.SignatureScheduler - === Début traitement automatique reception ===
2026-04-27 10:16:00.189 [scheduling-1] INFO  c.e.s.Scheduler.SignatureScheduler - === Fin traitement reception ===
2026-04-27 10:16:00.190 [scheduling-1] INFO  c.e.s.Scheduler.SignatureScheduler - Début traitement automatique des signatures...
2026-04-27 10:16:00.653 [scheduling-1] INFO  c.e.s.Scheduler.SignatureScheduler - Fin traitement signatures
2026-04-27 10:17:00.008 [scheduling-1] INFO  c.e.s.Scheduler.SignatureScheduler - === Début traitement automatique reception ===
2026-04-27 10:17:00.187 [scheduling-1] INFO  c.e.s.Scheduler.SignatureScheduler - === Fin traitement reception ===
2026-04-27 10:17:00.187 [scheduling-1] INFO  c.e.s.Scheduler.SignatureScheduler - Début traitement automatique des signatures...
2026-04-27 10:17:00.675 [scheduling-1] INFO  c.e.s.Scheduler.SignatureScheduler - Fin traitement signatures
2026-04-27 10:18:00.008 [scheduling-1] INFO  c.e.s.Scheduler.SignatureScheduler - === Début traitement automatique reception ===
2026-04-27 10:18:00.301 [scheduling-1] INFO  c.e.s.Scheduler.SignatureScheduler - === Fin traitement reception ===
2026-04-27 10:18:00.308 [scheduling-1] INFO  c.e.s.Scheduler.SignatureScheduler - Début traitement automatique des signatures...
2026-04-27 10:18:01.413 [scheduling-1] INFO  c.e.s.Scheduler.SignatureScheduler - Fin traitement signatures
2026-04-27 10:19:00.015 [scheduling-1] INFO  c.e.s.Scheduler.SignatureScheduler - === Début traitement automatique reception ===
2026-04-27 10:19:00.269 [scheduling-1] INFO  c.e.s.Scheduler.SignatureScheduler - === Fin traitement reception ===
2026-04-27 10:19:00.278 [scheduling-1] INFO  c.e.s.Scheduler.SignatureScheduler - Début traitement automatique des signatures...
2026-04-27 10:19:00.739 [scheduling-1] INFO  c.e.s.Scheduler.SignatureScheduler - Fin traitement signatures
2026-04-27 10:20:00.011 [scheduling-1] INFO  c.e.s.Scheduler.SignatureScheduler - Début traitement automatique des signatures...
2026-04-27 10:20:00.635 [scheduling-1] INFO  c.e.s.Scheduler.SignatureScheduler - Fin traitement signatures
2026-04-27 10:20:00.636 [scheduling-1] INFO  c.e.s.Scheduler.SignatureScheduler - === Début traitement automatique reception ===
2026-04-27 10:20:00.708 [scheduling-1] INFO  c.e.s.Scheduler.SignatureScheduler - === Fin traitement reception ===
2026-04-27 10:21:00.008 [scheduling-1] INFO  c.e.s.Scheduler.SignatureScheduler - Début traitement automatique des signatures...
2026-04-27 10:21:00.665 [scheduling-1] INFO  c.e.s.Scheduler.SignatureScheduler - Fin traitement signatures
2026-04-27 10:21:00.666 [scheduling-1] INFO  c.e.s.Scheduler.SignatureScheduler - === Début traitement automatique reception ===
2026-04-27 10:21:00.774 [scheduling-1] INFO  c.e.s.Scheduler.SignatureScheduler - === Fin traitement reception ===
2026-04-27 10:22:00.012 [scheduling-1] INFO  c.e.s.Scheduler.SignatureScheduler - Début traitement automatique des signatures...
2026-04-27 10:22:00.576 [scheduling-1] INFO  c.e.s.Scheduler.SignatureScheduler - Fin traitement signatures
2026-04-27 10:22:00.577 [scheduling-1] INFO  c.e.s.Scheduler.SignatureScheduler - === Début traitement automatique reception ===
2026-04-27 10:22:00.656 [scheduling-1] INFO  c.e.s.Scheduler.SignatureScheduler - === Fin traitement reception ===
2026-04-27 10:23:00.010 [scheduling-1] INFO  c.e.s.Scheduler.SignatureScheduler - === Début traitement automatique reception ===
2026-04-27 10:23:00.162 [scheduling-1] INFO  c.e.s.Scheduler.SignatureScheduler - === Fin traitement reception ===
2026-04-27 10:23:00.164 [scheduling-1] INFO  c.e.s.Scheduler.SignatureScheduler - Début traitement automatique des signatures...
2026-04-27 10:23:00.669 [scheduling-1] INFO  c.e.s.Scheduler.SignatureScheduler - Fin traitement signatures
2026-04-27 10:24:00.012 [scheduling-1] INFO  c.e.s.Scheduler.SignatureScheduler - Début traitement automatique des signatures...
2026-04-27 10:24:00.595 [scheduling-1] INFO  c.e.s.Scheduler.SignatureScheduler - Fin traitement signatures
2026-04-27 10:24:00.595 [scheduling-1] INFO  c.e.s.Scheduler.SignatureScheduler - === Début traitement automatique reception ===
2026-04-27 10:24:00.665 [scheduling-1] INFO  c.e.s.Scheduler.SignatureScheduler - === Fin traitement reception ===
2026-04-27 10:24:36.422 [SpringApplicationShutdownHook] INFO  o.s.o.j.LocalContainerEntityManagerFactoryBean - Closing JPA EntityManagerFactory for persistence unit 'default'
2026-04-27 10:24:36.426 [SpringApplicationShutdownHook] INFO  com.zaxxer.hikari.HikariDataSource - HikariPool-1 - Shutdown initiated...
2026-04-27 10:24:37.051 [SpringApplicationShutdownHook] INFO  com.zaxxer.hikari.HikariDataSource - HikariPool-1 - Shutdown completed.
2026-04-27 13:13:09.032 [background-preinit] INFO  o.h.validator.internal.util.Version - HV000001: Hibernate Validator 8.0.1.Final
2026-04-27 13:13:09.077 [main] INFO  c.e.signature.SignatureApplication - Starting SignatureApplication using Java 17.0.16 with PID 22260 (C:\Users\LENOVO\Desktop\MES projets\Projet Signature\xml-signature-springboot-complete\target\classes started by LENOVO in C:\Users\LENOVO\Desktop\MES projets\Projet Signature\xml-signature-springboot-complete)
2026-04-27 13:13:09.077 [main] INFO  c.e.signature.SignatureApplication - No active profile set, falling back to 1 default profile: "default"
2026-04-27 13:13:09.803 [main] INFO  o.s.d.r.c.RepositoryConfigurationDelegate - Bootstrapping Spring Data JPA repositories in DEFAULT mode.
2026-04-27 13:13:09.853 [main] INFO  o.s.d.r.c.RepositoryConfigurationDelegate - Finished Spring Data repository scanning in 49 ms. Found 3 JPA repository interfaces.
2026-04-27 13:13:10.543 [main] INFO  o.s.b.w.e.tomcat.TomcatWebServer - Tomcat initialized with port 8075 (http)
2026-04-27 13:13:10.555 [main] INFO  o.a.coyote.http11.Http11NioProtocol - Initializing ProtocolHandler ["http-nio-0.0.0.0-8075"]
2026-04-27 13:13:10.556 [main] INFO  o.a.catalina.core.StandardService - Starting service [Tomcat]
2026-04-27 13:13:10.556 [main] INFO  o.a.catalina.core.StandardEngine - Starting Servlet engine: [Apache Tomcat/10.1.20]
2026-04-27 13:13:10.653 [main] INFO  o.a.c.c.C.[Tomcat].[localhost].[/] - Initializing Spring embedded WebApplicationContext
2026-04-27 13:13:10.653 [main] INFO  o.s.b.w.s.c.ServletWebServerApplicationContext - Root WebApplicationContext: initialization completed in 1519 ms
2026-04-27 13:13:10.939 [main] INFO  o.h.jpa.internal.util.LogHelper - HHH000204: Processing PersistenceUnitInfo [name: default]
2026-04-27 13:13:11.001 [main] INFO  org.hibernate.Version - HHH000412: Hibernate ORM core version 6.4.4.Final
2026-04-27 13:13:11.017 [main] INFO  o.h.c.i.RegionFactoryInitiator - HHH000026: Second-level cache disabled
2026-04-27 13:13:11.806 [main] INFO  o.s.o.j.p.SpringPersistenceUnitInfo - No LoadTimeWeaver setup: ignoring JPA class transformer
2026-04-27 13:13:11.834 [main] INFO  com.zaxxer.hikari.HikariDataSource - HikariPool-1 - Starting...
2026-04-27 13:13:12.759 [main] INFO  com.zaxxer.hikari.pool.HikariPool - HikariPool-1 - Added connection oracle.jdbc.driver.T4CConnection@2b6fcca1
2026-04-27 13:13:12.759 [main] INFO  com.zaxxer.hikari.HikariDataSource - HikariPool-1 - Start completed.
2026-04-27 13:13:14.051 [main] INFO  o.h.e.t.j.p.i.JtaPlatformInitiator - HHH000489: No JTA platform available (set 'hibernate.transaction.jta.platform' to enable JTA platform integration)
2026-04-27 13:13:14.053 [main] INFO  o.s.o.j.LocalContainerEntityManagerFactoryBean - Initialized JPA EntityManagerFactory for persistence unit 'default'
2026-04-27 13:13:14.373 [main] INFO  o.s.d.j.r.query.QueryEnhancerFactory - Hibernate is in classpath; If applicable, HQL parser will be used.
2026-04-27 13:13:15.552 [main] INFO  o.a.coyote.http11.Http11NioProtocol - Starting ProtocolHandler ["http-nio-0.0.0.0-8075"]
2026-04-27 13:13:15.582 [main] INFO  o.s.b.w.e.tomcat.TomcatWebServer - Tomcat started on port 8075 (http) with context path ''
2026-04-27 13:13:15.617 [main] INFO  c.e.signature.SignatureApplication - Started SignatureApplication in 6.972 seconds (process running for 7.276)
2026-04-27 13:14:00.016 [scheduling-1] INFO  c.e.s.Scheduler.SignatureScheduler - === Début traitement automatique reception ===
2026-04-27 13:14:00.290 [scheduling-1] INFO  c.e.s.Scheduler.SignatureScheduler - === Fin traitement reception ===
2026-04-27 13:14:00.292 [scheduling-1] INFO  c.e.s.Scheduler.SignatureScheduler - Début traitement automatique des signatures...
2026-04-27 13:14:00.796 [scheduling-1] INFO  c.e.s.Scheduler.SignatureScheduler - Fin traitement signatures
2026-04-27 13:15:00.003 [scheduling-1] INFO  c.e.s.Scheduler.SignatureScheduler - === Début traitement automatique reception ===
2026-04-27 13:15:00.125 [scheduling-1] INFO  c.e.s.Scheduler.SignatureScheduler - === Fin traitement reception ===
2026-04-27 13:15:00.125 [scheduling-1] INFO  c.e.s.Scheduler.SignatureScheduler - Début traitement automatique des signatures...
2026-04-27 13:15:00.571 [scheduling-1] INFO  c.e.s.Scheduler.SignatureScheduler - Fin traitement signatures
2026-04-27 13:15:35.761 [SpringApplicationShutdownHook] INFO  o.s.o.j.LocalContainerEntityManagerFactoryBean - Closing JPA EntityManagerFactory for persistence unit 'default'
2026-04-27 13:15:35.763 [SpringApplicationShutdownHook] INFO  com.zaxxer.hikari.HikariDataSource - HikariPool-1 - Shutdown initiated...
2026-04-27 13:15:36.349 [SpringApplicationShutdownHook] INFO  com.zaxxer.hikari.HikariDataSource - HikariPool-1 - Shutdown completed.
2026-04-27 13:15:40.341 [background-preinit] INFO  o.h.validator.internal.util.Version - HV000001: Hibernate Validator 8.0.1.Final
2026-04-27 13:15:40.407 [main] INFO  c.e.signature.SignatureApplication - Starting SignatureApplication using Java 17.0.16 with PID 21628 (C:\Users\LENOVO\Desktop\MES projets\Projet Signature\xml-signature-springboot-complete\target\classes started by LENOVO in C:\Users\LENOVO\Desktop\MES projets\Projet Signature\xml-signature-springboot-complete)
2026-04-27 13:15:40.408 [main] INFO  c.e.signature.SignatureApplication - No active profile set, falling back to 1 default profile: "default"
2026-04-27 13:15:41.436 [main] INFO  o.s.d.r.c.RepositoryConfigurationDelegate - Bootstrapping Spring Data JPA repositories in DEFAULT mode.
2026-04-27 13:15:41.508 [main] INFO  o.s.d.r.c.RepositoryConfigurationDelegate - Finished Spring Data repository scanning in 56 ms. Found 3 JPA repository interfaces.
2026-04-27 13:15:42.418 [main] INFO  o.s.b.w.e.tomcat.TomcatWebServer - Tomcat initialized with port 8075 (http)
2026-04-27 13:15:42.432 [main] INFO  o.a.coyote.http11.Http11NioProtocol - Initializing ProtocolHandler ["http-nio-0.0.0.0-8075"]
2026-04-27 13:15:42.436 [main] INFO  o.a.catalina.core.StandardService - Starting service [Tomcat]
2026-04-27 13:15:42.436 [main] INFO  o.a.catalina.core.StandardEngine - Starting Servlet engine: [Apache Tomcat/10.1.20]
2026-04-27 13:15:42.671 [main] INFO  o.a.c.c.C.[Tomcat].[localhost].[/] - Initializing Spring embedded WebApplicationContext
2026-04-27 13:15:42.674 [main] INFO  o.s.b.w.s.c.ServletWebServerApplicationContext - Root WebApplicationContext: initialization completed in 2196 ms
2026-04-27 13:15:43.171 [main] INFO  o.h.jpa.internal.util.LogHelper - HHH000204: Processing PersistenceUnitInfo [name: default]
2026-04-27 13:15:43.304 [main] INFO  org.hibernate.Version - HHH000412: Hibernate ORM core version 6.4.4.Final
2026-04-27 13:15:43.357 [main] INFO  o.h.c.i.RegionFactoryInitiator - HHH000026: Second-level cache disabled
2026-04-27 13:15:44.619 [main] INFO  o.s.o.j.p.SpringPersistenceUnitInfo - No LoadTimeWeaver setup: ignoring JPA class transformer
2026-04-27 13:15:44.668 [main] INFO  com.zaxxer.hikari.HikariDataSource - HikariPool-1 - Starting...
2026-04-27 13:15:45.610 [main] INFO  com.zaxxer.hikari.pool.HikariPool - HikariPool-1 - Added connection oracle.jdbc.driver.T4CConnection@4392362c
2026-04-27 13:15:45.613 [main] INFO  com.zaxxer.hikari.HikariDataSource - HikariPool-1 - Start completed.
2026-04-27 13:15:47.421 [main] INFO  o.h.e.t.j.p.i.JtaPlatformInitiator - HHH000489: No JTA platform available (set 'hibernate.transaction.jta.platform' to enable JTA platform integration)
2026-04-27 13:15:47.424 [main] INFO  o.s.o.j.LocalContainerEntityManagerFactoryBean - Initialized JPA EntityManagerFactory for persistence unit 'default'
2026-04-27 13:15:47.934 [main] INFO  o.s.d.j.r.query.QueryEnhancerFactory - Hibernate is in classpath; If applicable, HQL parser will be used.
2026-04-27 13:15:49.923 [main] INFO  o.a.coyote.http11.Http11NioProtocol - Starting ProtocolHandler ["http-nio-0.0.0.0-8075"]
2026-04-27 13:15:49.940 [main] INFO  o.s.b.w.e.tomcat.TomcatWebServer - Tomcat started on port 8075 (http) with context path ''
2026-04-27 13:15:49.963 [main] INFO  c.e.signature.SignatureApplication - Started SignatureApplication in 10.138 seconds (process running for 10.508)
2026-04-27 13:16:00.021 [scheduling-1] INFO  c.e.s.Scheduler.SignatureScheduler - Début traitement automatique des signatures...
2026-04-27 13:16:00.670 [scheduling-1] INFO  c.e.s.Scheduler.SignatureScheduler - Fin traitement signatures
2026-04-27 13:16:00.671 [scheduling-1] INFO  c.e.s.Scheduler.SignatureScheduler - === Début traitement automatique reception ===
2026-04-27 13:16:00.760 [scheduling-1] INFO  c.e.s.Scheduler.SignatureScheduler - === Fin traitement reception ===
2026-04-27 13:17:00.004 [scheduling-1] INFO  c.e.s.Scheduler.SignatureScheduler - === Début traitement automatique reception ===
2026-04-27 13:17:00.120 [scheduling-1] INFO  c.e.s.Scheduler.SignatureScheduler - === Fin traitement reception ===
2026-04-27 13:17:00.121 [scheduling-1] INFO  c.e.s.Scheduler.SignatureScheduler - Début traitement automatique des signatures...
2026-04-27 13:17:00.653 [scheduling-1] INFO  c.e.s.Scheduler.SignatureScheduler - Fin traitement signatures
2026-04-27 13:18:00.014 [scheduling-1] INFO  c.e.s.Scheduler.SignatureScheduler - Début traitement automatique des signatures...
2026-04-27 13:18:00.513 [scheduling-1] INFO  c.e.s.Scheduler.SignatureScheduler - Fin traitement signatures
2026-04-27 13:18:00.513 [scheduling-1] INFO  c.e.s.Scheduler.SignatureScheduler - === Début traitement automatique reception ===
2026-04-27 13:18:00.577 [scheduling-1] INFO  c.e.s.Scheduler.SignatureScheduler - === Fin traitement reception ===
2026-04-27 13:19:00.019 [scheduling-1] INFO  c.e.s.Scheduler.SignatureScheduler - Début traitement automatique des signatures...
2026-04-27 13:19:00.510 [scheduling-1] INFO  c.e.s.Scheduler.SignatureScheduler - Fin traitement signatures
2026-04-27 13:19:00.510 [scheduling-1] INFO  c.e.s.Scheduler.SignatureScheduler - === Début traitement automatique reception ===
2026-04-27 13:19:00.567 [scheduling-1] INFO  c.e.s.Scheduler.SignatureScheduler - === Fin traitement reception ===
2026-04-27 13:20:00.004 [scheduling-1] INFO  c.e.s.Scheduler.SignatureScheduler - Début traitement automatique des signatures...
2026-04-27 13:20:00.566 [scheduling-1] INFO  c.e.s.Scheduler.SignatureScheduler - Fin traitement signatures
2026-04-27 13:20:00.568 [scheduling-1] INFO  c.e.s.Scheduler.SignatureScheduler - === Début traitement automatique reception ===
2026-04-27 13:20:00.629 [scheduling-1] INFO  c.e.s.Scheduler.SignatureScheduler - === Fin traitement reception ===
2026-04-27 13:21:00.012 [scheduling-1] INFO  c.e.s.Scheduler.SignatureScheduler - Début traitement automatique des signatures...
2026-04-27 13:21:00.543 [scheduling-1] INFO  c.e.s.Scheduler.SignatureScheduler - Fin traitement signatures
2026-04-27 13:21:00.543 [scheduling-1] INFO  c.e.s.Scheduler.SignatureScheduler - === Début traitement automatique reception ===
2026-04-27 13:21:00.608 [scheduling-1] INFO  c.e.s.Scheduler.SignatureScheduler - === Fin traitement reception ===
2026-04-27 13:22:00.011 [scheduling-1] INFO  c.e.s.Scheduler.SignatureScheduler - === Début traitement automatique reception ===
2026-04-27 13:22:00.170 [scheduling-1] INFO  c.e.s.Scheduler.SignatureScheduler - === Fin traitement reception ===
2026-04-27 13:22:00.170 [scheduling-1] INFO  c.e.s.Scheduler.SignatureScheduler - Début traitement automatique des signatures...
2026-04-27 13:22:00.702 [scheduling-1] INFO  c.e.s.Scheduler.SignatureScheduler - Fin traitement signatures
2026-04-27 13:23:00.015 [scheduling-1] INFO  c.e.s.Scheduler.SignatureScheduler - Début traitement automatique des signatures...
2026-04-27 13:23:00.616 [scheduling-1] INFO  c.e.s.Scheduler.SignatureScheduler - Fin traitement signatures
2026-04-27 13:23:00.616 [scheduling-1] INFO  c.e.s.Scheduler.SignatureScheduler - === Début traitement automatique reception ===
2026-04-27 13:23:00.667 [scheduling-1] INFO  c.e.s.Scheduler.SignatureScheduler - === Fin traitement reception ===
2026-04-27 13:24:00.006 [scheduling-1] INFO  c.e.s.Scheduler.SignatureScheduler - === Début traitement automatique reception ===
2026-04-27 13:24:00.141 [scheduling-1] INFO  c.e.s.Scheduler.SignatureScheduler - === Fin traitement reception ===
2026-04-27 13:24:00.141 [scheduling-1] INFO  c.e.s.Scheduler.SignatureScheduler - Début traitement automatique des signatures...
2026-04-27 13:24:00.624 [scheduling-1] INFO  c.e.s.Scheduler.SignatureScheduler - Fin traitement signatures
2026-04-27 13:25:00.005 [scheduling-1] INFO  c.e.s.Scheduler.SignatureScheduler - === Début traitement automatique reception ===
2026-04-27 13:25:00.140 [scheduling-1] INFO  c.e.s.Scheduler.SignatureScheduler - === Fin traitement reception ===
2026-04-27 13:25:00.140 [scheduling-1] INFO  c.e.s.Scheduler.SignatureScheduler - Début traitement automatique des signatures...
2026-04-27 13:25:00.547 [scheduling-1] INFO  c.e.s.Scheduler.SignatureScheduler - Fin traitement signatures
2026-04-27 13:26:00.001 [scheduling-1] INFO  c.e.s.Scheduler.SignatureScheduler - Début traitement automatique des signatures...
2026-04-27 13:26:00.597 [scheduling-1] INFO  c.e.s.Scheduler.SignatureScheduler - Fin traitement signatures
2026-04-27 13:26:00.597 [scheduling-1] INFO  c.e.s.Scheduler.SignatureScheduler - === Début traitement automatique reception ===
2026-04-27 13:26:00.686 [scheduling-1] INFO  c.e.s.Scheduler.SignatureScheduler - === Fin traitement reception ===
2026-04-27 13:27:00.010 [scheduling-1] INFO  c.e.s.Scheduler.SignatureScheduler - === Début traitement automatique reception ===
2026-04-27 13:27:00.138 [scheduling-1] INFO  c.e.s.Scheduler.SignatureScheduler - === Fin traitement reception ===
2026-04-27 13:27:00.138 [scheduling-1] INFO  c.e.s.Scheduler.SignatureScheduler - Début traitement automatique des signatures...
2026-04-27 13:27:00.563 [scheduling-1] INFO  c.e.s.Scheduler.SignatureScheduler - Fin traitement signatures
2026-04-27 13:28:00.003 [scheduling-1] INFO  c.e.s.Scheduler.SignatureScheduler - === Début traitement automatique reception ===
2026-04-27 13:28:00.145 [scheduling-1] INFO  c.e.s.Scheduler.SignatureScheduler - === Fin traitement reception ===
2026-04-27 13:28:00.146 [scheduling-1] INFO  c.e.s.Scheduler.SignatureScheduler - Début traitement automatique des signatures...
2026-04-27 13:28:00.578 [scheduling-1] INFO  c.e.s.Scheduler.SignatureScheduler - Fin traitement signatures
2026-04-27 13:29:00.010 [scheduling-1] INFO  c.e.s.Scheduler.SignatureScheduler - === Début traitement automatique reception ===
2026-04-27 13:29:00.137 [scheduling-1] INFO  c.e.s.Scheduler.SignatureScheduler - === Fin traitement reception ===
2026-04-27 13:29:00.138 [scheduling-1] INFO  c.e.s.Scheduler.SignatureScheduler - Début traitement automatique des signatures...
2026-04-27 13:29:00.548 [scheduling-1] INFO  c.e.s.Scheduler.SignatureScheduler - Fin traitement signatures
2026-04-27 13:30:00.007 [scheduling-1] INFO  c.e.s.Scheduler.SignatureScheduler - === Début traitement automatique reception ===
2026-04-27 13:30:00.123 [scheduling-1] INFO  c.e.s.Scheduler.SignatureScheduler - === Fin traitement reception ===
2026-04-27 13:30:00.124 [scheduling-1] INFO  c.e.s.Scheduler.SignatureScheduler - Début traitement automatique des signatures...
2026-04-27 13:30:00.548 [scheduling-1] INFO  c.e.s.Scheduler.SignatureScheduler - Fin traitement signatures
2026-04-27 13:31:00.003 [scheduling-1] INFO  c.e.s.Scheduler.SignatureScheduler - === Début traitement automatique reception ===
2026-04-27 13:31:00.115 [scheduling-1] INFO  c.e.s.Scheduler.SignatureScheduler - === Fin traitement reception ===
2026-04-27 13:31:00.116 [scheduling-1] INFO  c.e.s.Scheduler.SignatureScheduler - Début traitement automatique des signatures...
2026-04-27 13:31:00.594 [scheduling-1] INFO  c.e.s.Scheduler.SignatureScheduler - Fin traitement signatures
2026-04-27 13:32:00.000 [scheduling-1] INFO  c.e.s.Scheduler.SignatureScheduler - Début traitement automatique des signatures...
2026-04-27 13:32:05.017 [scheduling-1] WARN  com.zaxxer.hikari.pool.PoolBase - HikariPool-1 - Failed to validate connection oracle.jdbc.driver.T4CConnection@4392362c (Erreur d'E/S: Invalid Operation, NOT Connected). Possibly consider using a shorter maxLifetime value.
2026-04-27 13:32:10.032 [scheduling-1] WARN  com.zaxxer.hikari.pool.PoolBase - HikariPool-1 - Failed to validate connection oracle.jdbc.driver.T4CConnection@16d476f4 (Erreur d'E/S: Invalid Operation, NOT Connected). Possibly consider using a shorter maxLifetime value.
2026-04-27 13:32:10.644 [scheduling-1] INFO  c.e.s.Scheduler.SignatureScheduler - Fin traitement signatures
2026-04-27 13:32:10.644 [scheduling-1] INFO  c.e.s.Scheduler.SignatureScheduler - === Début traitement automatique reception ===
2026-04-27 13:32:10.706 [scheduling-1] INFO  c.e.s.Scheduler.SignatureScheduler - === Fin traitement reception ===
2026-04-27 13:33:00.008 [scheduling-1] INFO  c.e.s.Scheduler.SignatureScheduler - Début traitement automatique des signatures...
2026-04-27 13:33:00.517 [scheduling-1] INFO  c.e.s.Scheduler.SignatureScheduler - Fin traitement signatures
2026-04-27 13:33:00.517 [scheduling-1] INFO  c.e.s.Scheduler.SignatureScheduler - === Début traitement automatique reception ===
2026-04-27 13:33:00.578 [scheduling-1] INFO  c.e.s.Scheduler.SignatureScheduler - === Fin traitement reception ===
2026-04-27 13:34:00.009 [scheduling-1] INFO  c.e.s.Scheduler.SignatureScheduler - Début traitement automatique des signatures...
2026-04-27 13:34:00.624 [scheduling-1] INFO  c.e.s.Scheduler.SignatureScheduler - Fin traitement signatures
2026-04-27 13:34:00.625 [scheduling-1] INFO  c.e.s.Scheduler.SignatureScheduler - === Début traitement automatique reception ===
2026-04-27 13:34:00.714 [scheduling-1] INFO  c.e.s.Scheduler.SignatureScheduler - === Fin traitement reception ===
2026-04-27 13:35:00.003 [scheduling-1] INFO  c.e.s.Scheduler.SignatureScheduler - Début traitement automatique des signatures...
2026-04-27 13:35:01.195 [scheduling-1] INFO  c.e.s.Scheduler.SignatureScheduler - Fin traitement signatures
2026-04-27 13:35:01.196 [scheduling-1] INFO  c.e.s.Scheduler.SignatureScheduler - === Début traitement automatique reception ===
2026-04-27 13:35:02.014 [scheduling-1] INFO  c.e.s.Scheduler.SignatureScheduler - === Fin traitement reception ===
2026-04-27 13:36:00.012 [scheduling-1] INFO  c.e.s.Scheduler.SignatureScheduler - === Début traitement automatique reception ===
2026-04-27 13:36:00.153 [scheduling-1] INFO  c.e.s.Scheduler.SignatureScheduler - === Fin traitement reception ===
2026-04-27 13:36:00.153 [scheduling-1] INFO  c.e.s.Scheduler.SignatureScheduler - Début traitement automatique des signatures...
2026-04-27 13:36:00.621 [scheduling-1] INFO  c.e.s.Scheduler.SignatureScheduler - Fin traitement signatures
2026-04-27 13:37:00.006 [scheduling-1] INFO  c.e.s.Scheduler.SignatureScheduler - Début traitement automatique des signatures...
2026-04-27 13:37:00.541 [scheduling-1] INFO  c.e.s.Scheduler.SignatureScheduler - Fin traitement signatures
2026-04-27 13:37:00.543 [scheduling-1] INFO  c.e.s.Scheduler.SignatureScheduler - === Début traitement automatique reception ===
2026-04-27 13:37:00.601 [scheduling-1] INFO  c.e.s.Scheduler.SignatureScheduler - === Fin traitement reception ===
2026-04-27 13:38:00.009 [scheduling-1] INFO  c.e.s.Scheduler.SignatureScheduler - === Début traitement automatique reception ===
2026-04-27 13:38:00.154 [scheduling-1] INFO  c.e.s.Scheduler.SignatureScheduler - === Fin traitement reception ===
2026-04-27 13:38:00.156 [scheduling-1] INFO  c.e.s.Scheduler.SignatureScheduler - Début traitement automatique des signatures...
2026-04-27 13:38:00.652 [scheduling-1] INFO  c.e.s.Scheduler.SignatureScheduler - Fin traitement signatures
2026-04-27 13:39:00.009 [scheduling-1] INFO  c.e.s.Scheduler.SignatureScheduler - === Début traitement automatique reception ===
2026-04-27 13:39:00.144 [scheduling-1] INFO  c.e.s.Scheduler.SignatureScheduler - === Fin traitement reception ===
2026-04-27 13:39:00.145 [scheduling-1] INFO  c.e.s.Scheduler.SignatureScheduler - Début traitement automatique des signatures...
2026-04-27 13:39:00.576 [scheduling-1] INFO  c.e.s.Scheduler.SignatureScheduler - Fin traitement signatures
2026-04-27 13:40:00.001 [scheduling-1] INFO  c.e.s.Scheduler.SignatureScheduler - === Début traitement automatique reception ===
2026-04-27 13:40:00.121 [scheduling-1] INFO  c.e.s.Scheduler.SignatureScheduler - === Fin traitement reception ===
2026-04-27 13:40:00.122 [scheduling-1] INFO  c.e.s.Scheduler.SignatureScheduler - Début traitement automatique des signatures...
2026-04-27 13:40:00.551 [scheduling-1] INFO  c.e.s.Scheduler.SignatureScheduler - Fin traitement signatures
2026-04-27 13:41:00.000 [scheduling-1] INFO  c.e.s.Scheduler.SignatureScheduler - === Début traitement automatique reception ===
2026-04-27 13:41:00.165 [scheduling-1] INFO  c.e.s.Scheduler.SignatureScheduler - === Fin traitement reception ===
2026-04-27 13:41:00.166 [scheduling-1] INFO  c.e.s.Scheduler.SignatureScheduler - Début traitement automatique des signatures...
2026-04-27 13:41:00.621 [scheduling-1] INFO  c.e.s.Scheduler.SignatureScheduler - Fin traitement signatures
2026-04-27 13:42:00.000 [scheduling-1] INFO  c.e.s.Scheduler.SignatureScheduler - === Début traitement automatique reception ===
2026-04-27 13:42:00.121 [scheduling-1] INFO  c.e.s.Scheduler.SignatureScheduler - === Fin traitement reception ===
2026-04-27 13:42:00.121 [scheduling-1] INFO  c.e.s.Scheduler.SignatureScheduler - Début traitement automatique des signatures...
2026-04-27 13:42:00.558 [scheduling-1] INFO  c.e.s.Scheduler.SignatureScheduler - Fin traitement signatures
2026-04-27 13:43:00.013 [scheduling-1] INFO  c.e.s.Scheduler.SignatureScheduler - === Début traitement automatique reception ===
2026-04-27 13:43:00.162 [scheduling-1] INFO  c.e.s.Scheduler.SignatureScheduler - === Fin traitement reception ===
2026-04-27 13:43:00.162 [scheduling-1] INFO  c.e.s.Scheduler.SignatureScheduler - Début traitement automatique des signatures...
2026-04-27 13:43:00.661 [scheduling-1] INFO  c.e.s.Scheduler.SignatureScheduler - Fin traitement signatures
2026-04-27 13:44:00.006 [scheduling-1] INFO  c.e.s.Scheduler.SignatureScheduler - Début traitement automatique des signatures...
2026-04-27 13:44:00.523 [scheduling-1] INFO  c.e.s.Scheduler.SignatureScheduler - Fin traitement signatures
2026-04-27 13:44:00.524 [scheduling-1] INFO  c.e.s.Scheduler.SignatureScheduler - === Début traitement automatique reception ===
2026-04-27 13:44:00.581 [scheduling-1] INFO  c.e.s.Scheduler.SignatureScheduler - === Fin traitement reception ===
2026-04-27 13:45:00.010 [scheduling-1] INFO  c.e.s.Scheduler.SignatureScheduler - Début traitement automatique des signatures...
2026-04-27 13:45:00.505 [scheduling-1] INFO  c.e.s.Scheduler.SignatureScheduler - Fin traitement signatures
2026-04-27 13:45:00.505 [scheduling-1] INFO  c.e.s.Scheduler.SignatureScheduler - === Début traitement automatique reception ===
2026-04-27 13:45:00.562 [scheduling-1] INFO  c.e.s.Scheduler.SignatureScheduler - === Fin traitement reception ===
2026-04-27 13:46:00.003 [scheduling-1] INFO  c.e.s.Scheduler.SignatureScheduler - === Début traitement automatique reception ===
2026-04-27 13:46:00.125 [scheduling-1] INFO  c.e.s.Scheduler.SignatureScheduler - === Fin traitement reception ===
2026-04-27 13:46:00.125 [scheduling-1] INFO  c.e.s.Scheduler.SignatureScheduler - Début traitement automatique des signatures...
2026-04-27 13:46:00.558 [scheduling-1] INFO  c.e.s.Scheduler.SignatureScheduler - Fin traitement signatures
2026-04-27 13:47:00.004 [scheduling-1] INFO  c.e.s.Scheduler.SignatureScheduler - === Début traitement automatique reception ===
2026-04-27 13:47:00.140 [scheduling-1] INFO  c.e.s.Scheduler.SignatureScheduler - === Fin traitement reception ===
2026-04-27 13:47:00.141 [scheduling-1] INFO  c.e.s.Scheduler.SignatureScheduler - Début traitement automatique des signatures...
2026-04-27 13:47:00.569 [scheduling-1] INFO  c.e.s.Scheduler.SignatureScheduler - Fin traitement signatures
2026-04-27 13:48:00.000 [scheduling-1] INFO  c.e.s.Scheduler.SignatureScheduler - === Début traitement automatique reception ===
2026-04-27 13:48:00.126 [scheduling-1] INFO  c.e.s.Scheduler.SignatureScheduler - === Fin traitement reception ===
2026-04-27 13:48:00.127 [scheduling-1] INFO  c.e.s.Scheduler.SignatureScheduler - Début traitement automatique des signatures...
2026-04-27 13:48:00.567 [scheduling-1] INFO  c.e.s.Scheduler.SignatureScheduler - Fin traitement signatures
2026-04-27 13:49:00.000 [scheduling-1] INFO  c.e.s.Scheduler.SignatureScheduler - === Début traitement automatique reception ===
2026-04-27 13:49:00.137 [scheduling-1] INFO  c.e.s.Scheduler.SignatureScheduler - === Fin traitement reception ===
2026-04-27 13:49:00.138 [scheduling-1] INFO  c.e.s.Scheduler.SignatureScheduler - Début traitement automatique des signatures...
2026-04-27 13:49:00.562 [scheduling-1] INFO  c.e.s.Scheduler.SignatureScheduler - Fin traitement signatures
2026-04-27 13:50:00.009 [scheduling-1] INFO  c.e.s.Scheduler.SignatureScheduler - Début traitement automatique des signatures...
2026-04-27 13:50:00.509 [scheduling-1] INFO  c.e.s.Scheduler.SignatureScheduler - Fin traitement signatures
2026-04-27 13:50:00.509 [scheduling-1] INFO  c.e.s.Scheduler.SignatureScheduler - === Début traitement automatique reception ===
2026-04-27 13:50:00.570 [scheduling-1] INFO  c.e.s.Scheduler.SignatureScheduler - === Fin traitement reception ===
2026-04-27 13:51:00.014 [scheduling-1] INFO  c.e.s.Scheduler.SignatureScheduler - === Début traitement automatique reception ===
2026-04-27 13:51:00.137 [scheduling-1] INFO  c.e.s.Scheduler.SignatureScheduler - === Fin traitement reception ===
2026-04-27 13:51:00.137 [scheduling-1] INFO  c.e.s.Scheduler.SignatureScheduler - Début traitement automatique des signatures...
2026-04-27 13:51:00.577 [scheduling-1] INFO  c.e.s.Scheduler.SignatureScheduler - Fin traitement signatures
2026-04-27 13:52:00.001 [scheduling-1] INFO  c.e.s.Scheduler.SignatureScheduler - === Début traitement automatique reception ===
2026-04-27 13:52:00.134 [scheduling-1] INFO  c.e.s.Scheduler.SignatureScheduler - === Fin traitement reception ===
2026-04-27 13:52:00.134 [scheduling-1] INFO  c.e.s.Scheduler.SignatureScheduler - Début traitement automatique des signatures...
2026-04-27 13:52:00.566 [scheduling-1] INFO  c.e.s.Scheduler.SignatureScheduler - Fin traitement signatures
2026-04-27 13:53:00.001 [scheduling-1] INFO  c.e.s.Scheduler.SignatureScheduler - === Début traitement automatique reception ===
2026-04-27 13:53:00.131 [scheduling-1] INFO  c.e.s.Scheduler.SignatureScheduler - === Fin traitement reception ===
2026-04-27 13:53:00.132 [scheduling-1] INFO  c.e.s.Scheduler.SignatureScheduler - Début traitement automatique des signatures...
2026-04-27 13:53:00.556 [scheduling-1] INFO  c.e.s.Scheduler.SignatureScheduler - Fin traitement signatures
2026-04-27 13:54:00.000 [scheduling-1] INFO  c.e.s.Scheduler.SignatureScheduler - === Début traitement automatique reception ===
2026-04-27 13:54:00.129 [scheduling-1] INFO  c.e.s.Scheduler.SignatureScheduler - === Fin traitement reception ===
2026-04-27 13:54:00.129 [scheduling-1] INFO  c.e.s.Scheduler.SignatureScheduler - Début traitement automatique des signatures...
2026-04-27 13:54:00.563 [scheduling-1] INFO  c.e.s.Scheduler.SignatureScheduler - Fin traitement signatures
2026-04-27 13:55:00.001 [scheduling-1] INFO  c.e.s.Scheduler.SignatureScheduler - Début traitement automatique des signatures...
2026-04-27 13:55:00.518 [scheduling-1] INFO  c.e.s.Scheduler.SignatureScheduler - Fin traitement signatures
2026-04-27 13:55:00.518 [scheduling-1] INFO  c.e.s.Scheduler.SignatureScheduler - === Début traitement automatique reception ===
2026-04-27 13:55:00.587 [scheduling-1] INFO  c.e.s.Scheduler.SignatureScheduler - === Fin traitement reception ===
2026-04-27 13:56:00.002 [scheduling-1] INFO  c.e.s.Scheduler.SignatureScheduler - Début traitement automatique des signatures...
2026-04-27 13:56:00.489 [scheduling-1] INFO  c.e.s.Scheduler.SignatureScheduler - Fin traitement signatures
2026-04-27 13:56:00.490 [scheduling-1] INFO  c.e.s.Scheduler.SignatureScheduler - === Début traitement automatique reception ===
2026-04-27 13:56:00.547 [scheduling-1] INFO  c.e.s.Scheduler.SignatureScheduler - === Fin traitement reception ===
2026-04-27 13:57:00.004 [scheduling-1] INFO  c.e.s.Scheduler.SignatureScheduler - === Début traitement automatique reception ===
2026-04-27 13:57:00.973 [scheduling-1] INFO  c.e.s.Scheduler.SignatureScheduler - === Fin traitement reception ===
2026-04-27 13:57:00.974 [scheduling-1] INFO  c.e.s.Scheduler.SignatureScheduler - Début traitement automatique des signatures...
2026-04-27 13:57:04.970 [scheduling-1] INFO  c.e.s.Scheduler.SignatureScheduler - Fin traitement signatures
2026-04-27 13:58:00.010 [scheduling-1] INFO  c.e.s.Scheduler.SignatureScheduler - === Début traitement automatique reception ===
2026-04-27 13:58:00.121 [scheduling-1] INFO  c.e.s.Scheduler.SignatureScheduler - === Fin traitement reception ===
2026-04-27 13:58:00.121 [scheduling-1] INFO  c.e.s.Scheduler.SignatureScheduler - Début traitement automatique des signatures...
2026-04-27 13:58:00.567 [scheduling-1] INFO  c.e.s.Scheduler.SignatureScheduler - Fin traitement signatures
2026-04-27 13:59:00.013 [scheduling-1] INFO  c.e.s.Scheduler.SignatureScheduler - Début traitement automatique des signatures...
2026-04-27 13:59:00.496 [scheduling-1] INFO  c.e.s.Scheduler.SignatureScheduler - Fin traitement signatures
2026-04-27 13:59:00.496 [scheduling-1] INFO  c.e.s.Scheduler.SignatureScheduler - === Début traitement automatique reception ===
2026-04-27 13:59:00.560 [scheduling-1] INFO  c.e.s.Scheduler.SignatureScheduler - === Fin traitement reception ===
2026-04-27 14:00:00.011 [scheduling-1] INFO  c.e.s.Scheduler.SignatureScheduler - === Début traitement automatique reception ===
2026-04-27 14:00:00.123 [scheduling-1] INFO  c.e.s.Scheduler.SignatureScheduler - === Fin traitement reception ===
2026-04-27 14:00:00.123 [scheduling-1] INFO  c.e.s.Scheduler.SignatureScheduler - Début traitement automatique des signatures...
2026-04-27 14:00:00.572 [scheduling-1] INFO  c.e.s.Scheduler.SignatureScheduler - Fin traitement signatures
2026-04-27 14:01:00.016 [scheduling-1] INFO  c.e.s.Scheduler.SignatureScheduler - Début traitement automatique des signatures...
2026-04-27 14:01:00.508 [scheduling-1] INFO  c.e.s.Scheduler.SignatureScheduler - Fin traitement signatures
2026-04-27 14:01:00.508 [scheduling-1] INFO  c.e.s.Scheduler.SignatureScheduler - === Début traitement automatique reception ===
2026-04-27 14:01:00.560 [scheduling-1] INFO  c.e.s.Scheduler.SignatureScheduler - === Fin traitement reception ===
2026-04-27 14:02:00.015 [scheduling-1] INFO  c.e.s.Scheduler.SignatureScheduler - Début traitement automatique des signatures...
2026-04-27 14:02:00.514 [scheduling-1] INFO  c.e.s.Scheduler.SignatureScheduler - Fin traitement signatures
2026-04-27 14:02:00.514 [scheduling-1] INFO  c.e.s.Scheduler.SignatureScheduler - === Début traitement automatique reception ===
2026-04-27 14:02:00.562 [scheduling-1] INFO  c.e.s.Scheduler.SignatureScheduler - === Fin traitement reception ===
2026-04-27 14:03:00.010 [scheduling-1] INFO  c.e.s.Scheduler.SignatureScheduler - Début traitement automatique des signatures...
2026-04-27 14:03:00.512 [scheduling-1] INFO  c.e.s.Scheduler.SignatureScheduler - Fin traitement signatures
2026-04-27 14:03:00.512 [scheduling-1] INFO  c.e.s.Scheduler.SignatureScheduler - === Début traitement automatique reception ===
2026-04-27 14:03:00.583 [scheduling-1] INFO  c.e.s.Scheduler.SignatureScheduler - === Fin traitement reception ===
2026-04-27 14:04:00.012 [scheduling-1] INFO  c.e.s.Scheduler.SignatureScheduler - === Début traitement automatique reception ===
2026-04-27 14:04:00.140 [scheduling-1] INFO  c.e.s.Scheduler.SignatureScheduler - === Fin traitement reception ===
2026-04-27 14:04:00.140 [scheduling-1] INFO  c.e.s.Scheduler.SignatureScheduler - Début traitement automatique des signatures...
2026-04-27 14:04:00.575 [scheduling-1] INFO  c.e.s.Scheduler.SignatureScheduler - Fin traitement signatures
2026-04-27 14:05:00.005 [scheduling-1] INFO  c.e.s.Scheduler.SignatureScheduler - === Début traitement automatique reception ===
2026-04-27 14:05:00.119 [scheduling-1] INFO  c.e.s.Scheduler.SignatureScheduler - === Fin traitement reception ===
2026-04-27 14:05:00.119 [scheduling-1] INFO  c.e.s.Scheduler.SignatureScheduler - Début traitement automatique des signatures...
2026-04-27 14:05:00.554 [scheduling-1] INFO  c.e.s.Scheduler.SignatureScheduler - Fin traitement signatures
2026-04-27 14:06:00.010 [scheduling-1] INFO  c.e.s.Scheduler.SignatureScheduler - === Début traitement automatique reception ===
2026-04-27 14:06:00.123 [scheduling-1] INFO  c.e.s.Scheduler.SignatureScheduler - === Fin traitement reception ===
2026-04-27 14:06:00.123 [scheduling-1] INFO  c.e.s.Scheduler.SignatureScheduler - Début traitement automatique des signatures...
2026-04-27 14:06:00.573 [scheduling-1] INFO  c.e.s.Scheduler.SignatureScheduler - Fin traitement signatures
2026-04-27 14:07:00.008 [scheduling-1] INFO  c.e.s.Scheduler.SignatureScheduler - Début traitement automatique des signatures...
2026-04-27 14:07:00.521 [scheduling-1] INFO  c.e.s.Scheduler.SignatureScheduler - Fin traitement signatures
2026-04-27 14:07:00.521 [scheduling-1] INFO  c.e.s.Scheduler.SignatureScheduler - === Début traitement automatique reception ===
2026-04-27 14:07:00.585 [scheduling-1] INFO  c.e.s.Scheduler.SignatureScheduler - === Fin traitement reception ===
2026-04-27 14:08:00.007 [scheduling-1] INFO  c.e.s.Scheduler.SignatureScheduler - Début traitement automatique des signatures...
2026-04-27 14:08:00.521 [scheduling-1] INFO  c.e.s.Scheduler.SignatureScheduler - Fin traitement signatures
2026-04-27 14:08:00.521 [scheduling-1] INFO  c.e.s.Scheduler.SignatureScheduler - === Début traitement automatique reception ===
2026-04-27 14:08:00.585 [scheduling-1] INFO  c.e.s.Scheduler.SignatureScheduler - === Fin traitement reception ===
2026-04-27 14:09:00.010 [scheduling-1] INFO  c.e.s.Scheduler.SignatureScheduler - === Début traitement automatique reception ===
2026-04-27 14:09:00.122 [scheduling-1] INFO  c.e.s.Scheduler.SignatureScheduler - === Fin traitement reception ===
2026-04-27 14:09:00.122 [scheduling-1] INFO  c.e.s.Scheduler.SignatureScheduler - Début traitement automatique des signatures...
2026-04-27 14:09:00.560 [scheduling-1] INFO  c.e.s.Scheduler.SignatureScheduler - Fin traitement signatures
2026-04-27 14:10:00.010 [scheduling-1] INFO  c.e.s.Scheduler.SignatureScheduler - === Début traitement automatique reception ===
2026-04-27 14:10:00.127 [scheduling-1] INFO  c.e.s.Scheduler.SignatureScheduler - === Fin traitement reception ===
2026-04-27 14:10:00.127 [scheduling-1] INFO  c.e.s.Scheduler.SignatureScheduler - Début traitement automatique des signatures...
2026-04-27 14:10:00.576 [scheduling-1] INFO  c.e.s.Scheduler.SignatureScheduler - Fin traitement signatures
2026-04-27 14:11:00.015 [scheduling-1] INFO  c.e.s.Scheduler.SignatureScheduler - Début traitement automatique des signatures...
2026-04-27 14:11:00.532 [scheduling-1] INFO  c.e.s.Scheduler.SignatureScheduler - Fin traitement signatures
2026-04-27 14:11:00.532 [scheduling-1] INFO  c.e.s.Scheduler.SignatureScheduler - === Début traitement automatique reception ===
2026-04-27 14:11:00.590 [scheduling-1] INFO  c.e.s.Scheduler.SignatureScheduler - === Fin traitement reception ===
2026-04-27 14:12:00.011 [scheduling-1] INFO  c.e.s.Scheduler.SignatureScheduler - Début traitement automatique des signatures...
2026-04-27 14:12:00.510 [scheduling-1] INFO  c.e.s.Scheduler.SignatureScheduler - Fin traitement signatures
2026-04-27 14:12:00.510 [scheduling-1] INFO  c.e.s.Scheduler.SignatureScheduler - === Début traitement automatique reception ===
2026-04-27 14:12:00.574 [scheduling-1] INFO  c.e.s.Scheduler.SignatureScheduler - === Fin traitement reception ===
2026-04-27 14:13:00.011 [scheduling-1] INFO  c.e.s.Scheduler.SignatureScheduler - === Début traitement automatique reception ===
2026-04-27 14:13:00.140 [scheduling-1] INFO  c.e.s.Scheduler.SignatureScheduler - === Fin traitement reception ===
2026-04-27 14:13:00.140 [scheduling-1] INFO  c.e.s.Scheduler.SignatureScheduler - Début traitement automatique des signatures...
2026-04-27 14:13:00.560 [scheduling-1] INFO  c.e.s.Scheduler.SignatureScheduler - Fin traitement signatures
2026-04-27 14:14:00.017 [scheduling-1] INFO  c.e.s.Scheduler.SignatureScheduler - === Début traitement automatique reception ===
2026-04-27 14:14:00.146 [scheduling-1] INFO  c.e.s.Scheduler.SignatureScheduler - === Fin traitement reception ===
2026-04-27 14:14:00.146 [scheduling-1] INFO  c.e.s.Scheduler.SignatureScheduler - Début traitement automatique des signatures...
2026-04-27 14:14:00.635 [scheduling-1] INFO  c.e.s.Scheduler.SignatureScheduler - Fin traitement signatures
2026-04-27 14:15:00.011 [scheduling-1] INFO  c.e.s.Scheduler.SignatureScheduler - Début traitement automatique des signatures...
2026-04-27 14:15:00.517 [scheduling-1] INFO  c.e.s.Scheduler.SignatureScheduler - Fin traitement signatures
2026-04-27 14:15:00.517 [scheduling-1] INFO  c.e.s.Scheduler.SignatureScheduler - === Début traitement automatique reception ===
2026-04-27 14:15:00.572 [scheduling-1] INFO  c.e.s.Scheduler.SignatureScheduler - === Fin traitement reception ===
2026-04-27 14:16:00.014 [scheduling-1] INFO  c.e.s.Scheduler.SignatureScheduler - Début traitement automatique des signatures...
2026-04-27 14:16:00.610 [scheduling-1] INFO  c.e.s.Scheduler.SignatureScheduler - Fin traitement signatures
2026-04-27 14:16:00.610 [scheduling-1] INFO  c.e.s.Scheduler.SignatureScheduler - === Début traitement automatique reception ===
2026-04-27 14:16:00.681 [scheduling-1] INFO  c.e.s.Scheduler.SignatureScheduler - === Fin traitement reception ===
2026-04-27 14:17:00.003 [scheduling-1] INFO  c.e.s.Scheduler.SignatureScheduler - === Début traitement automatique reception ===
2026-04-27 14:17:00.132 [scheduling-1] INFO  c.e.s.Scheduler.SignatureScheduler - === Fin traitement reception ===
2026-04-27 14:17:00.132 [scheduling-1] INFO  c.e.s.Scheduler.SignatureScheduler - Début traitement automatique des signatures...
2026-04-27 14:17:00.632 [scheduling-1] INFO  c.e.s.Scheduler.SignatureScheduler - Fin traitement signatures
2026-04-27 14:18:00.024 [scheduling-1] INFO  c.e.s.Scheduler.SignatureScheduler - Début traitement automatique des signatures...
2026-04-27 14:18:00.523 [scheduling-1] INFO  c.e.s.Scheduler.SignatureScheduler - Fin traitement signatures
2026-04-27 14:18:00.523 [scheduling-1] INFO  c.e.s.Scheduler.SignatureScheduler - === Début traitement automatique reception ===
2026-04-27 14:18:00.584 [scheduling-1] INFO  c.e.s.Scheduler.SignatureScheduler - === Fin traitement reception ===
2026-04-27 14:19:00.021 [scheduling-1] INFO  c.e.s.Scheduler.SignatureScheduler - Début traitement automatique des signatures...
2026-04-27 14:19:00.499 [scheduling-1] INFO  c.e.s.Scheduler.SignatureScheduler - Fin traitement signatures
2026-04-27 14:19:00.499 [scheduling-1] INFO  c.e.s.Scheduler.SignatureScheduler - === Début traitement automatique reception ===
2026-04-27 14:19:00.562 [scheduling-1] INFO  c.e.s.Scheduler.SignatureScheduler - === Fin traitement reception ===
2026-04-27 14:20:00.024 [scheduling-1] INFO  c.e.s.Scheduler.SignatureScheduler - Début traitement automatique des signatures...
2026-04-27 14:20:00.537 [scheduling-1] INFO  c.e.s.Scheduler.SignatureScheduler - Fin traitement signatures
2026-04-27 14:20:00.537 [scheduling-1] INFO  c.e.s.Scheduler.SignatureScheduler - === Début traitement automatique reception ===
2026-04-27 14:20:00.616 [scheduling-1] INFO  c.e.s.Scheduler.SignatureScheduler - === Fin traitement reception ===
2026-04-27 14:21:00.004 [scheduling-1] INFO  c.e.s.Scheduler.SignatureScheduler - === Début traitement automatique reception ===
2026-04-27 14:21:00.135 [scheduling-1] INFO  c.e.s.Scheduler.SignatureScheduler - === Fin traitement reception ===
2026-04-27 14:21:00.135 [scheduling-1] INFO  c.e.s.Scheduler.SignatureScheduler - Début traitement automatique des signatures...
2026-04-27 14:21:00.586 [scheduling-1] INFO  c.e.s.Scheduler.SignatureScheduler - Fin traitement signatures
2026-04-27 14:22:00.011 [scheduling-1] INFO  c.e.s.Scheduler.SignatureScheduler - Début traitement automatique des signatures...
2026-04-27 14:22:00.529 [scheduling-1] INFO  c.e.s.Scheduler.SignatureScheduler - Fin traitement signatures
2026-04-27 14:22:00.529 [scheduling-1] INFO  c.e.s.Scheduler.SignatureScheduler - === Début traitement automatique reception ===
2026-04-27 14:22:00.607 [scheduling-1] INFO  c.e.s.Scheduler.SignatureScheduler - === Fin traitement reception ===
2026-04-27 14:23:00.015 [scheduling-1] INFO  c.e.s.Scheduler.SignatureScheduler - === Début traitement automatique reception ===
2026-04-27 14:23:00.142 [scheduling-1] INFO  c.e.s.Scheduler.SignatureScheduler - === Fin traitement reception ===
2026-04-27 14:23:00.142 [scheduling-1] INFO  c.e.s.Scheduler.SignatureScheduler - Début traitement automatique des signatures...
2026-04-27 14:23:00.594 [scheduling-1] INFO  c.e.s.Scheduler.SignatureScheduler - Fin traitement signatures
2026-04-27 14:24:00.016 [scheduling-1] INFO  c.e.s.Scheduler.SignatureScheduler - === Début traitement automatique reception ===
2026-04-27 14:24:00.144 [scheduling-1] INFO  c.e.s.Scheduler.SignatureScheduler - === Fin traitement reception ===
2026-04-27 14:24:00.148 [scheduling-1] INFO  c.e.s.Scheduler.SignatureScheduler - Début traitement automatique des signatures...
2026-04-27 14:24:00.766 [scheduling-1] INFO  c.e.s.Scheduler.SignatureScheduler - Fin traitement signatures
2026-04-27 14:25:00.019 [scheduling-1] INFO  c.e.s.Scheduler.SignatureScheduler - === Début traitement automatique reception ===
2026-04-27 14:25:00.132 [scheduling-1] INFO  c.e.s.Scheduler.SignatureScheduler - === Fin traitement reception ===
2026-04-27 14:25:00.132 [scheduling-1] INFO  c.e.s.Scheduler.SignatureScheduler - Début traitement automatique des signatures...
2026-04-27 14:25:00.576 [scheduling-1] INFO  c.e.s.Scheduler.SignatureScheduler - Fin traitement signatures
2026-04-27 14:26:00.006 [scheduling-1] INFO  c.e.s.Scheduler.SignatureScheduler - Début traitement automatique des signatures...
2026-04-27 14:26:00.521 [scheduling-1] INFO  c.e.s.Scheduler.SignatureScheduler - Fin traitement signatures
2026-04-27 14:26:00.536 [scheduling-1] INFO  c.e.s.Scheduler.SignatureScheduler - === Début traitement automatique reception ===
2026-04-27 14:26:00.586 [scheduling-1] INFO  c.e.s.Scheduler.SignatureScheduler - === Fin traitement reception ===
2026-04-27 14:27:00.025 [scheduling-1] INFO  c.e.s.Scheduler.SignatureScheduler - === Début traitement automatique reception ===
2026-04-27 14:27:00.154 [scheduling-1] INFO  c.e.s.Scheduler.SignatureScheduler - === Fin traitement reception ===
2026-04-27 14:27:00.170 [scheduling-1] INFO  c.e.s.Scheduler.SignatureScheduler - Début traitement automatique des signatures...
2026-04-27 14:27:00.606 [scheduling-1] INFO  c.e.s.Scheduler.SignatureScheduler - Fin traitement signatures
2026-04-27 14:28:00.013 [scheduling-1] INFO  c.e.s.Scheduler.SignatureScheduler - === Début traitement automatique reception ===
2026-04-27 14:28:00.127 [scheduling-1] INFO  c.e.s.Scheduler.SignatureScheduler - === Fin traitement reception ===
2026-04-27 14:28:00.140 [scheduling-1] INFO  c.e.s.Scheduler.SignatureScheduler - Début traitement automatique des signatures...
2026-04-27 14:28:00.591 [scheduling-1] INFO  c.e.s.Scheduler.SignatureScheduler - Fin traitement signatures
2026-04-27 14:29:00.002 [scheduling-1] INFO  c.e.s.Scheduler.SignatureScheduler - Début traitement automatique des signatures...
2026-04-27 14:29:00.529 [scheduling-1] INFO  c.e.s.Scheduler.SignatureScheduler - Fin traitement signatures
2026-04-27 14:29:00.529 [scheduling-1] INFO  c.e.s.Scheduler.SignatureScheduler - === Début traitement automatique reception ===
2026-04-27 14:29:00.577 [scheduling-1] INFO  c.e.s.Scheduler.SignatureScheduler - === Fin traitement reception ===
2026-04-27 14:30:00.016 [scheduling-1] INFO  c.e.s.Scheduler.SignatureScheduler - Début traitement automatique des signatures...
2026-04-27 14:30:00.518 [scheduling-1] INFO  c.e.s.Scheduler.SignatureScheduler - Fin traitement signatures
2026-04-27 14:30:00.518 [scheduling-1] INFO  c.e.s.Scheduler.SignatureScheduler - === Début traitement automatique reception ===
2026-04-27 14:30:00.579 [scheduling-1] INFO  c.e.s.Scheduler.SignatureScheduler - === Fin traitement reception ===
2026-04-27 14:31:00.018 [scheduling-1] INFO  c.e.s.Scheduler.SignatureScheduler - === Début traitement automatique reception ===
2026-04-27 14:31:00.113 [scheduling-1] INFO  c.e.s.Scheduler.SignatureScheduler - === Fin traitement reception ===
2026-04-27 14:31:00.129 [scheduling-1] INFO  c.e.s.Scheduler.SignatureScheduler - Début traitement automatique des signatures...
2026-04-27 14:31:00.545 [scheduling-1] INFO  c.e.s.Scheduler.SignatureScheduler - Fin traitement signatures
2026-04-27 14:32:00.002 [scheduling-1] INFO  c.e.s.Scheduler.SignatureScheduler - === Début traitement automatique reception ===
2026-04-27 14:32:00.125 [scheduling-1] INFO  c.e.s.Scheduler.SignatureScheduler - === Fin traitement reception ===
2026-04-27 14:32:00.125 [scheduling-1] INFO  c.e.s.Scheduler.SignatureScheduler - Début traitement automatique des signatures...
2026-04-27 14:32:00.547 [scheduling-1] INFO  c.e.s.Scheduler.SignatureScheduler - Fin traitement signatures
2026-04-27 14:33:00.002 [scheduling-1] INFO  c.e.s.Scheduler.SignatureScheduler - Début traitement automatique des signatures...
2026-04-27 14:33:00.537 [scheduling-1] INFO  c.e.s.Scheduler.SignatureScheduler - Fin traitement signatures
2026-04-27 14:33:00.537 [scheduling-1] INFO  c.e.s.Scheduler.SignatureScheduler - === Début traitement automatique reception ===
2026-04-27 14:33:00.606 [scheduling-1] INFO  c.e.s.Scheduler.SignatureScheduler - === Fin traitement reception ===
2026-04-27 14:34:00.013 [scheduling-1] INFO  c.e.s.Scheduler.SignatureScheduler - === Début traitement automatique reception ===
2026-04-27 14:34:00.141 [scheduling-1] INFO  c.e.s.Scheduler.SignatureScheduler - === Fin traitement reception ===
2026-04-27 14:34:00.141 [scheduling-1] INFO  c.e.s.Scheduler.SignatureScheduler - Début traitement automatique des signatures...
2026-04-27 14:34:00.569 [scheduling-1] INFO  c.e.s.Scheduler.SignatureScheduler - Fin traitement signatures
2026-04-27 14:35:00.011 [scheduling-1] INFO  c.e.s.Scheduler.SignatureScheduler - === Début traitement automatique reception ===
2026-04-27 14:35:00.144 [scheduling-1] INFO  c.e.s.Scheduler.SignatureScheduler - === Fin traitement reception ===
2026-04-27 14:35:00.144 [scheduling-1] INFO  c.e.s.Scheduler.SignatureScheduler - Début traitement automatique des signatures...
2026-04-27 14:35:00.558 [scheduling-1] INFO  c.e.s.Scheduler.SignatureScheduler - Fin traitement signatures
2026-04-27 14:36:00.003 [scheduling-1] INFO  c.e.s.Scheduler.SignatureScheduler - === Début traitement automatique reception ===
2026-04-27 14:36:00.163 [scheduling-1] INFO  c.e.s.Scheduler.SignatureScheduler - === Fin traitement reception ===
2026-04-27 14:36:00.163 [scheduling-1] INFO  c.e.s.Scheduler.SignatureScheduler - Début traitement automatique des signatures...
2026-04-27 14:36:00.642 [scheduling-1] INFO  c.e.s.Scheduler.SignatureScheduler - Fin traitement signatures
2026-04-27 14:37:00.009 [scheduling-1] INFO  c.e.s.Scheduler.SignatureScheduler - === Début traitement automatique reception ===
2026-04-27 14:37:00.128 [scheduling-1] INFO  c.e.s.Scheduler.SignatureScheduler - === Fin traitement reception ===
2026-04-27 14:37:00.128 [scheduling-1] INFO  c.e.s.Scheduler.SignatureScheduler - Début traitement automatique des signatures...
2026-04-27 14:37:00.539 [scheduling-1] INFO  c.e.s.Scheduler.SignatureScheduler - Fin traitement signatures
2026-04-27 14:38:00.002 [scheduling-1] INFO  c.e.s.Scheduler.SignatureScheduler - Début traitement automatique des signatures...
2026-04-27 14:38:00.482 [scheduling-1] INFO  c.e.s.Scheduler.SignatureScheduler - Fin traitement signatures
2026-04-27 14:38:00.482 [scheduling-1] INFO  c.e.s.Scheduler.SignatureScheduler - === Début traitement automatique reception ===
2026-04-27 14:38:00.548 [scheduling-1] INFO  c.e.s.Scheduler.SignatureScheduler - === Fin traitement reception ===
2026-04-27 14:39:00.008 [scheduling-1] INFO  c.e.s.Scheduler.SignatureScheduler - === Début traitement automatique reception ===
2026-04-27 14:39:00.120 [scheduling-1] INFO  c.e.s.Scheduler.SignatureScheduler - === Fin traitement reception ===
2026-04-27 14:39:00.120 [scheduling-1] INFO  c.e.s.Scheduler.SignatureScheduler - Début traitement automatique des signatures...
2026-04-27 14:39:00.557 [scheduling-1] INFO  c.e.s.Scheduler.SignatureScheduler - Fin traitement signatures
2026-04-27 14:40:00.017 [scheduling-1] INFO  c.e.s.Scheduler.SignatureScheduler - Début traitement automatique des signatures...
2026-04-27 14:40:01.161 [scheduling-1] INFO  c.e.s.Scheduler.SignatureScheduler - Fin traitement signatures
2026-04-27 14:40:01.161 [scheduling-1] INFO  c.e.s.Scheduler.SignatureScheduler - === Début traitement automatique reception ===
2026-04-27 14:40:01.453 [scheduling-1] INFO  c.e.s.Scheduler.SignatureScheduler - === Fin traitement reception ===
2026-04-27 14:41:00.018 [scheduling-1] INFO  c.e.s.Scheduler.SignatureScheduler - Début traitement automatique des signatures...
2026-04-27 14:41:00.559 [scheduling-1] INFO  c.e.s.Scheduler.SignatureScheduler - Fin traitement signatures
2026-04-27 14:41:00.559 [scheduling-1] INFO  c.e.s.Scheduler.SignatureScheduler - === Début traitement automatique reception ===
2026-04-27 14:41:00.622 [scheduling-1] INFO  c.e.s.Scheduler.SignatureScheduler - === Fin traitement reception ===
2026-04-27 14:41:50.670 [SpringApplicationShutdownHook] INFO  o.s.o.j.LocalContainerEntityManagerFactoryBean - Closing JPA EntityManagerFactory for persistence unit 'default'
2026-04-27 14:41:50.673 [SpringApplicationShutdownHook] INFO  com.zaxxer.hikari.HikariDataSource - HikariPool-1 - Shutdown initiated...
2026-04-27 14:41:51.227 [SpringApplicationShutdownHook] INFO  com.zaxxer.hikari.HikariDataSource - HikariPool-1 - Shutdown completed.
2026-04-27 14:41:56.396 [background-preinit] INFO  o.h.validator.internal.util.Version - HV000001: Hibernate Validator 8.0.1.Final
2026-04-27 14:41:56.456 [main] INFO  c.e.signature.SignatureApplication - Starting SignatureApplication using Java 17.0.16 with PID 7988 (C:\Users\LENOVO\Desktop\MES projets\Projet Signature\xml-signature-springboot-complete\target\classes started by LENOVO in C:\Users\LENOVO\Desktop\MES projets\Projet Signature\xml-signature-springboot-complete)
2026-04-27 14:41:56.456 [main] INFO  c.e.signature.SignatureApplication - No active profile set, falling back to 1 default profile: "default"
2026-04-27 14:41:57.314 [main] INFO  o.s.d.r.c.RepositoryConfigurationDelegate - Bootstrapping Spring Data JPA repositories in DEFAULT mode.
2026-04-27 14:41:57.455 [main] INFO  o.s.d.r.c.RepositoryConfigurationDelegate - Finished Spring Data repository scanning in 114 ms. Found 3 JPA repository interfaces.
2026-04-27 14:41:58.285 [main] INFO  o.s.b.w.e.tomcat.TomcatWebServer - Tomcat initialized with port 8075 (http)
2026-04-27 14:41:58.298 [main] INFO  o.a.coyote.http11.Http11NioProtocol - Initializing ProtocolHandler ["http-nio-0.0.0.0-8075"]
2026-04-27 14:41:58.300 [main] INFO  o.a.catalina.core.StandardService - Starting service [Tomcat]
2026-04-27 14:41:58.300 [main] INFO  o.a.catalina.core.StandardEngine - Starting Servlet engine: [Apache Tomcat/10.1.20]
2026-04-27 14:41:58.385 [main] INFO  o.a.c.c.C.[Tomcat].[localhost].[/] - Initializing Spring embedded WebApplicationContext
2026-04-27 14:41:58.385 [main] INFO  o.s.b.w.s.c.ServletWebServerApplicationContext - Root WebApplicationContext: initialization completed in 1875 ms
2026-04-27 14:41:58.851 [main] INFO  o.h.jpa.internal.util.LogHelper - HHH000204: Processing PersistenceUnitInfo [name: default]
2026-04-27 14:41:59.015 [main] INFO  org.hibernate.Version - HHH000412: Hibernate ORM core version 6.4.4.Final
2026-04-27 14:41:59.096 [main] INFO  o.h.c.i.RegionFactoryInitiator - HHH000026: Second-level cache disabled
2026-04-27 14:42:00.176 [main] INFO  o.s.o.j.p.SpringPersistenceUnitInfo - No LoadTimeWeaver setup: ignoring JPA class transformer
2026-04-27 14:42:00.200 [main] INFO  com.zaxxer.hikari.HikariDataSource - HikariPool-1 - Starting...
2026-04-27 14:42:01.098 [main] INFO  com.zaxxer.hikari.pool.HikariPool - HikariPool-1 - Added connection oracle.jdbc.driver.T4CConnection@3d764641
2026-04-27 14:42:01.098 [main] INFO  com.zaxxer.hikari.HikariDataSource - HikariPool-1 - Start completed.
2026-04-27 14:42:02.313 [main] INFO  o.h.e.t.j.p.i.JtaPlatformInitiator - HHH000489: No JTA platform available (set 'hibernate.transaction.jta.platform' to enable JTA platform integration)
2026-04-27 14:42:02.330 [main] INFO  o.s.o.j.LocalContainerEntityManagerFactoryBean - Initialized JPA EntityManagerFactory for persistence unit 'default'
2026-04-27 14:42:02.576 [main] INFO  o.s.d.j.r.query.QueryEnhancerFactory - Hibernate is in classpath; If applicable, HQL parser will be used.
2026-04-27 14:42:03.745 [main] INFO  o.a.coyote.http11.Http11NioProtocol - Starting ProtocolHandler ["http-nio-0.0.0.0-8075"]
2026-04-27 14:42:03.784 [main] INFO  o.s.b.w.e.tomcat.TomcatWebServer - Tomcat started on port 8075 (http) with context path ''
2026-04-27 14:42:03.808 [main] INFO  c.e.signature.SignatureApplication - Started SignatureApplication in 7.936 seconds (process running for 8.283)
2026-04-27 14:43:00.009 [scheduling-1] INFO  c.e.s.Scheduler.SignatureScheduler - === Début traitement automatique reception ===
2026-04-27 14:43:00.259 [scheduling-1] INFO  c.e.s.Scheduler.SignatureScheduler - === Fin traitement reception ===
2026-04-27 14:43:00.259 [scheduling-1] INFO  c.e.s.Scheduler.SignatureScheduler - Début traitement automatique des signatures...
2026-04-27 14:43:00.724 [scheduling-1] INFO  c.e.s.Scheduler.SignatureScheduler - Fin traitement signatures
2026-04-27 14:44:00.011 [scheduling-1] INFO  c.e.s.Scheduler.SignatureScheduler - === Début traitement automatique reception ===
2026-04-27 14:44:00.148 [scheduling-1] INFO  c.e.s.Scheduler.SignatureScheduler - === Fin traitement reception ===
2026-04-27 14:44:00.149 [scheduling-1] INFO  c.e.s.Scheduler.SignatureScheduler - Début traitement automatique des signatures...
2026-04-27 14:44:00.582 [scheduling-1] INFO  c.e.s.Scheduler.SignatureScheduler - Fin traitement signatures
2026-04-27 14:45:00.006 [scheduling-1] INFO  c.e.s.Scheduler.SignatureScheduler - === Début traitement automatique reception ===
2026-04-27 14:45:00.132 [scheduling-1] INFO  c.e.s.Scheduler.SignatureScheduler - === Fin traitement reception ===
2026-04-27 14:45:00.134 [scheduling-1] INFO  c.e.s.Scheduler.SignatureScheduler - Début traitement automatique des signatures...
2026-04-27 14:45:00.573 [scheduling-1] INFO  c.e.s.Scheduler.SignatureScheduler - Fin traitement signatures
2026-04-27 14:46:00.010 [scheduling-1] INFO  c.e.s.Scheduler.SignatureScheduler - === Début traitement automatique reception ===
2026-04-27 14:46:00.144 [scheduling-1] INFO  c.e.s.Scheduler.SignatureScheduler - === Fin traitement reception ===
2026-04-27 14:46:00.145 [scheduling-1] INFO  c.e.s.Scheduler.SignatureScheduler - Début traitement automatique des signatures...
2026-04-27 14:46:00.584 [scheduling-1] INFO  c.e.s.Scheduler.SignatureScheduler - Fin traitement signatures
2026-04-27 14:47:00.009 [scheduling-1] INFO  c.e.s.Scheduler.SignatureScheduler - === Début traitement automatique reception ===
2026-04-27 14:47:00.219 [scheduling-1] INFO  c.e.s.Scheduler.SignatureScheduler - === Fin traitement reception ===
2026-04-27 14:47:00.220 [scheduling-1] INFO  c.e.s.Scheduler.SignatureScheduler - Début traitement automatique des signatures...
2026-04-27 14:47:00.707 [scheduling-1] INFO  c.e.s.Scheduler.SignatureScheduler - Fin traitement signatures
2026-04-27 14:48:00.011 [scheduling-1] INFO  c.e.s.Scheduler.SignatureScheduler - === Début traitement automatique reception ===
2026-04-27 14:48:00.511 [scheduling-1] INFO  c.e.s.Scheduler.SignatureScheduler - === Fin traitement reception ===
2026-04-27 14:48:00.511 [scheduling-1] INFO  c.e.s.Scheduler.SignatureScheduler - Début traitement automatique des signatures...
2026-04-27 14:48:00.999 [scheduling-1] INFO  c.e.s.Scheduler.SignatureScheduler - Fin traitement signatures
2026-04-27 14:49:00.011 [scheduling-1] INFO  c.e.s.Scheduler.SignatureScheduler - Début traitement automatique des signatures...
2026-04-27 14:49:00.492 [scheduling-1] INFO  c.e.s.Scheduler.SignatureScheduler - Fin traitement signatures
2026-04-27 14:49:00.492 [scheduling-1] INFO  c.e.s.Scheduler.SignatureScheduler - === Début traitement automatique reception ===
2026-04-27 14:49:00.551 [scheduling-1] INFO  c.e.s.Scheduler.SignatureScheduler - === Fin traitement reception ===
2026-04-27 14:50:00.011 [scheduling-1] INFO  c.e.s.Scheduler.SignatureScheduler - === Début traitement automatique reception ===
2026-04-27 14:50:00.141 [scheduling-1] INFO  c.e.s.Scheduler.SignatureScheduler - === Fin traitement reception ===
2026-04-27 14:50:00.141 [scheduling-1] INFO  c.e.s.Scheduler.SignatureScheduler - Début traitement automatique des signatures...
2026-04-27 14:50:00.582 [scheduling-1] INFO  c.e.s.Scheduler.SignatureScheduler - Fin traitement signatures
2026-04-27 14:51:00.015 [scheduling-1] INFO  c.e.s.Scheduler.SignatureScheduler - Début traitement automatique des signatures...
2026-04-27 14:51:00.496 [scheduling-1] INFO  c.e.s.Scheduler.SignatureScheduler - Fin traitement signatures
2026-04-27 14:51:00.497 [scheduling-1] INFO  c.e.s.Scheduler.SignatureScheduler - === Début traitement automatique reception ===
2026-04-27 14:51:00.553 [scheduling-1] INFO  c.e.s.Scheduler.SignatureScheduler - === Fin traitement reception ===
2026-04-27 14:52:00.015 [scheduling-1] INFO  c.e.s.Scheduler.SignatureScheduler - === Début traitement automatique reception ===
2026-04-27 14:52:00.136 [scheduling-1] INFO  c.e.s.Scheduler.SignatureScheduler - === Fin traitement reception ===
2026-04-27 14:52:00.136 [scheduling-1] INFO  c.e.s.Scheduler.SignatureScheduler - Début traitement automatique des signatures...
2026-04-27 14:52:00.565 [scheduling-1] INFO  c.e.s.Scheduler.SignatureScheduler - Fin traitement signatures
2026-04-27 14:53:00.001 [scheduling-1] INFO  c.e.s.Scheduler.SignatureScheduler - Début traitement automatique des signatures...
2026-04-27 14:53:00.495 [scheduling-1] INFO  c.e.s.Scheduler.SignatureScheduler - Fin traitement signatures
2026-04-27 14:53:00.495 [scheduling-1] INFO  c.e.s.Scheduler.SignatureScheduler - === Début traitement automatique reception ===
2026-04-27 14:53:00.552 [scheduling-1] INFO  c.e.s.Scheduler.SignatureScheduler - === Fin traitement reception ===
2026-04-27 14:54:00.007 [scheduling-1] INFO  c.e.s.Scheduler.SignatureScheduler - === Début traitement automatique reception ===
2026-04-27 14:54:00.133 [scheduling-1] INFO  c.e.s.Scheduler.SignatureScheduler - === Fin traitement reception ===
2026-04-27 14:54:00.134 [scheduling-1] INFO  c.e.s.Scheduler.SignatureScheduler - Début traitement automatique des signatures...
2026-04-27 14:54:00.564 [scheduling-1] INFO  c.e.s.Scheduler.SignatureScheduler - Fin traitement signatures
2026-04-27 14:55:00.003 [scheduling-1] INFO  c.e.s.Scheduler.SignatureScheduler - === Début traitement automatique reception ===
2026-04-27 14:55:00.133 [scheduling-1] INFO  c.e.s.Scheduler.SignatureScheduler - === Fin traitement reception ===
2026-04-27 14:55:00.134 [scheduling-1] INFO  c.e.s.Scheduler.SignatureScheduler - Début traitement automatique des signatures...
2026-04-27 14:55:00.552 [scheduling-1] INFO  c.e.s.Scheduler.SignatureScheduler - Fin traitement signatures
2026-04-27 14:56:00.007 [scheduling-1] INFO  c.e.s.Scheduler.SignatureScheduler - Début traitement automatique des signatures...
2026-04-27 14:56:00.498 [scheduling-1] INFO  c.e.s.Scheduler.SignatureScheduler - Fin traitement signatures
2026-04-27 14:56:00.498 [scheduling-1] INFO  c.e.s.Scheduler.SignatureScheduler - === Début traitement automatique reception ===
2026-04-27 14:56:00.555 [scheduling-1] INFO  c.e.s.Scheduler.SignatureScheduler - === Fin traitement reception ===
2026-04-27 14:57:00.014 [scheduling-1] INFO  c.e.s.Scheduler.SignatureScheduler - === Début traitement automatique reception ===
2026-04-27 14:57:00.150 [scheduling-1] INFO  c.e.s.Scheduler.SignatureScheduler - === Fin traitement reception ===
2026-04-27 14:57:00.151 [scheduling-1] INFO  c.e.s.Scheduler.SignatureScheduler - Début traitement automatique des signatures...
2026-04-27 14:57:00.595 [scheduling-1] INFO  c.e.s.Scheduler.SignatureScheduler - Fin traitement signatures
2026-04-27 14:58:00.007 [scheduling-1] INFO  c.e.s.Scheduler.SignatureScheduler - === Début traitement automatique reception ===
2026-04-27 14:58:00.122 [scheduling-1] INFO  c.e.s.Scheduler.SignatureScheduler - === Fin traitement reception ===
2026-04-27 14:58:00.123 [scheduling-1] INFO  c.e.s.Scheduler.SignatureScheduler - Début traitement automatique des signatures...
2026-04-27 14:58:00.569 [scheduling-1] INFO  c.e.s.Scheduler.SignatureScheduler - Fin traitement signatures
2026-04-27 14:59:00.014 [scheduling-1] INFO  c.e.s.Scheduler.SignatureScheduler - === Début traitement automatique reception ===
2026-04-27 14:59:00.149 [scheduling-1] INFO  c.e.s.Scheduler.SignatureScheduler - === Fin traitement reception ===
2026-04-27 14:59:00.149 [scheduling-1] INFO  c.e.s.Scheduler.SignatureScheduler - Début traitement automatique des signatures...
2026-04-27 14:59:00.564 [scheduling-1] INFO  c.e.s.Scheduler.SignatureScheduler - Fin traitement signatures
2026-04-27 15:00:00.021 [scheduling-1] INFO  c.e.s.Scheduler.SignatureScheduler - Début traitement automatique des signatures...
2026-04-27 15:00:00.504 [scheduling-1] INFO  c.e.s.Scheduler.SignatureScheduler - Fin traitement signatures
2026-04-27 15:00:00.505 [scheduling-1] INFO  c.e.s.Scheduler.SignatureScheduler - === Début traitement automatique reception ===
2026-04-27 15:00:00.556 [scheduling-1] INFO  c.e.s.Scheduler.SignatureScheduler - === Fin traitement reception ===
2026-04-27 15:01:00.011 [scheduling-1] INFO  c.e.s.Scheduler.SignatureScheduler - Début traitement automatique des signatures...
2026-04-27 15:01:00.496 [scheduling-1] INFO  c.e.s.Scheduler.SignatureScheduler - Fin traitement signatures
2026-04-27 15:01:00.496 [scheduling-1] INFO  c.e.s.Scheduler.SignatureScheduler - === Début traitement automatique reception ===
2026-04-27 15:01:00.561 [scheduling-1] INFO  c.e.s.Scheduler.SignatureScheduler - === Fin traitement reception ===
2026-04-27 15:02:00.017 [scheduling-1] INFO  c.e.s.Scheduler.SignatureScheduler - === Début traitement automatique reception ===
2026-04-27 15:02:00.133 [scheduling-1] INFO  c.e.s.Scheduler.SignatureScheduler - === Fin traitement reception ===
2026-04-27 15:02:00.134 [scheduling-1] INFO  c.e.s.Scheduler.SignatureScheduler - Début traitement automatique des signatures...
2026-04-27 15:02:00.569 [scheduling-1] INFO  c.e.s.Scheduler.SignatureScheduler - Fin traitement signatures
2026-04-27 15:03:00.007 [scheduling-1] INFO  c.e.s.Scheduler.SignatureScheduler - Début traitement automatique des signatures...
2026-04-27 15:03:00.510 [scheduling-1] INFO  c.e.s.Scheduler.SignatureScheduler - Fin traitement signatures
2026-04-27 15:03:00.510 [scheduling-1] INFO  c.e.s.Scheduler.SignatureScheduler - === Début traitement automatique reception ===
2026-04-27 15:03:00.559 [scheduling-1] INFO  c.e.s.Scheduler.SignatureScheduler - === Fin traitement reception ===
2026-04-27 15:04:00.014 [scheduling-1] INFO  c.e.s.Scheduler.SignatureScheduler - Début traitement automatique des signatures...
2026-04-27 15:04:00.501 [scheduling-1] INFO  c.e.s.Scheduler.SignatureScheduler - Fin traitement signatures
2026-04-27 15:04:00.501 [scheduling-1] INFO  c.e.s.Scheduler.SignatureScheduler - === Début traitement automatique reception ===
2026-04-27 15:04:00.565 [scheduling-1] INFO  c.e.s.Scheduler.SignatureScheduler - === Fin traitement reception ===
2026-04-27 15:05:00.004 [scheduling-1] INFO  c.e.s.Scheduler.SignatureScheduler - === Début traitement automatique reception ===
2026-04-27 15:05:00.105 [scheduling-1] INFO  c.e.s.Scheduler.SignatureScheduler - === Fin traitement reception ===
2026-04-27 15:05:00.105 [scheduling-1] INFO  c.e.s.Scheduler.SignatureScheduler - Début traitement automatique des signatures...
2026-04-27 15:05:00.557 [scheduling-1] INFO  c.e.s.Scheduler.SignatureScheduler - Fin traitement signatures
2026-04-27 15:06:00.011 [scheduling-1] INFO  c.e.s.Scheduler.SignatureScheduler - === Début traitement automatique reception ===
2026-04-27 15:06:00.123 [scheduling-1] INFO  c.e.s.Scheduler.SignatureScheduler - === Fin traitement reception ===
2026-04-27 15:06:00.124 [scheduling-1] INFO  c.e.s.Scheduler.SignatureScheduler - Début traitement automatique des signatures...
2026-04-27 15:06:00.573 [scheduling-1] INFO  c.e.s.Scheduler.SignatureScheduler - Fin traitement signatures
2026-04-27 15:07:00.002 [scheduling-1] INFO  c.e.s.Scheduler.SignatureScheduler - === Début traitement automatique reception ===
2026-04-27 15:07:00.146 [scheduling-1] INFO  c.e.s.Scheduler.SignatureScheduler - === Fin traitement reception ===
2026-04-27 15:07:00.146 [scheduling-1] INFO  c.e.s.Scheduler.SignatureScheduler - Début traitement automatique des signatures...
2026-04-27 15:07:00.611 [scheduling-1] INFO  c.e.s.Scheduler.SignatureScheduler - Fin traitement signatures
2026-04-27 15:08:00.008 [scheduling-1] INFO  c.e.s.Scheduler.SignatureScheduler - === Début traitement automatique reception ===
2026-04-27 15:08:00.143 [scheduling-1] INFO  c.e.s.Scheduler.SignatureScheduler - === Fin traitement reception ===
2026-04-27 15:08:00.143 [scheduling-1] INFO  c.e.s.Scheduler.SignatureScheduler - Début traitement automatique des signatures...
2026-04-27 15:08:00.594 [scheduling-1] INFO  c.e.s.Scheduler.SignatureScheduler - Fin traitement signatures
2026-04-27 15:09:00.015 [scheduling-1] INFO  c.e.s.Scheduler.SignatureScheduler - Début traitement automatique des signatures...
2026-04-27 15:09:00.581 [scheduling-1] INFO  c.e.s.Scheduler.SignatureScheduler - Fin traitement signatures
2026-04-27 15:09:00.582 [scheduling-1] INFO  c.e.s.Scheduler.SignatureScheduler - === Début traitement automatique reception ===
2026-04-27 15:09:00.649 [scheduling-1] INFO  c.e.s.Scheduler.SignatureScheduler - === Fin traitement reception ===
2026-04-27 15:10:00.013 [scheduling-1] INFO  c.e.s.Scheduler.SignatureScheduler - Début traitement automatique des signatures...
2026-04-27 15:10:00.513 [scheduling-1] INFO  c.e.s.Scheduler.SignatureScheduler - Fin traitement signatures
2026-04-27 15:10:00.513 [scheduling-1] INFO  c.e.s.Scheduler.SignatureScheduler - === Début traitement automatique reception ===
2026-04-27 15:10:00.579 [scheduling-1] INFO  c.e.s.Scheduler.SignatureScheduler - === Fin traitement reception ===
2026-04-27 15:11:00.003 [scheduling-1] INFO  c.e.s.Scheduler.SignatureScheduler - === Début traitement automatique reception ===
2026-04-27 15:11:00.121 [scheduling-1] INFO  c.e.s.Scheduler.SignatureScheduler - === Fin traitement reception ===
2026-04-27 15:11:00.125 [scheduling-1] INFO  c.e.s.Scheduler.SignatureScheduler - Début traitement automatique des signatures...
2026-04-27 15:11:00.566 [scheduling-1] INFO  c.e.s.Scheduler.SignatureScheduler - Fin traitement signatures
2026-04-27 15:12:00.011 [scheduling-1] INFO  c.e.s.Scheduler.SignatureScheduler - === Début traitement automatique reception ===
2026-04-27 15:12:00.122 [scheduling-1] INFO  c.e.s.Scheduler.SignatureScheduler - === Fin traitement reception ===
2026-04-27 15:12:00.129 [scheduling-1] INFO  c.e.s.Scheduler.SignatureScheduler - Début traitement automatique des signatures...
2026-04-27 15:12:00.555 [scheduling-1] INFO  c.e.s.Scheduler.SignatureScheduler - Fin traitement signatures
2026-04-27 15:13:00.006 [scheduling-1] INFO  c.e.s.Scheduler.SignatureScheduler - === Début traitement automatique reception ===
2026-04-27 15:13:00.119 [scheduling-1] INFO  c.e.s.Scheduler.SignatureScheduler - === Fin traitement reception ===
2026-04-27 15:13:00.119 [scheduling-1] INFO  c.e.s.Scheduler.SignatureScheduler - Début traitement automatique des signatures...
2026-04-27 15:13:00.533 [scheduling-1] INFO  c.e.s.Scheduler.SignatureScheduler - Fin traitement signatures
2026-04-27 15:14:00.021 [scheduling-1] INFO  c.e.s.Scheduler.SignatureScheduler - === Début traitement automatique reception ===
2026-04-27 15:14:00.167 [scheduling-1] INFO  c.e.s.Scheduler.SignatureScheduler - === Fin traitement reception ===
2026-04-27 15:14:00.167 [scheduling-1] INFO  c.e.s.Scheduler.SignatureScheduler - Début traitement automatique des signatures...
2026-04-27 15:14:00.649 [scheduling-1] INFO  c.e.s.Scheduler.SignatureScheduler - Fin traitement signatures
2026-04-27 15:15:00.016 [scheduling-1] INFO  c.e.s.Scheduler.SignatureScheduler - === Début traitement automatique reception ===
2026-04-27 15:15:00.208 [scheduling-1] INFO  c.e.s.Scheduler.SignatureScheduler - === Fin traitement reception ===
2026-04-27 15:15:00.208 [scheduling-1] INFO  c.e.s.Scheduler.SignatureScheduler - Début traitement automatique des signatures...
2026-04-27 15:15:00.677 [scheduling-1] INFO  c.e.s.Scheduler.SignatureScheduler - Fin traitement signatures
2026-04-27 15:16:00.016 [scheduling-1] INFO  c.e.s.Scheduler.SignatureScheduler - Début traitement automatique des signatures...
2026-04-27 15:16:00.591 [scheduling-1] INFO  c.e.s.Scheduler.SignatureScheduler - Fin traitement signatures
2026-04-27 15:16:00.591 [scheduling-1] INFO  c.e.s.Scheduler.SignatureScheduler - === Début traitement automatique reception ===
2026-04-27 15:16:00.688 [scheduling-1] INFO  c.e.s.Scheduler.SignatureScheduler - === Fin traitement reception ===
2026-04-27 15:17:00.002 [scheduling-1] INFO  c.e.s.Scheduler.SignatureScheduler - === Début traitement automatique reception ===
2026-04-27 15:17:00.129 [scheduling-1] INFO  c.e.s.Scheduler.SignatureScheduler - === Fin traitement reception ===
2026-04-27 15:17:00.129 [scheduling-1] INFO  c.e.s.Scheduler.SignatureScheduler - Début traitement automatique des signatures...
2026-04-27 15:17:00.590 [scheduling-1] INFO  c.e.s.Scheduler.SignatureScheduler - Fin traitement signatures
2026-04-27 15:18:00.008 [scheduling-1] INFO  c.e.s.Scheduler.SignatureScheduler - === Début traitement automatique reception ===
2026-04-27 15:18:00.200 [scheduling-1] INFO  c.e.s.Scheduler.SignatureScheduler - === Fin traitement reception ===
2026-04-27 15:18:00.200 [scheduling-1] INFO  c.e.s.Scheduler.SignatureScheduler - Début traitement automatique des signatures...
2026-04-27 15:18:00.679 [scheduling-1] INFO  c.e.s.Scheduler.SignatureScheduler - Fin traitement signatures
2026-04-27 15:19:00.019 [scheduling-1] INFO  c.e.s.Scheduler.SignatureScheduler - === Début traitement automatique reception ===
2026-04-27 15:19:00.146 [scheduling-1] INFO  c.e.s.Scheduler.SignatureScheduler - === Fin traitement reception ===
2026-04-27 15:19:00.146 [scheduling-1] INFO  c.e.s.Scheduler.SignatureScheduler - Début traitement automatique des signatures...
2026-04-27 15:19:00.689 [scheduling-1] INFO  c.e.s.Scheduler.SignatureScheduler - Fin traitement signatures
2026-04-27 15:20:00.008 [scheduling-1] INFO  c.e.s.Scheduler.SignatureScheduler - === Début traitement automatique reception ===
2026-04-27 15:20:00.201 [scheduling-1] INFO  c.e.s.Scheduler.SignatureScheduler - === Fin traitement reception ===
2026-04-27 15:20:00.201 [scheduling-1] INFO  c.e.s.Scheduler.SignatureScheduler - Début traitement automatique des signatures...
2026-04-27 15:20:00.614 [scheduling-1] INFO  c.e.s.Scheduler.SignatureScheduler - Fin traitement signatures
2026-04-27 15:21:00.003 [scheduling-1] INFO  c.e.s.Scheduler.SignatureScheduler - === Début traitement automatique reception ===
2026-04-27 15:21:00.115 [scheduling-1] INFO  c.e.s.Scheduler.SignatureScheduler - === Fin traitement reception ===
2026-04-27 15:21:00.123 [scheduling-1] INFO  c.e.s.Scheduler.SignatureScheduler - Début traitement automatique des signatures...
2026-04-27 15:21:00.546 [scheduling-1] INFO  c.e.s.Scheduler.SignatureScheduler - Fin traitement signatures
2026-04-27 15:22:00.005 [scheduling-1] INFO  c.e.s.Scheduler.SignatureScheduler - Début traitement automatique des signatures...
2026-04-27 15:22:00.536 [scheduling-1] INFO  c.e.s.Scheduler.SignatureScheduler - Fin traitement signatures
2026-04-27 15:22:00.536 [scheduling-1] INFO  c.e.s.Scheduler.SignatureScheduler - === Début traitement automatique reception ===
2026-04-27 15:22:00.580 [scheduling-1] INFO  c.e.s.Scheduler.SignatureScheduler - === Fin traitement reception ===
2026-04-27 15:23:00.007 [scheduling-1] INFO  c.e.s.Scheduler.SignatureScheduler - Début traitement automatique des signatures...
2026-04-27 15:23:00.626 [scheduling-1] INFO  c.e.s.Scheduler.SignatureScheduler - Fin traitement signatures
2026-04-27 15:23:00.626 [scheduling-1] INFO  c.e.s.Scheduler.SignatureScheduler - === Début traitement automatique reception ===
2026-04-27 15:23:00.680 [scheduling-1] INFO  c.e.s.Scheduler.SignatureScheduler - === Fin traitement reception ===
2026-04-27 15:24:00.015 [scheduling-1] INFO  c.e.s.Scheduler.SignatureScheduler - Début traitement automatique des signatures...
2026-04-27 15:24:00.659 [scheduling-1] INFO  c.e.s.Scheduler.SignatureScheduler - Fin traitement signatures
2026-04-27 15:24:00.671 [scheduling-1] INFO  c.e.s.Scheduler.SignatureScheduler - === Début traitement automatique reception ===
2026-04-27 15:24:00.719 [scheduling-1] INFO  c.e.s.Scheduler.SignatureScheduler - === Fin traitement reception ===
2026-04-27 15:25:00.010 [scheduling-1] INFO  c.e.s.Scheduler.SignatureScheduler - Début traitement automatique des signatures...
2026-04-27 15:25:00.571 [scheduling-1] INFO  c.e.s.Scheduler.SignatureScheduler - Fin traitement signatures
2026-04-27 15:25:00.571 [scheduling-1] INFO  c.e.s.Scheduler.SignatureScheduler - === Début traitement automatique reception ===
2026-04-27 15:25:00.651 [scheduling-1] INFO  c.e.s.Scheduler.SignatureScheduler - === Fin traitement reception ===
2026-04-27 15:26:00.009 [scheduling-1] INFO  c.e.s.Scheduler.SignatureScheduler - === Début traitement automatique reception ===
2026-04-27 15:26:00.189 [scheduling-1] INFO  c.e.s.Scheduler.SignatureScheduler - === Fin traitement reception ===
2026-04-27 15:26:00.189 [scheduling-1] INFO  c.e.s.Scheduler.SignatureScheduler - Début traitement automatique des signatures...
2026-04-27 15:26:00.681 [scheduling-1] INFO  c.e.s.Scheduler.SignatureScheduler - Fin traitement signatures
2026-04-27 15:27:00.002 [scheduling-1] INFO  c.e.s.Scheduler.SignatureScheduler - === Début traitement automatique reception ===
2026-04-27 15:27:00.133 [scheduling-1] INFO  c.e.s.Scheduler.SignatureScheduler - === Fin traitement reception ===
2026-04-27 15:27:00.133 [scheduling-1] INFO  c.e.s.Scheduler.SignatureScheduler - Début traitement automatique des signatures...
2026-04-27 15:27:00.563 [scheduling-1] INFO  c.e.s.Scheduler.SignatureScheduler - Fin traitement signatures
2026-04-27 15:28:00.007 [scheduling-1] INFO  c.e.s.Scheduler.SignatureScheduler - Début traitement automatique des signatures...
2026-04-27 15:28:00.494 [scheduling-1] INFO  c.e.s.Scheduler.SignatureScheduler - Fin traitement signatures
2026-04-27 15:28:00.495 [scheduling-1] INFO  c.e.s.Scheduler.SignatureScheduler - === Début traitement automatique reception ===
2026-04-27 15:28:00.555 [scheduling-1] INFO  c.e.s.Scheduler.SignatureScheduler - === Fin traitement reception ===
2026-04-27 15:29:00.010 [scheduling-1] INFO  c.e.s.Scheduler.SignatureScheduler - === Début traitement automatique reception ===
2026-04-27 15:29:00.121 [scheduling-1] INFO  c.e.s.Scheduler.SignatureScheduler - === Fin traitement reception ===
2026-04-27 15:29:00.121 [scheduling-1] INFO  c.e.s.Scheduler.SignatureScheduler - Début traitement automatique des signatures...
2026-04-27 15:29:00.546 [scheduling-1] INFO  c.e.s.Scheduler.SignatureScheduler - Fin traitement signatures
2026-04-27 15:30:00.012 [scheduling-1] INFO  c.e.s.Scheduler.SignatureScheduler - === Début traitement automatique reception ===
2026-04-27 15:30:00.146 [scheduling-1] INFO  c.e.s.Scheduler.SignatureScheduler - === Fin traitement reception ===
2026-04-27 15:30:00.147 [scheduling-1] INFO  c.e.s.Scheduler.SignatureScheduler - Début traitement automatique des signatures...
2026-04-27 15:30:00.568 [scheduling-1] INFO  c.e.s.Scheduler.SignatureScheduler - Fin traitement signatures
2026-04-27 15:31:00.010 [scheduling-1] INFO  c.e.s.Scheduler.SignatureScheduler - === Début traitement automatique reception ===
2026-04-27 15:31:00.129 [scheduling-1] INFO  c.e.s.Scheduler.SignatureScheduler - === Fin traitement reception ===
2026-04-27 15:31:00.129 [scheduling-1] INFO  c.e.s.Scheduler.SignatureScheduler - Début traitement automatique des signatures...
2026-04-27 15:31:00.580 [scheduling-1] INFO  c.e.s.Scheduler.SignatureScheduler - Fin traitement signatures
2026-04-27 15:32:00.001 [scheduling-1] INFO  c.e.s.Scheduler.SignatureScheduler - Début traitement automatique des signatures...
2026-04-27 15:32:00.493 [scheduling-1] INFO  c.e.s.Scheduler.SignatureScheduler - Fin traitement signatures
2026-04-27 15:32:00.493 [scheduling-1] INFO  c.e.s.Scheduler.SignatureScheduler - === Début traitement automatique reception ===
2026-04-27 15:32:00.550 [scheduling-1] INFO  c.e.s.Scheduler.SignatureScheduler - === Fin traitement reception ===
2026-04-27 15:33:00.011 [scheduling-1] INFO  c.e.s.Scheduler.SignatureScheduler - Début traitement automatique des signatures...
2026-04-27 15:33:00.663 [scheduling-1] INFO  c.e.s.Scheduler.SignatureScheduler - Fin traitement signatures
2026-04-27 15:33:00.663 [scheduling-1] INFO  c.e.s.Scheduler.SignatureScheduler - === Début traitement automatique reception ===
2026-04-27 15:33:00.728 [scheduling-1] INFO  c.e.s.Scheduler.SignatureScheduler - === Fin traitement reception ===
2026-04-27 15:34:00.001 [scheduling-1] INFO  c.e.s.Scheduler.SignatureScheduler - === Début traitement automatique reception ===
2026-04-27 15:34:00.152 [scheduling-1] INFO  c.e.s.Scheduler.SignatureScheduler - === Fin traitement reception ===
2026-04-27 15:34:00.152 [scheduling-1] INFO  c.e.s.Scheduler.SignatureScheduler - Début traitement automatique des signatures...
2026-04-27 15:34:00.633 [scheduling-1] INFO  c.e.s.Scheduler.SignatureScheduler - Fin traitement signatures
2026-04-27 15:35:00.006 [scheduling-1] INFO  c.e.s.Scheduler.SignatureScheduler - Début traitement automatique des signatures...
2026-04-27 15:35:00.560 [scheduling-1] INFO  c.e.s.Scheduler.SignatureScheduler - Fin traitement signatures
2026-04-27 15:35:00.564 [scheduling-1] INFO  c.e.s.Scheduler.SignatureScheduler - === Début traitement automatique reception ===
2026-04-27 15:35:00.624 [scheduling-1] INFO  c.e.s.Scheduler.SignatureScheduler - === Fin traitement reception ===
2026-04-27 15:36:00.006 [scheduling-1] INFO  c.e.s.Scheduler.SignatureScheduler - === Début traitement automatique reception ===
2026-04-27 15:36:00.392 [scheduling-1] INFO  c.e.s.Scheduler.SignatureScheduler - === Fin traitement reception ===
2026-04-27 15:36:00.392 [scheduling-1] INFO  c.e.s.Scheduler.SignatureScheduler - Début traitement automatique des signatures...
2026-04-27 15:36:00.847 [scheduling-1] INFO  c.e.s.Scheduler.SignatureScheduler - Fin traitement signatures
2026-04-27 15:37:00.003 [scheduling-1] INFO  c.e.s.Scheduler.SignatureScheduler - Début traitement automatique des signatures...
2026-04-27 15:37:00.482 [scheduling-1] INFO  c.e.s.Scheduler.SignatureScheduler - Fin traitement signatures
2026-04-27 15:37:00.482 [scheduling-1] INFO  c.e.s.Scheduler.SignatureScheduler - === Début traitement automatique reception ===
2026-04-27 15:37:00.542 [scheduling-1] INFO  c.e.s.Scheduler.SignatureScheduler - === Fin traitement reception ===
2026-04-27 15:38:00.010 [scheduling-1] INFO  c.e.s.Scheduler.SignatureScheduler - === Début traitement automatique reception ===
2026-04-27 15:38:00.151 [scheduling-1] INFO  c.e.s.Scheduler.SignatureScheduler - === Fin traitement reception ===
2026-04-27 15:38:00.151 [scheduling-1] INFO  c.e.s.Scheduler.SignatureScheduler - Début traitement automatique des signatures...
2026-04-27 15:38:00.677 [scheduling-1] INFO  c.e.s.Scheduler.SignatureScheduler - Fin traitement signatures
2026-04-27 15:39:00.002 [scheduling-1] INFO  c.e.s.Scheduler.SignatureScheduler - Début traitement automatique des signatures...
2026-04-27 15:39:00.701 [scheduling-1] INFO  c.e.s.Scheduler.SignatureScheduler - Fin traitement signatures
2026-04-27 15:39:00.702 [scheduling-1] INFO  c.e.s.Scheduler.SignatureScheduler - === Début traitement automatique reception ===
2026-04-27 15:39:00.760 [scheduling-1] INFO  c.e.s.Scheduler.SignatureScheduler - === Fin traitement reception ===
2026-04-27 15:40:00.000 [scheduling-1] INFO  c.e.s.Scheduler.SignatureScheduler - Début traitement automatique des signatures...
2026-04-27 15:40:00.503 [scheduling-1] INFO  c.e.s.Scheduler.SignatureScheduler - Fin traitement signatures
2026-04-27 15:40:00.503 [scheduling-1] INFO  c.e.s.Scheduler.SignatureScheduler - === Début traitement automatique reception ===
2026-04-27 15:40:00.565 [scheduling-1] INFO  c.e.s.Scheduler.SignatureScheduler - === Fin traitement reception ===
2026-04-27 15:41:00.014 [scheduling-1] INFO  c.e.s.Scheduler.SignatureScheduler - === Début traitement automatique reception ===
2026-04-27 15:41:00.124 [scheduling-1] INFO  c.e.s.Scheduler.SignatureScheduler - === Fin traitement reception ===
2026-04-27 15:41:00.125 [scheduling-1] INFO  c.e.s.Scheduler.SignatureScheduler - Début traitement automatique des signatures...
2026-04-27 15:41:00.541 [scheduling-1] INFO  c.e.s.Scheduler.SignatureScheduler - Fin traitement signatures
2026-04-27 15:42:00.002 [scheduling-1] INFO  c.e.s.Scheduler.SignatureScheduler - === Début traitement automatique reception ===
2026-04-27 15:42:00.126 [scheduling-1] INFO  c.e.s.Scheduler.SignatureScheduler - === Fin traitement reception ===
2026-04-27 15:42:00.126 [scheduling-1] INFO  c.e.s.Scheduler.SignatureScheduler - Début traitement automatique des signatures...
2026-04-27 15:42:00.539 [scheduling-1] INFO  c.e.s.Scheduler.SignatureScheduler - Fin traitement signatures
2026-04-27 15:43:00.006 [scheduling-1] INFO  c.e.s.Scheduler.SignatureScheduler - Début traitement automatique des signatures...
2026-04-27 15:43:00.537 [scheduling-1] INFO  c.e.s.Scheduler.SignatureScheduler - Fin traitement signatures
2026-04-27 15:43:00.537 [scheduling-1] INFO  c.e.s.Scheduler.SignatureScheduler - === Début traitement automatique reception ===
2026-04-27 15:43:00.615 [scheduling-1] INFO  c.e.s.Scheduler.SignatureScheduler - === Fin traitement reception ===
2026-04-27 15:44:00.017 [scheduling-1] INFO  c.e.s.Scheduler.SignatureScheduler - === Début traitement automatique reception ===
2026-04-27 15:44:00.140 [scheduling-1] INFO  c.e.s.Scheduler.SignatureScheduler - === Fin traitement reception ===
2026-04-27 15:44:00.140 [scheduling-1] INFO  c.e.s.Scheduler.SignatureScheduler - Début traitement automatique des signatures...
2026-04-27 15:44:00.571 [scheduling-1] INFO  c.e.s.Scheduler.SignatureScheduler - Fin traitement signatures
2026-04-27 15:45:00.007 [scheduling-1] INFO  c.e.s.Scheduler.SignatureScheduler - Début traitement automatique des signatures...
2026-04-27 15:45:00.510 [scheduling-1] INFO  c.e.s.Scheduler.SignatureScheduler - Fin traitement signatures
2026-04-27 15:45:00.510 [scheduling-1] INFO  c.e.s.Scheduler.SignatureScheduler - === Début traitement automatique reception ===
2026-04-27 15:45:00.559 [scheduling-1] INFO  c.e.s.Scheduler.SignatureScheduler - === Fin traitement reception ===
2026-04-27 15:46:00.005 [scheduling-1] INFO  c.e.s.Scheduler.SignatureScheduler - Début traitement automatique des signatures...
2026-04-27 15:46:00.490 [scheduling-1] INFO  c.e.s.Scheduler.SignatureScheduler - Fin traitement signatures
2026-04-27 15:46:00.491 [scheduling-1] INFO  c.e.s.Scheduler.SignatureScheduler - === Début traitement automatique reception ===
2026-04-27 15:46:00.559 [scheduling-1] INFO  c.e.s.Scheduler.SignatureScheduler - === Fin traitement reception ===
2026-04-27 15:47:00.007 [scheduling-1] INFO  c.e.s.Scheduler.SignatureScheduler - === Début traitement automatique reception ===
2026-04-27 15:47:00.136 [scheduling-1] INFO  c.e.s.Scheduler.SignatureScheduler - === Fin traitement reception ===
2026-04-27 15:47:00.136 [scheduling-1] INFO  c.e.s.Scheduler.SignatureScheduler - Début traitement automatique des signatures...
2026-04-27 15:47:00.550 [scheduling-1] INFO  c.e.s.Scheduler.SignatureScheduler - Fin traitement signatures
2026-04-27 15:48:00.012 [scheduling-1] INFO  c.e.s.Scheduler.SignatureScheduler - === Début traitement automatique reception ===
2026-04-27 15:48:00.130 [scheduling-1] INFO  c.e.s.Scheduler.SignatureScheduler - === Fin traitement reception ===
2026-04-27 15:48:00.130 [scheduling-1] INFO  c.e.s.Scheduler.SignatureScheduler - Début traitement automatique des signatures...
2026-04-27 15:48:00.566 [scheduling-1] INFO  c.e.s.Scheduler.SignatureScheduler - Fin traitement signatures
2026-04-27 15:49:00.005 [scheduling-1] INFO  c.e.s.Scheduler.SignatureScheduler - Début traitement automatique des signatures...
2026-04-27 15:49:00.495 [scheduling-1] INFO  c.e.s.Scheduler.SignatureScheduler - Fin traitement signatures
2026-04-27 15:49:00.495 [scheduling-1] INFO  c.e.s.Scheduler.SignatureScheduler - === Début traitement automatique reception ===
2026-04-27 15:49:00.544 [scheduling-1] INFO  c.e.s.Scheduler.SignatureScheduler - === Fin traitement reception ===
2026-04-27 15:50:00.008 [scheduling-1] INFO  c.e.s.Scheduler.SignatureScheduler - Début traitement automatique des signatures...
2026-04-27 15:50:00.516 [scheduling-1] INFO  c.e.s.Scheduler.SignatureScheduler - Fin traitement signatures
2026-04-27 15:50:00.516 [scheduling-1] INFO  c.e.s.Scheduler.SignatureScheduler - === Début traitement automatique reception ===
2026-04-27 15:50:00.582 [scheduling-1] INFO  c.e.s.Scheduler.SignatureScheduler - === Fin traitement reception ===
2026-04-27 15:51:00.014 [scheduling-1] INFO  c.e.s.Scheduler.SignatureScheduler - === Début traitement automatique reception ===
2026-04-27 15:51:00.133 [scheduling-1] INFO  c.e.s.Scheduler.SignatureScheduler - === Fin traitement reception ===
2026-04-27 15:51:00.134 [scheduling-1] INFO  c.e.s.Scheduler.SignatureScheduler - Début traitement automatique des signatures...
2026-04-27 15:51:00.576 [scheduling-1] INFO  c.e.s.Scheduler.SignatureScheduler - Fin traitement signatures
2026-04-27 15:52:00.008 [scheduling-1] INFO  c.e.s.Scheduler.SignatureScheduler - === Début traitement automatique reception ===
2026-04-27 15:52:00.129 [scheduling-1] INFO  c.e.s.Scheduler.SignatureScheduler - === Fin traitement reception ===
2026-04-27 15:52:00.129 [scheduling-1] INFO  c.e.s.Scheduler.SignatureScheduler - Début traitement automatique des signatures...
2026-04-27 15:52:00.544 [scheduling-1] INFO  c.e.s.Scheduler.SignatureScheduler - Fin traitement signatures
2026-04-27 15:53:00.012 [scheduling-1] INFO  c.e.s.Scheduler.SignatureScheduler - Début traitement automatique des signatures...
2026-04-27 15:53:00.518 [scheduling-1] INFO  c.e.s.Scheduler.SignatureScheduler - Fin traitement signatures
2026-04-27 15:53:00.518 [scheduling-1] INFO  c.e.s.Scheduler.SignatureScheduler - === Début traitement automatique reception ===
2026-04-27 15:53:00.577 [scheduling-1] INFO  c.e.s.Scheduler.SignatureScheduler - === Fin traitement reception ===
2026-04-27 15:54:00.005 [scheduling-1] INFO  c.e.s.Scheduler.SignatureScheduler - === Début traitement automatique reception ===
2026-04-27 15:54:00.281 [scheduling-1] INFO  c.e.s.Scheduler.SignatureScheduler - === Fin traitement reception ===
2026-04-27 15:54:00.281 [scheduling-1] INFO  c.e.s.Scheduler.SignatureScheduler - Début traitement automatique des signatures...
2026-04-27 15:54:00.801 [scheduling-1] INFO  c.e.s.Scheduler.SignatureScheduler - Fin traitement signatures
2026-04-27 15:55:00.002 [scheduling-1] INFO  c.e.s.Scheduler.SignatureScheduler - === Début traitement automatique reception ===
2026-04-27 15:55:00.119 [scheduling-1] INFO  c.e.s.Scheduler.SignatureScheduler - === Fin traitement reception ===
2026-04-27 15:55:00.119 [scheduling-1] INFO  c.e.s.Scheduler.SignatureScheduler - Début traitement automatique des signatures...
2026-04-27 15:55:00.537 [scheduling-1] INFO  c.e.s.Scheduler.SignatureScheduler - Fin traitement signatures
2026-04-27 15:56:00.006 [scheduling-1] INFO  c.e.s.Scheduler.SignatureScheduler - Début traitement automatique des signatures...
2026-04-27 15:56:00.498 [scheduling-1] INFO  c.e.s.Scheduler.SignatureScheduler - Fin traitement signatures
2026-04-27 15:56:00.498 [scheduling-1] INFO  c.e.s.Scheduler.SignatureScheduler - === Début traitement automatique reception ===
2026-04-27 15:56:00.557 [scheduling-1] INFO  c.e.s.Scheduler.SignatureScheduler - === Fin traitement reception ===
2026-04-27 15:57:00.009 [scheduling-1] INFO  c.e.s.Scheduler.SignatureScheduler - === Début traitement automatique reception ===
2026-04-27 15:57:00.135 [scheduling-1] INFO  c.e.s.Scheduler.SignatureScheduler - === Fin traitement reception ===
2026-04-27 15:57:00.137 [scheduling-1] INFO  c.e.s.Scheduler.SignatureScheduler - Début traitement automatique des signatures...
2026-04-27 15:57:00.611 [scheduling-1] INFO  c.e.s.Scheduler.SignatureScheduler - Fin traitement signatures
2026-04-27 15:58:00.001 [scheduling-1] INFO  c.e.s.Scheduler.SignatureScheduler - Début traitement automatique des signatures...
2026-04-27 15:58:00.507 [scheduling-1] INFO  c.e.s.Scheduler.SignatureScheduler - Fin traitement signatures
2026-04-27 15:58:00.507 [scheduling-1] INFO  c.e.s.Scheduler.SignatureScheduler - === Début traitement automatique reception ===
2026-04-27 15:58:00.566 [scheduling-1] INFO  c.e.s.Scheduler.SignatureScheduler - === Fin traitement reception ===
2026-04-27 15:59:00.014 [scheduling-1] INFO  c.e.s.Scheduler.SignatureScheduler - Début traitement automatique des signatures...
2026-04-27 15:59:00.553 [scheduling-1] INFO  c.e.s.Scheduler.SignatureScheduler - Fin traitement signatures
2026-04-27 15:59:00.553 [scheduling-1] INFO  c.e.s.Scheduler.SignatureScheduler - === Début traitement automatique reception ===
2026-04-27 15:59:00.615 [scheduling-1] INFO  c.e.s.Scheduler.SignatureScheduler - === Fin traitement reception ===
2026-04-27 16:00:00.004 [scheduling-1] INFO  c.e.s.Scheduler.SignatureScheduler - === Début traitement automatique reception ===
2026-04-27 16:00:00.195 [scheduling-1] INFO  c.e.s.Scheduler.SignatureScheduler - === Fin traitement reception ===
2026-04-27 16:00:00.195 [scheduling-1] INFO  c.e.s.Scheduler.SignatureScheduler - Début traitement automatique des signatures...
2026-04-27 16:00:00.610 [scheduling-1] INFO  c.e.s.Scheduler.SignatureScheduler - Fin traitement signatures
2026-04-27 16:01:00.004 [scheduling-1] INFO  c.e.s.Scheduler.SignatureScheduler - === Début traitement automatique reception ===
2026-04-27 16:01:00.142 [scheduling-1] INFO  c.e.s.Scheduler.SignatureScheduler - === Fin traitement reception ===
2026-04-27 16:01:00.143 [scheduling-1] INFO  c.e.s.Scheduler.SignatureScheduler - Début traitement automatique des signatures...
2026-04-27 16:01:00.587 [scheduling-1] INFO  c.e.s.Scheduler.SignatureScheduler - Fin traitement signatures
2026-04-27 16:02:00.003 [scheduling-1] INFO  c.e.s.Scheduler.SignatureScheduler - === Début traitement automatique reception ===
2026-04-27 16:02:00.125 [scheduling-1] INFO  c.e.s.Scheduler.SignatureScheduler - === Fin traitement reception ===
2026-04-27 16:02:00.125 [scheduling-1] INFO  c.e.s.Scheduler.SignatureScheduler - Début traitement automatique des signatures...
2026-04-27 16:02:00.573 [scheduling-1] INFO  c.e.s.Scheduler.SignatureScheduler - Fin traitement signatures
2026-04-27 16:03:00.013 [scheduling-1] INFO  c.e.s.Scheduler.SignatureScheduler - Début traitement automatique des signatures...
2026-04-27 16:03:00.512 [scheduling-1] INFO  c.e.s.Scheduler.SignatureScheduler - Fin traitement signatures
2026-04-27 16:03:00.512 [scheduling-1] INFO  c.e.s.Scheduler.SignatureScheduler - === Début traitement automatique reception ===
2026-04-27 16:03:00.569 [scheduling-1] INFO  c.e.s.Scheduler.SignatureScheduler - === Fin traitement reception ===
2026-04-27 16:04:00.001 [scheduling-1] INFO  c.e.s.Scheduler.SignatureScheduler - === Début traitement automatique reception ===
2026-04-27 16:04:00.137 [scheduling-1] INFO  c.e.s.Scheduler.SignatureScheduler - === Fin traitement reception ===
2026-04-27 16:04:00.137 [scheduling-1] INFO  c.e.s.Scheduler.SignatureScheduler - Début traitement automatique des signatures...
2026-04-27 16:04:00.621 [scheduling-1] INFO  c.e.s.Scheduler.SignatureScheduler - Fin traitement signatures
2026-04-27 16:05:00.012 [scheduling-1] INFO  c.e.s.Scheduler.SignatureScheduler - Début traitement automatique des signatures...
2026-04-27 16:05:00.538 [scheduling-1] INFO  c.e.s.Scheduler.SignatureScheduler - Fin traitement signatures
2026-04-27 16:05:00.538 [scheduling-1] INFO  c.e.s.Scheduler.SignatureScheduler - === Début traitement automatique reception ===
2026-04-27 16:05:00.595 [scheduling-1] INFO  c.e.s.Scheduler.SignatureScheduler - === Fin traitement reception ===
2026-04-27 16:06:00.001 [scheduling-1] INFO  c.e.s.Scheduler.SignatureScheduler - Début traitement automatique des signatures...
2026-04-27 16:06:00.582 [scheduling-1] INFO  c.e.s.Scheduler.SignatureScheduler - Fin traitement signatures
2026-04-27 16:06:00.582 [scheduling-1] INFO  c.e.s.Scheduler.SignatureScheduler - === Début traitement automatique reception ===
2026-04-27 16:06:00.647 [scheduling-1] INFO  c.e.s.Scheduler.SignatureScheduler - === Fin traitement reception ===
2026-04-27 16:07:00.007 [scheduling-1] INFO  c.e.s.Scheduler.SignatureScheduler - === Début traitement automatique reception ===
2026-04-27 16:07:00.143 [scheduling-1] INFO  c.e.s.Scheduler.SignatureScheduler - === Fin traitement reception ===
2026-04-27 16:07:00.143 [scheduling-1] INFO  c.e.s.Scheduler.SignatureScheduler - Début traitement automatique des signatures...
2026-04-27 16:07:00.591 [scheduling-1] INFO  c.e.s.Scheduler.SignatureScheduler - Fin traitement signatures
2026-04-27 16:08:00.000 [scheduling-1] INFO  c.e.s.Scheduler.SignatureScheduler - === Début traitement automatique reception ===
2026-04-27 16:08:00.131 [scheduling-1] INFO  c.e.s.Scheduler.SignatureScheduler - === Fin traitement reception ===
2026-04-27 16:08:00.131 [scheduling-1] INFO  c.e.s.Scheduler.SignatureScheduler - Début traitement automatique des signatures...
2026-04-27 16:08:00.581 [scheduling-1] INFO  c.e.s.Scheduler.SignatureScheduler - Fin traitement signatures
2026-04-27 16:09:00.002 [scheduling-1] INFO  c.e.s.Scheduler.SignatureScheduler - Début traitement automatique des signatures...
2026-04-27 16:09:00.496 [scheduling-1] INFO  c.e.s.Scheduler.SignatureScheduler - Fin traitement signatures
2026-04-27 16:09:00.496 [scheduling-1] INFO  c.e.s.Scheduler.SignatureScheduler - === Début traitement automatique reception ===
2026-04-27 16:09:00.555 [scheduling-1] INFO  c.e.s.Scheduler.SignatureScheduler - === Fin traitement reception ===
2026-04-27 16:10:00.009 [scheduling-1] INFO  c.e.s.Scheduler.SignatureScheduler - Début traitement automatique des signatures...
2026-04-27 16:10:00.495 [scheduling-1] INFO  c.e.s.Scheduler.SignatureScheduler - Fin traitement signatures
2026-04-27 16:10:00.495 [scheduling-1] INFO  c.e.s.Scheduler.SignatureScheduler - === Début traitement automatique reception ===
2026-04-27 16:10:00.562 [scheduling-1] INFO  c.e.s.Scheduler.SignatureScheduler - === Fin traitement reception ===
2026-04-27 16:11:00.001 [scheduling-1] INFO  c.e.s.Scheduler.SignatureScheduler - Début traitement automatique des signatures...
2026-04-27 16:11:00.486 [scheduling-1] INFO  c.e.s.Scheduler.SignatureScheduler - Fin traitement signatures
2026-04-27 16:11:00.486 [scheduling-1] INFO  c.e.s.Scheduler.SignatureScheduler - === Début traitement automatique reception ===
2026-04-27 16:11:00.560 [scheduling-1] INFO  c.e.s.Scheduler.SignatureScheduler - === Fin traitement reception ===
2026-04-27 16:12:00.007 [scheduling-1] INFO  c.e.s.Scheduler.SignatureScheduler - === Début traitement automatique reception ===
2026-04-27 16:12:00.125 [scheduling-1] INFO  c.e.s.Scheduler.SignatureScheduler - === Fin traitement reception ===
2026-04-27 16:12:00.125 [scheduling-1] INFO  c.e.s.Scheduler.SignatureScheduler - Début traitement automatique des signatures...
2026-04-27 16:12:00.564 [scheduling-1] INFO  c.e.s.Scheduler.SignatureScheduler - Fin traitement signatures
2026-04-27 16:13:00.014 [scheduling-1] INFO  c.e.s.Scheduler.SignatureScheduler - Début traitement automatique des signatures...
2026-04-27 16:13:00.513 [scheduling-1] INFO  c.e.s.Scheduler.SignatureScheduler - Fin traitement signatures
2026-04-27 16:13:00.513 [scheduling-1] INFO  c.e.s.Scheduler.SignatureScheduler - === Début traitement automatique reception ===
2026-04-27 16:13:00.564 [scheduling-1] INFO  c.e.s.Scheduler.SignatureScheduler - === Fin traitement reception ===
2026-04-27 16:14:00.004 [scheduling-1] INFO  c.e.s.Scheduler.SignatureScheduler - Début traitement automatique des signatures...
2026-04-27 16:14:00.488 [scheduling-1] INFO  c.e.s.Scheduler.SignatureScheduler - Fin traitement signatures
2026-04-27 16:14:00.488 [scheduling-1] INFO  c.e.s.Scheduler.SignatureScheduler - === Début traitement automatique reception ===
2026-04-27 16:14:00.555 [scheduling-1] INFO  c.e.s.Scheduler.SignatureScheduler - === Fin traitement reception ===
2026-04-27 16:15:00.012 [scheduling-1] INFO  c.e.s.Scheduler.SignatureScheduler - === Début traitement automatique reception ===
2026-04-27 16:15:00.148 [scheduling-1] INFO  c.e.s.Scheduler.SignatureScheduler - === Fin traitement reception ===
2026-04-27 16:15:00.148 [scheduling-1] INFO  c.e.s.Scheduler.SignatureScheduler - Début traitement automatique des signatures...
2026-04-27 16:15:00.579 [scheduling-1] INFO  c.e.s.Scheduler.SignatureScheduler - Fin traitement signatures
2026-04-27 16:16:00.017 [scheduling-1] INFO  c.e.s.Scheduler.SignatureScheduler - === Début traitement automatique reception ===
2026-04-27 16:16:00.137 [scheduling-1] INFO  c.e.s.Scheduler.SignatureScheduler - === Fin traitement reception ===
2026-04-27 16:16:00.137 [scheduling-1] INFO  c.e.s.Scheduler.SignatureScheduler - Début traitement automatique des signatures...
2026-04-27 16:16:00.573 [scheduling-1] INFO  c.e.s.Scheduler.SignatureScheduler - Fin traitement signatures
2026-04-27 16:17:00.008 [scheduling-1] INFO  c.e.s.Scheduler.SignatureScheduler - Début traitement automatique des signatures...
2026-04-27 16:17:00.492 [scheduling-1] INFO  c.e.s.Scheduler.SignatureScheduler - Fin traitement signatures
2026-04-27 16:17:00.492 [scheduling-1] INFO  c.e.s.Scheduler.SignatureScheduler - === Début traitement automatique reception ===
2026-04-27 16:17:00.559 [scheduling-1] INFO  c.e.s.Scheduler.SignatureScheduler - === Fin traitement reception ===
2026-04-27 16:18:00.015 [scheduling-1] INFO  c.e.s.Scheduler.SignatureScheduler - === Début traitement automatique reception ===
2026-04-27 16:18:00.149 [scheduling-1] INFO  c.e.s.Scheduler.SignatureScheduler - === Fin traitement reception ===
2026-04-27 16:18:00.149 [scheduling-1] INFO  c.e.s.Scheduler.SignatureScheduler - Début traitement automatique des signatures...
2026-04-27 16:18:00.598 [scheduling-1] INFO  c.e.s.Scheduler.SignatureScheduler - Fin traitement signatures
2026-04-27 16:19:00.006 [scheduling-1] INFO  c.e.s.Scheduler.SignatureScheduler - Début traitement automatique des signatures...
2026-04-27 16:19:01.559 [scheduling-1] INFO  c.e.s.Scheduler.SignatureScheduler - Fin traitement signatures
2026-04-27 16:19:01.560 [scheduling-1] INFO  c.e.s.Scheduler.SignatureScheduler - === Début traitement automatique reception ===
2026-04-27 16:19:01.654 [scheduling-1] INFO  c.e.s.Scheduler.SignatureScheduler - === Fin traitement reception ===
2026-04-27 16:20:00.013 [scheduling-1] INFO  c.e.s.Scheduler.SignatureScheduler - Début traitement automatique des signatures...
2026-04-27 16:20:01.395 [scheduling-1] INFO  c.e.s.Scheduler.SignatureScheduler - Fin traitement signatures
2026-04-27 16:20:01.395 [scheduling-1] INFO  c.e.s.Scheduler.SignatureScheduler - === Début traitement automatique reception ===
2026-04-27 16:20:01.546 [scheduling-1] INFO  c.e.s.Scheduler.SignatureScheduler - === Fin traitement reception ===
2026-04-27 16:21:00.021 [scheduling-1] INFO  c.e.s.Scheduler.SignatureScheduler - Début traitement automatique des signatures...
2026-04-27 16:21:00.534 [scheduling-1] INFO  c.e.s.Scheduler.SignatureScheduler - Fin traitement signatures
2026-04-27 16:21:00.534 [scheduling-1] INFO  c.e.s.Scheduler.SignatureScheduler - === Début traitement automatique reception ===
2026-04-27 16:21:00.585 [scheduling-1] INFO  c.e.s.Scheduler.SignatureScheduler - === Fin traitement reception ===
2026-04-27 16:22:00.008 [scheduling-1] INFO  c.e.s.Scheduler.SignatureScheduler - Début traitement automatique des signatures...
2026-04-27 16:22:00.561 [scheduling-1] INFO  c.e.s.Scheduler.SignatureScheduler - Fin traitement signatures
2026-04-27 16:22:00.562 [scheduling-1] INFO  c.e.s.Scheduler.SignatureScheduler - === Début traitement automatique reception ===
2026-04-27 16:22:00.642 [scheduling-1] INFO  c.e.s.Scheduler.SignatureScheduler - === Fin traitement reception ===
2026-04-27 16:23:00.015 [scheduling-1] INFO  c.e.s.Scheduler.SignatureScheduler - Début traitement automatique des signatures...
2026-04-27 16:23:00.583 [scheduling-1] INFO  c.e.s.Scheduler.SignatureScheduler - Fin traitement signatures
2026-04-27 16:23:00.583 [scheduling-1] INFO  c.e.s.Scheduler.SignatureScheduler - === Début traitement automatique reception ===
2026-04-27 16:23:00.664 [scheduling-1] INFO  c.e.s.Scheduler.SignatureScheduler - === Fin traitement reception ===
2026-04-27 16:24:00.006 [scheduling-1] INFO  c.e.s.Scheduler.SignatureScheduler - === Début traitement automatique reception ===
2026-04-27 16:24:00.172 [scheduling-1] INFO  c.e.s.Scheduler.SignatureScheduler - === Fin traitement reception ===
2026-04-27 16:24:00.172 [scheduling-1] INFO  c.e.s.Scheduler.SignatureScheduler - Début traitement automatique des signatures...
2026-04-27 16:24:00.692 [scheduling-1] INFO  c.e.s.Scheduler.SignatureScheduler - Fin traitement signatures
2026-04-27 16:25:00.011 [scheduling-1] INFO  c.e.s.Scheduler.SignatureScheduler - === Début traitement automatique reception ===
2026-04-27 16:25:00.145 [scheduling-1] INFO  c.e.s.Scheduler.SignatureScheduler - === Fin traitement reception ===
2026-04-27 16:25:00.145 [scheduling-1] INFO  c.e.s.Scheduler.SignatureScheduler - Début traitement automatique des signatures...
2026-04-27 16:25:00.639 [scheduling-1] INFO  c.e.s.Scheduler.SignatureScheduler - Fin traitement signatures
2026-04-27 16:26:00.001 [scheduling-1] INFO  c.e.s.Scheduler.SignatureScheduler - === Début traitement automatique reception ===
2026-04-27 16:26:00.168 [scheduling-1] INFO  c.e.s.Scheduler.SignatureScheduler - === Fin traitement reception ===
2026-04-27 16:26:00.169 [scheduling-1] INFO  c.e.s.Scheduler.SignatureScheduler - Début traitement automatique des signatures...
2026-04-27 16:26:00.755 [scheduling-1] INFO  c.e.s.Scheduler.SignatureScheduler - Fin traitement signatures
2026-04-27 16:27:00.009 [scheduling-1] INFO  c.e.s.Scheduler.SignatureScheduler - === Début traitement automatique reception ===
2026-04-27 16:27:00.126 [scheduling-1] INFO  c.e.s.Scheduler.SignatureScheduler - === Fin traitement reception ===
2026-04-27 16:27:00.126 [scheduling-1] INFO  c.e.s.Scheduler.SignatureScheduler - Début traitement automatique des signatures...
2026-04-27 16:27:00.547 [scheduling-1] INFO  c.e.s.Scheduler.SignatureScheduler - Fin traitement signatures
2026-04-27 16:28:00.002 [scheduling-1] INFO  c.e.s.Scheduler.SignatureScheduler - === Début traitement automatique reception ===
2026-04-27 16:28:00.107 [scheduling-1] INFO  c.e.s.Scheduler.SignatureScheduler - === Fin traitement reception ===
2026-04-27 16:28:00.107 [scheduling-1] INFO  c.e.s.Scheduler.SignatureScheduler - Début traitement automatique des signatures...
2026-04-27 16:28:00.560 [scheduling-1] INFO  c.e.s.Scheduler.SignatureScheduler - Fin traitement signatures
2026-04-27 16:29:00.015 [scheduling-1] INFO  c.e.s.Scheduler.SignatureScheduler - Début traitement automatique des signatures...
2026-04-27 16:29:00.526 [scheduling-1] INFO  c.e.s.Scheduler.SignatureScheduler - Fin traitement signatures
2026-04-27 16:29:00.526 [scheduling-1] INFO  c.e.s.Scheduler.SignatureScheduler - === Début traitement automatique reception ===
2026-04-27 16:29:00.595 [scheduling-1] INFO  c.e.s.Scheduler.SignatureScheduler - === Fin traitement reception ===
2026-04-27 16:30:00.004 [scheduling-1] INFO  c.e.s.Scheduler.SignatureScheduler - === Début traitement automatique reception ===
2026-04-27 16:30:00.127 [scheduling-1] INFO  c.e.s.Scheduler.SignatureScheduler - === Fin traitement reception ===
2026-04-27 16:30:00.128 [scheduling-1] INFO  c.e.s.Scheduler.SignatureScheduler - Début traitement automatique des signatures...
2026-04-27 16:30:00.583 [scheduling-1] INFO  c.e.s.Scheduler.SignatureScheduler - Fin traitement signatures
2026-04-27 16:31:00.006 [scheduling-1] INFO  c.e.s.Scheduler.SignatureScheduler - === Début traitement automatique reception ===
2026-04-27 16:31:00.161 [scheduling-1] INFO  c.e.s.Scheduler.SignatureScheduler - === Fin traitement reception ===
2026-04-27 16:31:00.162 [scheduling-1] INFO  c.e.s.Scheduler.SignatureScheduler - Début traitement automatique des signatures...
2026-04-27 16:31:00.582 [scheduling-1] INFO  c.e.s.Scheduler.SignatureScheduler - Fin traitement signatures
2026-04-27 16:32:00.010 [scheduling-1] INFO  c.e.s.Scheduler.SignatureScheduler - Début traitement automatique des signatures...
2026-04-27 16:32:00.936 [scheduling-1] INFO  c.e.s.Scheduler.SignatureScheduler - Fin traitement signatures
2026-04-27 16:32:00.936 [scheduling-1] INFO  c.e.s.Scheduler.SignatureScheduler - === Début traitement automatique reception ===
2026-04-27 16:32:01.033 [scheduling-1] INFO  c.e.s.Scheduler.SignatureScheduler - === Fin traitement reception ===
2026-04-27 16:33:00.007 [scheduling-1] INFO  c.e.s.Scheduler.SignatureScheduler - === Début traitement automatique reception ===
2026-04-27 16:33:00.136 [scheduling-1] INFO  c.e.s.Scheduler.SignatureScheduler - === Fin traitement reception ===
2026-04-27 16:33:00.136 [scheduling-1] INFO  c.e.s.Scheduler.SignatureScheduler - Début traitement automatique des signatures...
2026-04-27 16:33:00.551 [scheduling-1] INFO  c.e.s.Scheduler.SignatureScheduler - Fin traitement signatures
2026-04-27 16:34:00.012 [scheduling-1] INFO  c.e.s.Scheduler.SignatureScheduler - Début traitement automatique des signatures...
2026-04-27 16:34:00.509 [scheduling-1] INFO  c.e.s.Scheduler.SignatureScheduler - Fin traitement signatures
2026-04-27 16:34:00.509 [scheduling-1] INFO  c.e.s.Scheduler.SignatureScheduler - === Début traitement automatique reception ===
2026-04-27 16:34:00.565 [scheduling-1] INFO  c.e.s.Scheduler.SignatureScheduler - === Fin traitement reception ===
2026-04-27 21:20:08.827 [HikariPool-1 housekeeper] WARN  com.zaxxer.hikari.pool.HikariPool - HikariPool-1 - Thread starvation or clock leap detected (housekeeper delta=4h46m5s633ms895µs300ns).
2026-04-27 21:20:35.606 [scheduling-1] INFO  c.e.s.Scheduler.SignatureScheduler - Début traitement automatique des signatures...
2026-04-27 21:21:05.727 [scheduling-1] WARN  o.h.e.jdbc.spi.SqlExceptionHelper - SQL Error: 0, SQLState: 08006
2026-04-27 21:21:05.729 [scheduling-1] ERROR o.h.e.jdbc.spi.SqlExceptionHelper - HikariPool-1 - Connection is not available, request timed out after 30047ms.
2026-04-27 21:21:05.729 [scheduling-1] WARN  o.h.e.jdbc.spi.SqlExceptionHelper - SQL Error: 17002, SQLState: 08006
2026-04-27 21:21:05.729 [scheduling-1] ERROR o.h.e.jdbc.spi.SqlExceptionHelper - Erreur d'E/S: The Network Adapter could not establish the connection (CONNECTION_ID=nqjWpVmWQmWItls6OpsS+Q==)
2026-04-27 21:21:05.744 [scheduling-1] ERROR c.e.s.Scheduler.SignatureScheduler - Erreur dans le scheduler signature
org.springframework.transaction.CannotCreateTransactionException: Could not open JPA EntityManager for transaction
	at org.springframework.orm.jpa.JpaTransactionManager.doBegin(JpaTransactionManager.java:466)
	at org.springframework.transaction.support.AbstractPlatformTransactionManager.startTransaction(AbstractPlatformTransactionManager.java:531)
	at org.springframework.transaction.support.AbstractPlatformTransactionManager.getTransaction(AbstractPlatformTransactionManager.java:405)
	at org.springframework.transaction.interceptor.TransactionAspectSupport.createTransactionIfNecessary(TransactionAspectSupport.java:617)
	at org.springframework.transaction.interceptor.TransactionAspectSupport.invokeWithinTransaction(TransactionAspectSupport.java:386)
	at org.springframework.transaction.interceptor.TransactionInterceptor.invoke(TransactionInterceptor.java:119)
	at org.springframework.aop.framework.ReflectiveMethodInvocation.proceed(ReflectiveMethodInvocation.java:184)
	at org.springframework.aop.framework.CglibAopProxy$CglibMethodInvocation.proceed(CglibAopProxy.java:768)
	at org.springframework.aop.framework.CglibAopProxy$DynamicAdvisedInterceptor.intercept(CglibAopProxy.java:720)
	at com.example.signature.service.ImailSignatureService$$SpringCGLIB$$0.comparePendingSignatures(<generated>)
	at com.example.signature.Scheduler.SignatureScheduler.runSignatureCheck(SignatureScheduler.java:32)
	at jdk.internal.reflect.GeneratedMethodAccessor28.invoke(Unknown Source)
	at java.base/jdk.internal.reflect.DelegatingMethodAccessorImpl.invoke(DelegatingMethodAccessorImpl.java:43)
	at java.base/java.lang.reflect.Method.invoke(Method.java:568)
	at org.springframework.scheduling.support.ScheduledMethodRunnable.runInternal(ScheduledMethodRunnable.java:130)
	at org.springframework.scheduling.support.ScheduledMethodRunnable.lambda$run$2(ScheduledMethodRunnable.java:124)
	at io.micrometer.observation.Observation.observe(Observation.java:499)
	at org.springframework.scheduling.support.ScheduledMethodRunnable.run(ScheduledMethodRunnable.java:124)
	at org.springframework.scheduling.support.DelegatingErrorHandlingRunnable.run(DelegatingErrorHandlingRunnable.java:54)
	at org.springframework.scheduling.concurrent.ReschedulingRunnable.run(ReschedulingRunnable.java:96)
	at java.base/java.util.concurrent.Executors$RunnableAdapter.call(Executors.java:539)
	at java.base/java.util.concurrent.FutureTask.run(FutureTask.java:264)
	at java.base/java.util.concurrent.ScheduledThreadPoolExecutor$ScheduledFutureTask.run(ScheduledThreadPoolExecutor.java:304)
	at java.base/java.util.concurrent.ThreadPoolExecutor.runWorker(ThreadPoolExecutor.java:1136)
	at java.base/java.util.concurrent.ThreadPoolExecutor$Worker.run(ThreadPoolExecutor.java:635)
	at java.base/java.lang.Thread.run(Thread.java:842)
Caused by: org.hibernate.exception.JDBCConnectionException: Unable to acquire JDBC Connection [HikariPool-1 - Connection is not available, request timed out after 30047ms.] [n/a]
	at org.hibernate.exception.internal.SQLExceptionTypeDelegate.convert(SQLExceptionTypeDelegate.java:51)
	at org.hibernate.exception.internal.StandardSQLExceptionConverter.convert(StandardSQLExceptionConverter.java:58)
	at org.hibernate.engine.jdbc.spi.SqlExceptionHelper.convert(SqlExceptionHelper.java:108)
	at org.hibernate.engine.jdbc.spi.SqlExceptionHelper.convert(SqlExceptionHelper.java:94)
	at org.hibernate.resource.jdbc.internal.LogicalConnectionManagedImpl.acquireConnectionIfNeeded(LogicalConnectionManagedImpl.java:116)
	at org.hibernate.resource.jdbc.internal.LogicalConnectionManagedImpl.getPhysicalConnection(LogicalConnectionManagedImpl.java:143)
	at org.hibernate.resource.jdbc.internal.LogicalConnectionManagedImpl.getConnectionForTransactionManagement(LogicalConnectionManagedImpl.java:273)
	at org.hibernate.resource.jdbc.internal.LogicalConnectionManagedImpl.begin(LogicalConnectionManagedImpl.java:281)
	at org.hibernate.resource.transaction.backend.jdbc.internal.JdbcResourceLocalTransactionCoordinatorImpl$TransactionDriverControlImpl.begin(JdbcResourceLocalTransactionCoordinatorImpl.java:232)
	at org.hibernate.engine.transaction.internal.TransactionImpl.begin(TransactionImpl.java:83)
	at org.springframework.orm.jpa.vendor.HibernateJpaDialect.beginTransaction(HibernateJpaDialect.java:176)
	at org.springframework.orm.jpa.JpaTransactionManager.doBegin(JpaTransactionManager.java:420)
	... 25 common frames omitted
Caused by: java.sql.SQLTransientConnectionException: HikariPool-1 - Connection is not available, request timed out after 30047ms.
	at com.zaxxer.hikari.pool.HikariPool.createTimeoutException(HikariPool.java:696)
	at com.zaxxer.hikari.pool.HikariPool.getConnection(HikariPool.java:181)
	at com.zaxxer.hikari.pool.HikariPool.getConnection(HikariPool.java:146)
	at com.zaxxer.hikari.HikariDataSource.getConnection(HikariDataSource.java:128)
	at org.hibernate.engine.jdbc.connections.internal.DatasourceConnectionProviderImpl.getConnection(DatasourceConnectionProviderImpl.java:122)
	at org.hibernate.internal.NonContextualJdbcConnectionAccess.obtainConnection(NonContextualJdbcConnectionAccess.java:46)
	at org.hibernate.resource.jdbc.internal.LogicalConnectionManagedImpl.acquireConnectionIfNeeded(LogicalConnectionManagedImpl.java:113)
	... 32 common frames omitted
Caused by: java.sql.SQLRecoverableException: Erreur d'E/S: The Network Adapter could not establish the connection (CONNECTION_ID=nqjWpVmWQmWItls6OpsS+Q==)
	at oracle.jdbc.driver.T4CConnection.handleLogonNetException(T4CConnection.java:892)
	at oracle.jdbc.driver.T4CConnection.logon(T4CConnection.java:697)
	at oracle.jdbc.driver.PhysicalConnection.connect(PhysicalConnection.java:1047)
	at oracle.jdbc.driver.T4CDriverExtension.getConnection(T4CDriverExtension.java:89)
	at oracle.jdbc.driver.OracleDriver.connect(OracleDriver.java:732)
	at oracle.jdbc.driver.OracleDriver.connect(OracleDriver.java:648)
	at com.zaxxer.hikari.util.DriverDataSource.getConnection(DriverDataSource.java:138)
	at com.zaxxer.hikari.pool.PoolBase.newConnection(PoolBase.java:359)
	at com.zaxxer.hikari.pool.PoolBase.newPoolEntry(PoolBase.java:201)
	at com.zaxxer.hikari.pool.HikariPool.createPoolEntry(HikariPool.java:470)
	at com.zaxxer.hikari.pool.HikariPool$PoolEntryCreator.call(HikariPool.java:733)
	at com.zaxxer.hikari.pool.HikariPool$PoolEntryCreator.call(HikariPool.java:712)
	at java.base/java.util.concurrent.FutureTask.run(FutureTask.java:264)
	... 3 common frames omitted
Caused by: oracle.net.ns.NetException: The Network Adapter could not establish the connection (CONNECTION_ID=nqjWpVmWQmWItls6OpsS+Q==)
	at oracle.net.nt.ConnStrategy.execute(ConnStrategy.java:715)
	at oracle.net.resolver.AddrResolution.resolveAndExecute(AddrResolution.java:584)
	at oracle.net.ns.NSProtocol.establishConnection(NSProtocol.java:964)
	at oracle.net.ns.NSProtocol.connect(NSProtocol.java:350)
	at oracle.jdbc.driver.T4CConnection.connect(T4CConnection.java:2441)
	at oracle.jdbc.driver.T4CConnection.logon(T4CConnection.java:656)
	... 14 common frames omitted
Caused by: java.io.IOException: No route to host: connect, socket connect lapse 0 ms. 37.187.250.163 1521  30000 (1/1) true
	at oracle.net.nt.TcpNTAdapter.establishSocket(TcpNTAdapter.java:425)
	at oracle.net.nt.TcpNTAdapter.doLocalDNSLookupConnect(TcpNTAdapter.java:307)
	at oracle.net.nt.TcpNTAdapter.connect(TcpNTAdapter.java:269)
	at oracle.net.nt.ConnOption.connect(ConnOption.java:230)
	at oracle.net.nt.ConnStrategy.executeConnOption(ConnStrategy.java:1014)
	at oracle.net.nt.ConnStrategy.execute(ConnStrategy.java:673)
	... 19 common frames omitted
Caused by: java.net.NoRouteToHostException: No route to host: connect
	at java.base/sun.nio.ch.Net.connect0(Native Method)
	at java.base/sun.nio.ch.Net.connect(Net.java:579)
	at java.base/sun.nio.ch.Net.connect(Net.java:586)
	at java.base/sun.nio.ch.SocketChannelImpl.connect(SocketChannelImpl.java:853)
	at java.base/java.nio.channels.SocketChannel.open(SocketChannel.java:285)
	at oracle.net.nt.TimeoutSocketChannel.connect(TimeoutSocketChannel.java:183)
	at oracle.net.nt.TimeoutSocketChannel.<init>(TimeoutSocketChannel.java:157)
	at oracle.net.nt.TcpNTAdapter.establishSocket(TcpNTAdapter.java:384)
	... 24 common frames omitted
2026-04-27 21:21:05.768 [scheduling-1] INFO  c.e.s.Scheduler.SignatureScheduler - === Début traitement automatique reception ===
2026-04-27 21:21:35.780 [scheduling-1] WARN  o.h.e.jdbc.spi.SqlExceptionHelper - SQL Error: 0, SQLState: 08006
2026-04-27 21:21:35.782 [scheduling-1] ERROR o.h.e.jdbc.spi.SqlExceptionHelper - HikariPool-1 - Connection is not available, request timed out after 30010ms.
2026-04-27 21:21:35.782 [scheduling-1] WARN  o.h.e.jdbc.spi.SqlExceptionHelper - SQL Error: 17002, SQLState: 08006
2026-04-27 21:21:35.782 [scheduling-1] ERROR o.h.e.jdbc.spi.SqlExceptionHelper - Erreur d'E/S: The Network Adapter could not establish the connection (CONNECTION_ID=Bs3DZ/qvT3abp+LD+spkcA==)
2026-04-27 21:21:35.883 [scheduling-1] ERROR c.e.s.Scheduler.SignatureScheduler - Erreur dans le scheduler reception
org.springframework.dao.DataAccessResourceFailureException: Unable to acquire JDBC Connection [HikariPool-1 - Connection is not available, request timed out after 30010ms.] [n/a]
	at org.springframework.orm.jpa.vendor.HibernateJpaDialect.convertHibernateAccessException(HibernateJpaDialect.java:274)
	at org.springframework.orm.jpa.vendor.HibernateJpaDialect.translateExceptionIfPossible(HibernateJpaDialect.java:241)
	at org.springframework.orm.jpa.AbstractEntityManagerFactoryBean.translateExceptionIfPossible(AbstractEntityManagerFactoryBean.java:550)
	at org.springframework.dao.support.ChainedPersistenceExceptionTranslator.translateExceptionIfPossible(ChainedPersistenceExceptionTranslator.java:61)
	at org.springframework.dao.support.DataAccessUtils.translateIfNecessary(DataAccessUtils.java:335)
	at org.springframework.dao.support.PersistenceExceptionTranslationInterceptor.invoke(PersistenceExceptionTranslationInterceptor.java:152)
	at org.springframework.aop.framework.ReflectiveMethodInvocation.proceed(ReflectiveMethodInvocation.java:184)
	at org.springframework.data.jpa.repository.support.CrudMethodMetadataPostProcessor$CrudMethodMetadataPopulatingMethodInterceptor.invoke(CrudMethodMetadataPostProcessor.java:135)
	at org.springframework.aop.framework.ReflectiveMethodInvocation.proceed(ReflectiveMethodInvocation.java:184)
	at org.springframework.aop.interceptor.ExposeInvocationInterceptor.invoke(ExposeInvocationInterceptor.java:97)
	at org.springframework.aop.framework.ReflectiveMethodInvocation.proceed(ReflectiveMethodInvocation.java:184)
	at org.springframework.aop.framework.JdkDynamicAopProxy.invoke(JdkDynamicAopProxy.java:223)
	at jdk.proxy2/jdk.proxy2.$Proxy134.findPathScanAs(Unknown Source)
	at com.example.signature.service.ReceptionProcessingService.processReceptionFolders(ReceptionProcessingService.java:46)
	at com.example.signature.Scheduler.SignatureScheduler.processReceptionAuto(SignatureScheduler.java:43)
	at jdk.internal.reflect.GeneratedMethodAccessor26.invoke(Unknown Source)
	at java.base/jdk.internal.reflect.DelegatingMethodAccessorImpl.invoke(DelegatingMethodAccessorImpl.java:43)
	at java.base/java.lang.reflect.Method.invoke(Method.java:568)
	at org.springframework.scheduling.support.ScheduledMethodRunnable.runInternal(ScheduledMethodRunnable.java:130)
	at org.springframework.scheduling.support.ScheduledMethodRunnable.lambda$run$2(ScheduledMethodRunnable.java:124)
	at io.micrometer.observation.Observation.observe(Observation.java:499)
	at org.springframework.scheduling.support.ScheduledMethodRunnable.run(ScheduledMethodRunnable.java:124)
	at org.springframework.scheduling.support.DelegatingErrorHandlingRunnable.run(DelegatingErrorHandlingRunnable.java:54)
	at org.springframework.scheduling.concurrent.ReschedulingRunnable.run(ReschedulingRunnable.java:96)
	at java.base/java.util.concurrent.Executors$RunnableAdapter.call(Executors.java:539)
	at java.base/java.util.concurrent.FutureTask.run(FutureTask.java:264)
	at java.base/java.util.concurrent.ScheduledThreadPoolExecutor$ScheduledFutureTask.run(ScheduledThreadPoolExecutor.java:304)
	at java.base/java.util.concurrent.ThreadPoolExecutor.runWorker(ThreadPoolExecutor.java:1136)
	at java.base/java.util.concurrent.ThreadPoolExecutor$Worker.run(ThreadPoolExecutor.java:635)
	at java.base/java.lang.Thread.run(Thread.java:842)
Caused by: org.hibernate.exception.JDBCConnectionException: Unable to acquire JDBC Connection [HikariPool-1 - Connection is not available, request timed out after 30010ms.] [n/a]
	at org.hibernate.exception.internal.SQLExceptionTypeDelegate.convert(SQLExceptionTypeDelegate.java:51)
	at org.hibernate.exception.internal.StandardSQLExceptionConverter.convert(StandardSQLExceptionConverter.java:58)
	at org.hibernate.engine.jdbc.spi.SqlExceptionHelper.convert(SqlExceptionHelper.java:108)
	at org.hibernate.engine.jdbc.spi.SqlExceptionHelper.convert(SqlExceptionHelper.java:94)
	at org.hibernate.resource.jdbc.internal.LogicalConnectionManagedImpl.acquireConnectionIfNeeded(LogicalConnectionManagedImpl.java:116)
	at org.hibernate.resource.jdbc.internal.LogicalConnectionManagedImpl.getPhysicalConnection(LogicalConnectionManagedImpl.java:143)
	at org.hibernate.engine.jdbc.internal.StatementPreparerImpl.connection(StatementPreparerImpl.java:54)
	at org.hibernate.engine.jdbc.internal.StatementPreparerImpl$5.doPrepare(StatementPreparerImpl.java:153)
	at org.hibernate.engine.jdbc.internal.StatementPreparerImpl$StatementPreparationTemplate.prepareStatement(StatementPreparerImpl.java:183)
	at org.hibernate.engine.jdbc.internal.StatementPreparerImpl.prepareQueryStatement(StatementPreparerImpl.java:155)
	at org.hibernate.sql.exec.spi.JdbcSelectExecutor.lambda$list$0(JdbcSelectExecutor.java:85)
	at org.hibernate.sql.results.jdbc.internal.DeferredResultSetAccess.executeQuery(DeferredResultSetAccess.java:231)
	at org.hibernate.sql.results.jdbc.internal.DeferredResultSetAccess.getResultSet(DeferredResultSetAccess.java:167)
	at org.hibernate.sql.results.jdbc.internal.JdbcValuesResultSetImpl.advanceNext(JdbcValuesResultSetImpl.java:218)
	at org.hibernate.sql.results.jdbc.internal.JdbcValuesResultSetImpl.processNext(JdbcValuesResultSetImpl.java:98)
	at org.hibernate.sql.results.jdbc.internal.AbstractJdbcValues.next(AbstractJdbcValues.java:19)
	at org.hibernate.sql.results.internal.RowProcessingStateStandardImpl.next(RowProcessingStateStandardImpl.java:66)
	at org.hibernate.sql.results.spi.ListResultsConsumer.consume(ListResultsConsumer.java:202)
	at org.hibernate.sql.results.spi.ListResultsConsumer.consume(ListResultsConsumer.java:33)
	at org.hibernate.sql.exec.internal.JdbcSelectExecutorStandardImpl.doExecuteQuery(JdbcSelectExecutorStandardImpl.java:209)
	at org.hibernate.sql.exec.internal.JdbcSelectExecutorStandardImpl.executeQuery(JdbcSelectExecutorStandardImpl.java:83)
	at org.hibernate.sql.exec.spi.JdbcSelectExecutor.list(JdbcSelectExecutor.java:76)
	at org.hibernate.sql.exec.spi.JdbcSelectExecutor.list(JdbcSelectExecutor.java:65)
	at org.hibernate.query.sqm.internal.ConcreteSqmSelectQueryPlan.lambda$new$2(ConcreteSqmSelectQueryPlan.java:137)
	at org.hibernate.query.sqm.internal.ConcreteSqmSelectQueryPlan.withCacheableSqmInterpretation(ConcreteSqmSelectQueryPlan.java:362)
	at org.hibernate.query.sqm.internal.ConcreteSqmSelectQueryPlan.performList(ConcreteSqmSelectQueryPlan.java:303)
	at org.hibernate.query.sqm.internal.QuerySqmImpl.doList(QuerySqmImpl.java:509)
	at org.hibernate.query.spi.AbstractSelectionQuery.list(AbstractSelectionQuery.java:427)
	at org.hibernate.query.spi.AbstractSelectionQuery.getSingleResult(AbstractSelectionQuery.java:564)
	at jdk.internal.reflect.GeneratedMethodAccessor27.invoke(Unknown Source)
	at java.base/jdk.internal.reflect.DelegatingMethodAccessorImpl.invoke(DelegatingMethodAccessorImpl.java:43)
	at java.base/java.lang.reflect.Method.invoke(Method.java:568)
	at org.springframework.orm.jpa.SharedEntityManagerCreator$DeferredQueryInvocationHandler.invoke(SharedEntityManagerCreator.java:415)
	at jdk.proxy2/jdk.proxy2.$Proxy141.getSingleResult(Unknown Source)
	at org.springframework.data.jpa.repository.query.JpaQueryExecution$SingleEntityExecution.doExecute(JpaQueryExecution.java:223)
	at org.springframework.data.jpa.repository.query.JpaQueryExecution.execute(JpaQueryExecution.java:92)
	at org.springframework.data.jpa.repository.query.AbstractJpaQuery.doExecute(AbstractJpaQuery.java:149)
	at org.springframework.data.jpa.repository.query.AbstractJpaQuery.execute(AbstractJpaQuery.java:137)
	at org.springframework.data.repository.core.support.RepositoryMethodInvoker.doInvoke(RepositoryMethodInvoker.java:170)
	at org.springframework.data.repository.core.support.RepositoryMethodInvoker.invoke(RepositoryMethodInvoker.java:158)
	at org.springframework.data.repository.core.support.QueryExecutorMethodInterceptor.doInvoke(QueryExecutorMethodInterceptor.java:164)
	at org.springframework.data.repository.core.support.QueryExecutorMethodInterceptor.invoke(QueryExecutorMethodInterceptor.java:143)
	at org.springframework.aop.framework.ReflectiveMethodInvocation.proceed(ReflectiveMethodInvocation.java:184)
	at org.springframework.data.projection.DefaultMethodInvokingMethodInterceptor.invoke(DefaultMethodInvokingMethodInterceptor.java:70)
	at org.springframework.aop.framework.ReflectiveMethodInvocation.proceed(ReflectiveMethodInvocation.java:184)
	at org.springframework.transaction.interceptor.TransactionInterceptor$1.proceedWithInvocation(TransactionInterceptor.java:123)
	at org.springframework.transaction.interceptor.TransactionAspectSupport.invokeWithinTransaction(TransactionAspectSupport.java:392)
	at org.springframework.transaction.interceptor.TransactionInterceptor.invoke(TransactionInterceptor.java:119)
	at org.springframework.aop.framework.ReflectiveMethodInvocation.proceed(ReflectiveMethodInvocation.java:184)
	at org.springframework.dao.support.PersistenceExceptionTranslationInterceptor.invoke(PersistenceExceptionTranslationInterceptor.java:137)
	... 24 common frames omitted
Caused by: java.sql.SQLTransientConnectionException: HikariPool-1 - Connection is not available, request timed out after 30010ms.
	at com.zaxxer.hikari.pool.HikariPool.createTimeoutException(HikariPool.java:696)
	at com.zaxxer.hikari.pool.HikariPool.getConnection(HikariPool.java:181)
	at com.zaxxer.hikari.pool.HikariPool.getConnection(HikariPool.java:146)
	at com.zaxxer.hikari.HikariDataSource.getConnection(HikariDataSource.java:128)
	at org.hibernate.engine.jdbc.connections.internal.DatasourceConnectionProviderImpl.getConnection(DatasourceConnectionProviderImpl.java:122)
	at org.hibernate.internal.NonContextualJdbcConnectionAccess.obtainConnection(NonContextualJdbcConnectionAccess.java:46)
	at org.hibernate.resource.jdbc.internal.LogicalConnectionManagedImpl.acquireConnectionIfNeeded(LogicalConnectionManagedImpl.java:113)
	... 69 common frames omitted
Caused by: java.sql.SQLRecoverableException: Erreur d'E/S: The Network Adapter could not establish the connection (CONNECTION_ID=Bs3DZ/qvT3abp+LD+spkcA==)
	at oracle.jdbc.driver.T4CConnection.handleLogonNetException(T4CConnection.java:892)
	at oracle.jdbc.driver.T4CConnection.logon(T4CConnection.java:697)
	at oracle.jdbc.driver.PhysicalConnection.connect(PhysicalConnection.java:1047)
	at oracle.jdbc.driver.T4CDriverExtension.getConnection(T4CDriverExtension.java:89)
	at oracle.jdbc.driver.OracleDriver.connect(OracleDriver.java:732)
	at oracle.jdbc.driver.OracleDriver.connect(OracleDriver.java:648)
	at com.zaxxer.hikari.util.DriverDataSource.getConnection(DriverDataSource.java:138)
	at com.zaxxer.hikari.pool.PoolBase.newConnection(PoolBase.java:359)
	at com.zaxxer.hikari.pool.PoolBase.newPoolEntry(PoolBase.java:201)
	at com.zaxxer.hikari.pool.HikariPool.createPoolEntry(HikariPool.java:470)
	at com.zaxxer.hikari.pool.HikariPool$PoolEntryCreator.call(HikariPool.java:733)
	at com.zaxxer.hikari.pool.HikariPool$PoolEntryCreator.call(HikariPool.java:712)
	at java.base/java.util.concurrent.FutureTask.run(FutureTask.java:264)
	... 3 common frames omitted
Caused by: oracle.net.ns.NetException: The Network Adapter could not establish the connection (CONNECTION_ID=Bs3DZ/qvT3abp+LD+spkcA==)
	at oracle.net.nt.ConnStrategy.execute(ConnStrategy.java:715)
	at oracle.net.resolver.AddrResolution.resolveAndExecute(AddrResolution.java:584)
	at oracle.net.ns.NSProtocol.establishConnection(NSProtocol.java:964)
	at oracle.net.ns.NSProtocol.connect(NSProtocol.java:350)
	at oracle.jdbc.driver.T4CConnection.connect(T4CConnection.java:2441)
	at oracle.jdbc.driver.T4CConnection.logon(T4CConnection.java:656)
	... 14 common frames omitted
Caused by: java.io.IOException: No route to host: connect, socket connect lapse 0 ms. 37.187.250.163 1521  30000 (1/1) true
	at oracle.net.nt.TcpNTAdapter.establishSocket(TcpNTAdapter.java:425)
	at oracle.net.nt.TcpNTAdapter.doLocalDNSLookupConnect(TcpNTAdapter.java:307)
	at oracle.net.nt.TcpNTAdapter.connect(TcpNTAdapter.java:269)
	at oracle.net.nt.ConnOption.connect(ConnOption.java:230)
	at oracle.net.nt.ConnStrategy.executeConnOption(ConnStrategy.java:1014)
	at oracle.net.nt.ConnStrategy.execute(ConnStrategy.java:673)
	... 19 common frames omitted
Caused by: java.net.NoRouteToHostException: No route to host: connect
	at java.base/sun.nio.ch.Net.connect0(Native Method)
	at java.base/sun.nio.ch.Net.connect(Net.java:579)
	at java.base/sun.nio.ch.Net.connect(Net.java:586)
	at java.base/sun.nio.ch.SocketChannelImpl.connect(SocketChannelImpl.java:853)
	at java.base/java.nio.channels.SocketChannel.open(SocketChannel.java:285)
	at oracle.net.nt.TimeoutSocketChannel.connect(TimeoutSocketChannel.java:183)
	at oracle.net.nt.TimeoutSocketChannel.<init>(TimeoutSocketChannel.java:157)
	at oracle.net.nt.TcpNTAdapter.establishSocket(TcpNTAdapter.java:384)
	... 24 common frames omitted
2026-04-27 21:22:00.016 [scheduling-1] INFO  c.e.s.Scheduler.SignatureScheduler - Début traitement automatique des signatures...
2026-04-27 21:22:30.029 [scheduling-1] WARN  o.h.e.jdbc.spi.SqlExceptionHelper - SQL Error: 0, SQLState: 08006
2026-04-27 21:22:30.029 [scheduling-1] ERROR o.h.e.jdbc.spi.SqlExceptionHelper - HikariPool-1 - Connection is not available, request timed out after 30010ms.
2026-04-27 21:22:30.032 [scheduling-1] WARN  o.h.e.jdbc.spi.SqlExceptionHelper - SQL Error: 17002, SQLState: 08006
2026-04-27 21:22:30.073 [scheduling-1] ERROR o.h.e.jdbc.spi.SqlExceptionHelper - Erreur d'E/S: The Network Adapter could not establish the connection (CONNECTION_ID=DWxdFP36RJasb08rbfhNmg==)
2026-04-27 21:22:30.073 [scheduling-1] ERROR c.e.s.Scheduler.SignatureScheduler - Erreur dans le scheduler signature
org.springframework.transaction.CannotCreateTransactionException: Could not open JPA EntityManager for transaction
	at org.springframework.orm.jpa.JpaTransactionManager.doBegin(JpaTransactionManager.java:466)
	at org.springframework.transaction.support.AbstractPlatformTransactionManager.startTransaction(AbstractPlatformTransactionManager.java:531)
	at org.springframework.transaction.support.AbstractPlatformTransactionManager.getTransaction(AbstractPlatformTransactionManager.java:405)
	at org.springframework.transaction.interceptor.TransactionAspectSupport.createTransactionIfNecessary(TransactionAspectSupport.java:617)
	at org.springframework.transaction.interceptor.TransactionAspectSupport.invokeWithinTransaction(TransactionAspectSupport.java:386)
	at org.springframework.transaction.interceptor.TransactionInterceptor.invoke(TransactionInterceptor.java:119)
	at org.springframework.aop.framework.ReflectiveMethodInvocation.proceed(ReflectiveMethodInvocation.java:184)
	at org.springframework.aop.framework.CglibAopProxy$CglibMethodInvocation.proceed(CglibAopProxy.java:768)
	at org.springframework.aop.framework.CglibAopProxy$DynamicAdvisedInterceptor.intercept(CglibAopProxy.java:720)
	at com.example.signature.service.ImailSignatureService$$SpringCGLIB$$0.comparePendingSignatures(<generated>)
	at com.example.signature.Scheduler.SignatureScheduler.runSignatureCheck(SignatureScheduler.java:32)
	at jdk.internal.reflect.GeneratedMethodAccessor28.invoke(Unknown Source)
	at java.base/jdk.internal.reflect.DelegatingMethodAccessorImpl.invoke(DelegatingMethodAccessorImpl.java:43)
	at java.base/java.lang.reflect.Method.invoke(Method.java:568)
	at org.springframework.scheduling.support.ScheduledMethodRunnable.runInternal(ScheduledMethodRunnable.java:130)
	at org.springframework.scheduling.support.ScheduledMethodRunnable.lambda$run$2(ScheduledMethodRunnable.java:124)
	at io.micrometer.observation.Observation.observe(Observation.java:499)
	at org.springframework.scheduling.support.ScheduledMethodRunnable.run(ScheduledMethodRunnable.java:124)
	at org.springframework.scheduling.support.DelegatingErrorHandlingRunnable.run(DelegatingErrorHandlingRunnable.java:54)
	at org.springframework.scheduling.concurrent.ReschedulingRunnable.run(ReschedulingRunnable.java:96)
	at java.base/java.util.concurrent.Executors$RunnableAdapter.call(Executors.java:539)
	at java.base/java.util.concurrent.FutureTask.run(FutureTask.java:264)
	at java.base/java.util.concurrent.ScheduledThreadPoolExecutor$ScheduledFutureTask.run(ScheduledThreadPoolExecutor.java:304)
	at java.base/java.util.concurrent.ThreadPoolExecutor.runWorker(ThreadPoolExecutor.java:1136)
	at java.base/java.util.concurrent.ThreadPoolExecutor$Worker.run(ThreadPoolExecutor.java:635)
	at java.base/java.lang.Thread.run(Thread.java:842)
Caused by: org.hibernate.exception.JDBCConnectionException: Unable to acquire JDBC Connection [HikariPool-1 - Connection is not available, request timed out after 30010ms.] [n/a]
	at org.hibernate.exception.internal.SQLExceptionTypeDelegate.convert(SQLExceptionTypeDelegate.java:51)
	at org.hibernate.exception.internal.StandardSQLExceptionConverter.convert(StandardSQLExceptionConverter.java:58)
	at org.hibernate.engine.jdbc.spi.SqlExceptionHelper.convert(SqlExceptionHelper.java:108)
	at org.hibernate.engine.jdbc.spi.SqlExceptionHelper.convert(SqlExceptionHelper.java:94)
	at org.hibernate.resource.jdbc.internal.LogicalConnectionManagedImpl.acquireConnectionIfNeeded(LogicalConnectionManagedImpl.java:116)
	at org.hibernate.resource.jdbc.internal.LogicalConnectionManagedImpl.getPhysicalConnection(LogicalConnectionManagedImpl.java:143)
	at org.hibernate.resource.jdbc.internal.LogicalConnectionManagedImpl.getConnectionForTransactionManagement(LogicalConnectionManagedImpl.java:273)
	at org.hibernate.resource.jdbc.internal.LogicalConnectionManagedImpl.begin(LogicalConnectionManagedImpl.java:281)
	at org.hibernate.resource.transaction.backend.jdbc.internal.JdbcResourceLocalTransactionCoordinatorImpl$TransactionDriverControlImpl.begin(JdbcResourceLocalTransactionCoordinatorImpl.java:232)
	at org.hibernate.engine.transaction.internal.TransactionImpl.begin(TransactionImpl.java:83)
	at org.springframework.orm.jpa.vendor.HibernateJpaDialect.beginTransaction(HibernateJpaDialect.java:176)
	at org.springframework.orm.jpa.JpaTransactionManager.doBegin(JpaTransactionManager.java:420)
	... 25 common frames omitted
Caused by: java.sql.SQLTransientConnectionException: HikariPool-1 - Connection is not available, request timed out after 30010ms.
	at com.zaxxer.hikari.pool.HikariPool.createTimeoutException(HikariPool.java:696)
	at com.zaxxer.hikari.pool.HikariPool.getConnection(HikariPool.java:181)
	at com.zaxxer.hikari.pool.HikariPool.getConnection(HikariPool.java:146)
	at com.zaxxer.hikari.HikariDataSource.getConnection(HikariDataSource.java:128)
	at org.hibernate.engine.jdbc.connections.internal.DatasourceConnectionProviderImpl.getConnection(DatasourceConnectionProviderImpl.java:122)
	at org.hibernate.internal.NonContextualJdbcConnectionAccess.obtainConnection(NonContextualJdbcConnectionAccess.java:46)
	at org.hibernate.resource.jdbc.internal.LogicalConnectionManagedImpl.acquireConnectionIfNeeded(LogicalConnectionManagedImpl.java:113)
	... 32 common frames omitted
Caused by: java.sql.SQLRecoverableException: Erreur d'E/S: The Network Adapter could not establish the connection (CONNECTION_ID=DWxdFP36RJasb08rbfhNmg==)
	at oracle.jdbc.driver.T4CConnection.handleLogonNetException(T4CConnection.java:892)
	at oracle.jdbc.driver.T4CConnection.logon(T4CConnection.java:697)
	at oracle.jdbc.driver.PhysicalConnection.connect(PhysicalConnection.java:1047)
	at oracle.jdbc.driver.T4CDriverExtension.getConnection(T4CDriverExtension.java:89)
	at oracle.jdbc.driver.OracleDriver.connect(OracleDriver.java:732)
	at oracle.jdbc.driver.OracleDriver.connect(OracleDriver.java:648)
	at com.zaxxer.hikari.util.DriverDataSource.getConnection(DriverDataSource.java:138)
	at com.zaxxer.hikari.pool.PoolBase.newConnection(PoolBase.java:359)
	at com.zaxxer.hikari.pool.PoolBase.newPoolEntry(PoolBase.java:201)
	at com.zaxxer.hikari.pool.HikariPool.createPoolEntry(HikariPool.java:470)
	at com.zaxxer.hikari.pool.HikariPool$PoolEntryCreator.call(HikariPool.java:733)
	at com.zaxxer.hikari.pool.HikariPool$PoolEntryCreator.call(HikariPool.java:712)
	at java.base/java.util.concurrent.FutureTask.run(FutureTask.java:264)
	... 3 common frames omitted
Caused by: oracle.net.ns.NetException: The Network Adapter could not establish the connection (CONNECTION_ID=DWxdFP36RJasb08rbfhNmg==)
	at oracle.net.nt.ConnStrategy.execute(ConnStrategy.java:715)
	at oracle.net.resolver.AddrResolution.resolveAndExecute(AddrResolution.java:584)
	at oracle.net.ns.NSProtocol.establishConnection(NSProtocol.java:964)
	at oracle.net.ns.NSProtocol.connect(NSProtocol.java:350)
	at oracle.jdbc.driver.T4CConnection.connect(T4CConnection.java:2441)
	at oracle.jdbc.driver.T4CConnection.logon(T4CConnection.java:656)
	... 14 common frames omitted
Caused by: java.io.IOException: Socket read timed out, socket connect lapse 30007 ms. 37.187.250.163 1521  30000 (1/1) true
	at oracle.net.nt.TcpNTAdapter.establishSocket(TcpNTAdapter.java:403)
	at oracle.net.nt.TcpNTAdapter.doLocalDNSLookupConnect(TcpNTAdapter.java:307)
	at oracle.net.nt.TcpNTAdapter.connect(TcpNTAdapter.java:269)
	at oracle.net.nt.ConnOption.connect(ConnOption.java:230)
	at oracle.net.nt.ConnStrategy.executeConnOption(ConnStrategy.java:1014)
	at oracle.net.nt.ConnStrategy.execute(ConnStrategy.java:673)
	... 19 common frames omitted
Caused by: oracle.net.nt.TimeoutInterruptHandler$IOReadTimeoutException: Socket read timed out
	at oracle.net.nt.TimeoutSocketChannel.handleInterrupt(TimeoutSocketChannel.java:543)
	at oracle.net.nt.TimeoutSocketChannel.connect(TimeoutSocketChannel.java:196)
	at oracle.net.nt.TimeoutSocketChannel.<init>(TimeoutSocketChannel.java:157)
	at oracle.net.nt.TcpNTAdapter.establishSocket(TcpNTAdapter.java:384)
	... 24 common frames omitted
2026-04-27 21:22:30.075 [scheduling-1] INFO  c.e.s.Scheduler.SignatureScheduler - === Début traitement automatique reception ===
2026-04-27 21:23:00.077 [scheduling-1] WARN  o.h.e.jdbc.spi.SqlExceptionHelper - SQL Error: 0, SQLState: 08006
2026-04-27 21:23:00.077 [scheduling-1] ERROR o.h.e.jdbc.spi.SqlExceptionHelper - HikariPool-1 - Connection is not available, request timed out after 30000ms.
2026-04-27 21:23:00.077 [scheduling-1] WARN  o.h.e.jdbc.spi.SqlExceptionHelper - SQL Error: 17002, SQLState: 08006
2026-04-27 21:23:00.077 [scheduling-1] ERROR o.h.e.jdbc.spi.SqlExceptionHelper - Erreur d'E/S: The Network Adapter could not establish the connection (CONNECTION_ID=7L9GBpjTSoicgF8n8XdGpQ==)
2026-04-27 21:23:00.077 [scheduling-1] ERROR c.e.s.Scheduler.SignatureScheduler - Erreur dans le scheduler reception
org.springframework.dao.DataAccessResourceFailureException: Unable to acquire JDBC Connection [HikariPool-1 - Connection is not available, request timed out after 30000ms.] [n/a]
	at org.springframework.orm.jpa.vendor.HibernateJpaDialect.convertHibernateAccessException(HibernateJpaDialect.java:274)
	at org.springframework.orm.jpa.vendor.HibernateJpaDialect.translateExceptionIfPossible(HibernateJpaDialect.java:241)
	at org.springframework.orm.jpa.AbstractEntityManagerFactoryBean.translateExceptionIfPossible(AbstractEntityManagerFactoryBean.java:550)
	at org.springframework.dao.support.ChainedPersistenceExceptionTranslator.translateExceptionIfPossible(ChainedPersistenceExceptionTranslator.java:61)
	at org.springframework.dao.support.DataAccessUtils.translateIfNecessary(DataAccessUtils.java:335)
	at org.springframework.dao.support.PersistenceExceptionTranslationInterceptor.invoke(PersistenceExceptionTranslationInterceptor.java:152)
	at org.springframework.aop.framework.ReflectiveMethodInvocation.proceed(ReflectiveMethodInvocation.java:184)
	at org.springframework.data.jpa.repository.support.CrudMethodMetadataPostProcessor$CrudMethodMetadataPopulatingMethodInterceptor.invoke(CrudMethodMetadataPostProcessor.java:135)
	at org.springframework.aop.framework.ReflectiveMethodInvocation.proceed(ReflectiveMethodInvocation.java:184)
	at org.springframework.aop.interceptor.ExposeInvocationInterceptor.invoke(ExposeInvocationInterceptor.java:97)
	at org.springframework.aop.framework.ReflectiveMethodInvocation.proceed(ReflectiveMethodInvocation.java:184)
	at org.springframework.aop.framework.JdkDynamicAopProxy.invoke(JdkDynamicAopProxy.java:223)
	at jdk.proxy2/jdk.proxy2.$Proxy134.findPathScanAs(Unknown Source)
	at com.example.signature.service.ReceptionProcessingService.processReceptionFolders(ReceptionProcessingService.java:46)
	at com.example.signature.Scheduler.SignatureScheduler.processReceptionAuto(SignatureScheduler.java:43)
	at jdk.internal.reflect.GeneratedMethodAccessor26.invoke(Unknown Source)
	at java.base/jdk.internal.reflect.DelegatingMethodAccessorImpl.invoke(DelegatingMethodAccessorImpl.java:43)
	at java.base/java.lang.reflect.Method.invoke(Method.java:568)
	at org.springframework.scheduling.support.ScheduledMethodRunnable.runInternal(ScheduledMethodRunnable.java:130)
	at org.springframework.scheduling.support.ScheduledMethodRunnable.lambda$run$2(ScheduledMethodRunnable.java:124)
	at io.micrometer.observation.Observation.observe(Observation.java:499)
	at org.springframework.scheduling.support.ScheduledMethodRunnable.run(ScheduledMethodRunnable.java:124)
	at org.springframework.scheduling.support.DelegatingErrorHandlingRunnable.run(DelegatingErrorHandlingRunnable.java:54)
	at org.springframework.scheduling.concurrent.ReschedulingRunnable.run(ReschedulingRunnable.java:96)
	at java.base/java.util.concurrent.Executors$RunnableAdapter.call(Executors.java:539)
	at java.base/java.util.concurrent.FutureTask.run(FutureTask.java:264)
	at java.base/java.util.concurrent.ScheduledThreadPoolExecutor$ScheduledFutureTask.run(ScheduledThreadPoolExecutor.java:304)
	at java.base/java.util.concurrent.ThreadPoolExecutor.runWorker(ThreadPoolExecutor.java:1136)
	at java.base/java.util.concurrent.ThreadPoolExecutor$Worker.run(ThreadPoolExecutor.java:635)
	at java.base/java.lang.Thread.run(Thread.java:842)
Caused by: org.hibernate.exception.JDBCConnectionException: Unable to acquire JDBC Connection [HikariPool-1 - Connection is not available, request timed out after 30000ms.] [n/a]
	at org.hibernate.exception.internal.SQLExceptionTypeDelegate.convert(SQLExceptionTypeDelegate.java:51)
	at org.hibernate.exception.internal.StandardSQLExceptionConverter.convert(StandardSQLExceptionConverter.java:58)
	at org.hibernate.engine.jdbc.spi.SqlExceptionHelper.convert(SqlExceptionHelper.java:108)
	at org.hibernate.engine.jdbc.spi.SqlExceptionHelper.convert(SqlExceptionHelper.java:94)
	at org.hibernate.resource.jdbc.internal.LogicalConnectionManagedImpl.acquireConnectionIfNeeded(LogicalConnectionManagedImpl.java:116)
	at org.hibernate.resource.jdbc.internal.LogicalConnectionManagedImpl.getPhysicalConnection(LogicalConnectionManagedImpl.java:143)
	at org.hibernate.engine.jdbc.internal.StatementPreparerImpl.connection(StatementPreparerImpl.java:54)
	at org.hibernate.engine.jdbc.internal.StatementPreparerImpl$5.doPrepare(StatementPreparerImpl.java:153)
	at org.hibernate.engine.jdbc.internal.StatementPreparerImpl$StatementPreparationTemplate.prepareStatement(StatementPreparerImpl.java:183)
	at org.hibernate.engine.jdbc.internal.StatementPreparerImpl.prepareQueryStatement(StatementPreparerImpl.java:155)
	at org.hibernate.sql.exec.spi.JdbcSelectExecutor.lambda$list$0(JdbcSelectExecutor.java:85)
	at org.hibernate.sql.results.jdbc.internal.DeferredResultSetAccess.executeQuery(DeferredResultSetAccess.java:231)
	at org.hibernate.sql.results.jdbc.internal.DeferredResultSetAccess.getResultSet(DeferredResultSetAccess.java:167)
	at org.hibernate.sql.results.jdbc.internal.JdbcValuesResultSetImpl.advanceNext(JdbcValuesResultSetImpl.java:218)
	at org.hibernate.sql.results.jdbc.internal.JdbcValuesResultSetImpl.processNext(JdbcValuesResultSetImpl.java:98)
	at org.hibernate.sql.results.jdbc.internal.AbstractJdbcValues.next(AbstractJdbcValues.java:19)
	at org.hibernate.sql.results.internal.RowProcessingStateStandardImpl.next(RowProcessingStateStandardImpl.java:66)
	at org.hibernate.sql.results.spi.ListResultsConsumer.consume(ListResultsConsumer.java:202)
	at org.hibernate.sql.results.spi.ListResultsConsumer.consume(ListResultsConsumer.java:33)
	at org.hibernate.sql.exec.internal.JdbcSelectExecutorStandardImpl.doExecuteQuery(JdbcSelectExecutorStandardImpl.java:209)
	at org.hibernate.sql.exec.internal.JdbcSelectExecutorStandardImpl.executeQuery(JdbcSelectExecutorStandardImpl.java:83)
	at org.hibernate.sql.exec.spi.JdbcSelectExecutor.list(JdbcSelectExecutor.java:76)
	at org.hibernate.sql.exec.spi.JdbcSelectExecutor.list(JdbcSelectExecutor.java:65)
	at org.hibernate.query.sqm.internal.ConcreteSqmSelectQueryPlan.lambda$new$2(ConcreteSqmSelectQueryPlan.java:137)
	at org.hibernate.query.sqm.internal.ConcreteSqmSelectQueryPlan.withCacheableSqmInterpretation(ConcreteSqmSelectQueryPlan.java:362)
	at org.hibernate.query.sqm.internal.ConcreteSqmSelectQueryPlan.performList(ConcreteSqmSelectQueryPlan.java:303)
	at org.hibernate.query.sqm.internal.QuerySqmImpl.doList(QuerySqmImpl.java:509)
	at org.hibernate.query.spi.AbstractSelectionQuery.list(AbstractSelectionQuery.java:427)
	at org.hibernate.query.spi.AbstractSelectionQuery.getSingleResult(AbstractSelectionQuery.java:564)
	at jdk.internal.reflect.GeneratedMethodAccessor27.invoke(Unknown Source)
	at java.base/jdk.internal.reflect.DelegatingMethodAccessorImpl.invoke(DelegatingMethodAccessorImpl.java:43)
	at java.base/java.lang.reflect.Method.invoke(Method.java:568)
	at org.springframework.orm.jpa.SharedEntityManagerCreator$DeferredQueryInvocationHandler.invoke(SharedEntityManagerCreator.java:415)
	at jdk.proxy2/jdk.proxy2.$Proxy141.getSingleResult(Unknown Source)
	at org.springframework.data.jpa.repository.query.JpaQueryExecution$SingleEntityExecution.doExecute(JpaQueryExecution.java:223)
	at org.springframework.data.jpa.repository.query.JpaQueryExecution.execute(JpaQueryExecution.java:92)
	at org.springframework.data.jpa.repository.query.AbstractJpaQuery.doExecute(AbstractJpaQuery.java:149)
	at org.springframework.data.jpa.repository.query.AbstractJpaQuery.execute(AbstractJpaQuery.java:137)
	at org.springframework.data.repository.core.support.RepositoryMethodInvoker.doInvoke(RepositoryMethodInvoker.java:170)
	at org.springframework.data.repository.core.support.RepositoryMethodInvoker.invoke(RepositoryMethodInvoker.java:158)
	at org.springframework.data.repository.core.support.QueryExecutorMethodInterceptor.doInvoke(QueryExecutorMethodInterceptor.java:164)
	at org.springframework.data.repository.core.support.QueryExecutorMethodInterceptor.invoke(QueryExecutorMethodInterceptor.java:143)
	at org.springframework.aop.framework.ReflectiveMethodInvocation.proceed(ReflectiveMethodInvocation.java:184)
	at org.springframework.data.projection.DefaultMethodInvokingMethodInterceptor.invoke(DefaultMethodInvokingMethodInterceptor.java:70)
	at org.springframework.aop.framework.ReflectiveMethodInvocation.proceed(ReflectiveMethodInvocation.java:184)
	at org.springframework.transaction.interceptor.TransactionInterceptor$1.proceedWithInvocation(TransactionInterceptor.java:123)
	at org.springframework.transaction.interceptor.TransactionAspectSupport.invokeWithinTransaction(TransactionAspectSupport.java:392)
	at org.springframework.transaction.interceptor.TransactionInterceptor.invoke(TransactionInterceptor.java:119)
	at org.springframework.aop.framework.ReflectiveMethodInvocation.proceed(ReflectiveMethodInvocation.java:184)
	at org.springframework.dao.support.PersistenceExceptionTranslationInterceptor.invoke(PersistenceExceptionTranslationInterceptor.java:137)
	... 24 common frames omitted
Caused by: java.sql.SQLTransientConnectionException: HikariPool-1 - Connection is not available, request timed out after 30000ms.
	at com.zaxxer.hikari.pool.HikariPool.createTimeoutException(HikariPool.java:696)
	at com.zaxxer.hikari.pool.HikariPool.getConnection(HikariPool.java:181)
	at com.zaxxer.hikari.pool.HikariPool.getConnection(HikariPool.java:146)
	at com.zaxxer.hikari.HikariDataSource.getConnection(HikariDataSource.java:128)
	at org.hibernate.engine.jdbc.connections.internal.DatasourceConnectionProviderImpl.getConnection(DatasourceConnectionProviderImpl.java:122)
	at org.hibernate.internal.NonContextualJdbcConnectionAccess.obtainConnection(NonContextualJdbcConnectionAccess.java:46)
	at org.hibernate.resource.jdbc.internal.LogicalConnectionManagedImpl.acquireConnectionIfNeeded(LogicalConnectionManagedImpl.java:113)
	... 69 common frames omitted
Caused by: java.sql.SQLRecoverableException: Erreur d'E/S: The Network Adapter could not establish the connection (CONNECTION_ID=7L9GBpjTSoicgF8n8XdGpQ==)
	at oracle.jdbc.driver.T4CConnection.handleLogonNetException(T4CConnection.java:892)
	at oracle.jdbc.driver.T4CConnection.logon(T4CConnection.java:697)
	at oracle.jdbc.driver.PhysicalConnection.connect(PhysicalConnection.java:1047)
	at oracle.jdbc.driver.T4CDriverExtension.getConnection(T4CDriverExtension.java:89)
	at oracle.jdbc.driver.OracleDriver.connect(OracleDriver.java:732)
	at oracle.jdbc.driver.OracleDriver.connect(OracleDriver.java:648)
	at com.zaxxer.hikari.util.DriverDataSource.getConnection(DriverDataSource.java:138)
	at com.zaxxer.hikari.pool.PoolBase.newConnection(PoolBase.java:359)
	at com.zaxxer.hikari.pool.PoolBase.newPoolEntry(PoolBase.java:201)
	at com.zaxxer.hikari.pool.HikariPool.createPoolEntry(HikariPool.java:470)
	at com.zaxxer.hikari.pool.HikariPool$PoolEntryCreator.call(HikariPool.java:733)
	at com.zaxxer.hikari.pool.HikariPool$PoolEntryCreator.call(HikariPool.java:712)
	at java.base/java.util.concurrent.FutureTask.run(FutureTask.java:264)
	... 3 common frames omitted
Caused by: oracle.net.ns.NetException: The Network Adapter could not establish the connection (CONNECTION_ID=7L9GBpjTSoicgF8n8XdGpQ==)
	at oracle.net.nt.ConnStrategy.execute(ConnStrategy.java:715)
	at oracle.net.resolver.AddrResolution.resolveAndExecute(AddrResolution.java:584)
	at oracle.net.ns.NSProtocol.establishConnection(NSProtocol.java:964)
	at oracle.net.ns.NSProtocol.connect(NSProtocol.java:350)
	at oracle.jdbc.driver.T4CConnection.connect(T4CConnection.java:2441)
	at oracle.jdbc.driver.T4CConnection.logon(T4CConnection.java:656)
	... 14 common frames omitted
Caused by: java.io.IOException: Socket read timed out, socket connect lapse 30001 ms. 37.187.250.163 1521  30000 (1/1) true
	at oracle.net.nt.TcpNTAdapter.establishSocket(TcpNTAdapter.java:403)
	at oracle.net.nt.TcpNTAdapter.doLocalDNSLookupConnect(TcpNTAdapter.java:307)
	at oracle.net.nt.TcpNTAdapter.connect(TcpNTAdapter.java:269)
	at oracle.net.nt.ConnOption.connect(ConnOption.java:230)
	at oracle.net.nt.ConnStrategy.executeConnOption(ConnStrategy.java:1014)
	at oracle.net.nt.ConnStrategy.execute(ConnStrategy.java:673)
	... 19 common frames omitted
Caused by: oracle.net.nt.TimeoutInterruptHandler$IOReadTimeoutException: Socket read timed out
	at oracle.net.nt.TimeoutSocketChannel.handleInterrupt(TimeoutSocketChannel.java:543)
	at oracle.net.nt.TimeoutSocketChannel.connect(TimeoutSocketChannel.java:196)
	at oracle.net.nt.TimeoutSocketChannel.<init>(TimeoutSocketChannel.java:157)
	at oracle.net.nt.TcpNTAdapter.establishSocket(TcpNTAdapter.java:384)
	... 24 common frames omitted
2026-04-27 21:23:00.080 [scheduling-1] INFO  c.e.s.Scheduler.SignatureScheduler - Début traitement automatique des signatures...
2026-04-27 21:23:30.082 [scheduling-1] WARN  o.h.e.jdbc.spi.SqlExceptionHelper - SQL Error: 0, SQLState: 08006
2026-04-27 21:23:30.083 [scheduling-1] ERROR o.h.e.jdbc.spi.SqlExceptionHelper - HikariPool-1 - Connection is not available, request timed out after 30001ms.
2026-04-27 21:23:30.083 [scheduling-1] WARN  o.h.e.jdbc.spi.SqlExceptionHelper - SQL Error: 17002, SQLState: 08006
2026-04-27 21:23:30.083 [scheduling-1] ERROR o.h.e.jdbc.spi.SqlExceptionHelper - Erreur d'E/S: The Network Adapter could not establish the connection (CONNECTION_ID=qY2sLPeOQjKxcEu4PWl+7g==)
2026-04-27 21:23:30.084 [scheduling-1] ERROR c.e.s.Scheduler.SignatureScheduler - Erreur dans le scheduler signature
org.springframework.transaction.CannotCreateTransactionException: Could not open JPA EntityManager for transaction
	at org.springframework.orm.jpa.JpaTransactionManager.doBegin(JpaTransactionManager.java:466)
	at org.springframework.transaction.support.AbstractPlatformTransactionManager.startTransaction(AbstractPlatformTransactionManager.java:531)
	at org.springframework.transaction.support.AbstractPlatformTransactionManager.getTransaction(AbstractPlatformTransactionManager.java:405)
	at org.springframework.transaction.interceptor.TransactionAspectSupport.createTransactionIfNecessary(TransactionAspectSupport.java:617)
	at org.springframework.transaction.interceptor.TransactionAspectSupport.invokeWithinTransaction(TransactionAspectSupport.java:386)
	at org.springframework.transaction.interceptor.TransactionInterceptor.invoke(TransactionInterceptor.java:119)
	at org.springframework.aop.framework.ReflectiveMethodInvocation.proceed(ReflectiveMethodInvocation.java:184)
	at org.springframework.aop.framework.CglibAopProxy$CglibMethodInvocation.proceed(CglibAopProxy.java:768)
	at org.springframework.aop.framework.CglibAopProxy$DynamicAdvisedInterceptor.intercept(CglibAopProxy.java:720)
	at com.example.signature.service.ImailSignatureService$$SpringCGLIB$$0.comparePendingSignatures(<generated>)
	at com.example.signature.Scheduler.SignatureScheduler.runSignatureCheck(SignatureScheduler.java:32)
	at jdk.internal.reflect.GeneratedMethodAccessor28.invoke(Unknown Source)
	at java.base/jdk.internal.reflect.DelegatingMethodAccessorImpl.invoke(DelegatingMethodAccessorImpl.java:43)
	at java.base/java.lang.reflect.Method.invoke(Method.java:568)
	at org.springframework.scheduling.support.ScheduledMethodRunnable.runInternal(ScheduledMethodRunnable.java:130)
	at org.springframework.scheduling.support.ScheduledMethodRunnable.lambda$run$2(ScheduledMethodRunnable.java:124)
	at io.micrometer.observation.Observation.observe(Observation.java:499)
	at org.springframework.scheduling.support.ScheduledMethodRunnable.run(ScheduledMethodRunnable.java:124)
	at org.springframework.scheduling.support.DelegatingErrorHandlingRunnable.run(DelegatingErrorHandlingRunnable.java:54)
	at org.springframework.scheduling.concurrent.ReschedulingRunnable.run(ReschedulingRunnable.java:96)
	at java.base/java.util.concurrent.Executors$RunnableAdapter.call(Executors.java:539)
	at java.base/java.util.concurrent.FutureTask.run(FutureTask.java:264)
	at java.base/java.util.concurrent.ScheduledThreadPoolExecutor$ScheduledFutureTask.run(ScheduledThreadPoolExecutor.java:304)
	at java.base/java.util.concurrent.ThreadPoolExecutor.runWorker(ThreadPoolExecutor.java:1136)
	at java.base/java.util.concurrent.ThreadPoolExecutor$Worker.run(ThreadPoolExecutor.java:635)
	at java.base/java.lang.Thread.run(Thread.java:842)
Caused by: org.hibernate.exception.JDBCConnectionException: Unable to acquire JDBC Connection [HikariPool-1 - Connection is not available, request timed out after 30001ms.] [n/a]
	at org.hibernate.exception.internal.SQLExceptionTypeDelegate.convert(SQLExceptionTypeDelegate.java:51)
	at org.hibernate.exception.internal.StandardSQLExceptionConverter.convert(StandardSQLExceptionConverter.java:58)
	at org.hibernate.engine.jdbc.spi.SqlExceptionHelper.convert(SqlExceptionHelper.java:108)
	at org.hibernate.engine.jdbc.spi.SqlExceptionHelper.convert(SqlExceptionHelper.java:94)
	at org.hibernate.resource.jdbc.internal.LogicalConnectionManagedImpl.acquireConnectionIfNeeded(LogicalConnectionManagedImpl.java:116)
	at org.hibernate.resource.jdbc.internal.LogicalConnectionManagedImpl.getPhysicalConnection(LogicalConnectionManagedImpl.java:143)
	at org.hibernate.resource.jdbc.internal.LogicalConnectionManagedImpl.getConnectionForTransactionManagement(LogicalConnectionManagedImpl.java:273)
	at org.hibernate.resource.jdbc.internal.LogicalConnectionManagedImpl.begin(LogicalConnectionManagedImpl.java:281)
	at org.hibernate.resource.transaction.backend.jdbc.internal.JdbcResourceLocalTransactionCoordinatorImpl$TransactionDriverControlImpl.begin(JdbcResourceLocalTransactionCoordinatorImpl.java:232)
	at org.hibernate.engine.transaction.internal.TransactionImpl.begin(TransactionImpl.java:83)
	at org.springframework.orm.jpa.vendor.HibernateJpaDialect.beginTransaction(HibernateJpaDialect.java:176)
	at org.springframework.orm.jpa.JpaTransactionManager.doBegin(JpaTransactionManager.java:420)
	... 25 common frames omitted
Caused by: java.sql.SQLTransientConnectionException: HikariPool-1 - Connection is not available, request timed out after 30001ms.
	at com.zaxxer.hikari.pool.HikariPool.createTimeoutException(HikariPool.java:696)
	at com.zaxxer.hikari.pool.HikariPool.getConnection(HikariPool.java:181)
	at com.zaxxer.hikari.pool.HikariPool.getConnection(HikariPool.java:146)
	at com.zaxxer.hikari.HikariDataSource.getConnection(HikariDataSource.java:128)
	at org.hibernate.engine.jdbc.connections.internal.DatasourceConnectionProviderImpl.getConnection(DatasourceConnectionProviderImpl.java:122)
	at org.hibernate.internal.NonContextualJdbcConnectionAccess.obtainConnection(NonContextualJdbcConnectionAccess.java:46)
	at org.hibernate.resource.jdbc.internal.LogicalConnectionManagedImpl.acquireConnectionIfNeeded(LogicalConnectionManagedImpl.java:113)
	... 32 common frames omitted
Caused by: java.sql.SQLRecoverableException: Erreur d'E/S: The Network Adapter could not establish the connection (CONNECTION_ID=qY2sLPeOQjKxcEu4PWl+7g==)
	at oracle.jdbc.driver.T4CConnection.handleLogonNetException(T4CConnection.java:892)
	at oracle.jdbc.driver.T4CConnection.logon(T4CConnection.java:697)
	at oracle.jdbc.driver.PhysicalConnection.connect(PhysicalConnection.java:1047)
	at oracle.jdbc.driver.T4CDriverExtension.getConnection(T4CDriverExtension.java:89)
	at oracle.jdbc.driver.OracleDriver.connect(OracleDriver.java:732)
	at oracle.jdbc.driver.OracleDriver.connect(OracleDriver.java:648)
	at com.zaxxer.hikari.util.DriverDataSource.getConnection(DriverDataSource.java:138)
	at com.zaxxer.hikari.pool.PoolBase.newConnection(PoolBase.java:359)
	at com.zaxxer.hikari.pool.PoolBase.newPoolEntry(PoolBase.java:201)
	at com.zaxxer.hikari.pool.HikariPool.createPoolEntry(HikariPool.java:470)
	at com.zaxxer.hikari.pool.HikariPool$PoolEntryCreator.call(HikariPool.java:733)
	at com.zaxxer.hikari.pool.HikariPool$PoolEntryCreator.call(HikariPool.java:712)
	at java.base/java.util.concurrent.FutureTask.run(FutureTask.java:264)
	... 3 common frames omitted
Caused by: oracle.net.ns.NetException: The Network Adapter could not establish the connection (CONNECTION_ID=qY2sLPeOQjKxcEu4PWl+7g==)
	at oracle.net.nt.ConnStrategy.execute(ConnStrategy.java:715)
	at oracle.net.resolver.AddrResolution.resolveAndExecute(AddrResolution.java:584)
	at oracle.net.ns.NSProtocol.establishConnection(NSProtocol.java:964)
	at oracle.net.ns.NSProtocol.connect(NSProtocol.java:350)
	at oracle.jdbc.driver.T4CConnection.connect(T4CConnection.java:2441)
	at oracle.jdbc.driver.T4CConnection.logon(T4CConnection.java:656)
	... 14 common frames omitted
Caused by: java.io.IOException: Socket read timed out, socket connect lapse 30000 ms. 37.187.250.163 1521  30000 (1/1) true
	at oracle.net.nt.TcpNTAdapter.establishSocket(TcpNTAdapter.java:403)
	at oracle.net.nt.TcpNTAdapter.doLocalDNSLookupConnect(TcpNTAdapter.java:307)
	at oracle.net.nt.TcpNTAdapter.connect(TcpNTAdapter.java:269)
	at oracle.net.nt.ConnOption.connect(ConnOption.java:230)
	at oracle.net.nt.ConnStrategy.executeConnOption(ConnStrategy.java:1014)
	at oracle.net.nt.ConnStrategy.execute(ConnStrategy.java:673)
	... 19 common frames omitted
Caused by: oracle.net.nt.TimeoutInterruptHandler$IOReadTimeoutException: Socket read timed out
	at oracle.net.nt.TimeoutSocketChannel.handleInterrupt(TimeoutSocketChannel.java:543)
	at oracle.net.nt.TimeoutSocketChannel.connect(TimeoutSocketChannel.java:196)
	at oracle.net.nt.TimeoutSocketChannel.<init>(TimeoutSocketChannel.java:157)
	at oracle.net.nt.TcpNTAdapter.establishSocket(TcpNTAdapter.java:384)
	... 24 common frames omitted
2026-04-27 21:24:00.017 [scheduling-1] INFO  c.e.s.Scheduler.SignatureScheduler - === Début traitement automatique reception ===
2026-04-27 21:24:00.212 [scheduling-1] INFO  c.e.s.Scheduler.SignatureScheduler - === Fin traitement reception ===
2026-04-27 21:24:00.212 [scheduling-1] INFO  c.e.s.Scheduler.SignatureScheduler - Début traitement automatique des signatures...
2026-04-27 21:24:00.826 [scheduling-1] INFO  c.e.s.Scheduler.SignatureScheduler - Fin traitement signatures
2026-04-27 21:25:00.010 [scheduling-1] INFO  c.e.s.Scheduler.SignatureScheduler - Début traitement automatique des signatures...
2026-04-27 21:25:00.668 [scheduling-1] INFO  c.e.s.Scheduler.SignatureScheduler - Fin traitement signatures
2026-04-27 21:25:00.668 [scheduling-1] INFO  c.e.s.Scheduler.SignatureScheduler - === Début traitement automatique reception ===
2026-04-27 21:25:00.749 [scheduling-1] INFO  c.e.s.Scheduler.SignatureScheduler - === Fin traitement reception ===
2026-04-27 21:26:00.010 [scheduling-1] INFO  c.e.s.Scheduler.SignatureScheduler - === Début traitement automatique reception ===
2026-04-27 21:26:00.218 [scheduling-1] INFO  c.e.s.Scheduler.SignatureScheduler - === Fin traitement reception ===
2026-04-27 21:26:00.219 [scheduling-1] INFO  c.e.s.Scheduler.SignatureScheduler - Début traitement automatique des signatures...
2026-04-27 21:26:00.868 [scheduling-1] INFO  c.e.s.Scheduler.SignatureScheduler - Fin traitement signatures
2026-04-27 21:27:00.003 [scheduling-1] INFO  c.e.s.Scheduler.SignatureScheduler - === Début traitement automatique reception ===
2026-04-27 21:27:00.189 [scheduling-1] INFO  c.e.s.Scheduler.SignatureScheduler - === Fin traitement reception ===
2026-04-27 21:27:00.189 [scheduling-1] INFO  c.e.s.Scheduler.SignatureScheduler - Début traitement automatique des signatures...
2026-04-27 21:27:53.313 [scheduling-1] INFO  c.e.s.Scheduler.SignatureScheduler - Fin traitement signatures
2026-04-27 21:28:00.006 [scheduling-1] INFO  c.e.s.Scheduler.SignatureScheduler - === Début traitement automatique reception ===
2026-04-27 21:28:00.898 [scheduling-1] INFO  c.e.s.Scheduler.SignatureScheduler - === Fin traitement reception ===
2026-04-27 21:28:00.898 [scheduling-1] INFO  c.e.s.Scheduler.SignatureScheduler - Début traitement automatique des signatures...
2026-04-27 21:28:02.856 [scheduling-1] INFO  c.e.s.Scheduler.SignatureScheduler - Fin traitement signatures
2026-04-27 21:29:00.010 [scheduling-1] INFO  c.e.s.Scheduler.SignatureScheduler - Début traitement automatique des signatures...
2026-04-27 21:29:01.129 [scheduling-1] INFO  c.e.s.Scheduler.SignatureScheduler - Fin traitement signatures
2026-04-27 21:29:01.129 [scheduling-1] INFO  c.e.s.Scheduler.SignatureScheduler - === Début traitement automatique reception ===
2026-04-27 21:29:01.220 [scheduling-1] INFO  c.e.s.Scheduler.SignatureScheduler - === Fin traitement reception ===
2026-04-27 21:30:00.006 [scheduling-1] INFO  c.e.s.Scheduler.SignatureScheduler - === Début traitement automatique reception ===
2026-04-27 21:30:00.207 [scheduling-1] INFO  c.e.s.Scheduler.SignatureScheduler - === Fin traitement reception ===
2026-04-27 21:30:00.207 [scheduling-1] INFO  c.e.s.Scheduler.SignatureScheduler - Début traitement automatique des signatures...
2026-04-27 21:30:00.763 [scheduling-1] INFO  c.e.s.Scheduler.SignatureScheduler - Fin traitement signatures
2026-04-27 21:31:00.013 [scheduling-1] INFO  c.e.s.Scheduler.SignatureScheduler - === Début traitement automatique reception ===
2026-04-27 21:31:00.192 [scheduling-1] INFO  c.e.s.Scheduler.SignatureScheduler - === Fin traitement reception ===
2026-04-27 21:31:00.194 [scheduling-1] INFO  c.e.s.Scheduler.SignatureScheduler - Début traitement automatique des signatures...
2026-04-27 21:31:00.769 [scheduling-1] INFO  c.e.s.Scheduler.SignatureScheduler - Fin traitement signatures
2026-04-27 21:32:00.009 [scheduling-1] INFO  c.e.s.Scheduler.SignatureScheduler - === Début traitement automatique reception ===
2026-04-27 21:32:00.160 [scheduling-1] INFO  c.e.s.Scheduler.SignatureScheduler - === Fin traitement reception ===
2026-04-27 21:32:00.160 [scheduling-1] INFO  c.e.s.Scheduler.SignatureScheduler - Début traitement automatique des signatures...
2026-04-27 21:32:00.714 [scheduling-1] INFO  c.e.s.Scheduler.SignatureScheduler - Fin traitement signatures
2026-04-27 21:32:47.468 [http-nio-0.0.0.0-8075-exec-1] INFO  o.a.c.c.C.[Tomcat].[localhost].[/] - Initializing Spring DispatcherServlet 'dispatcherServlet'
2026-04-27 21:32:47.475 [http-nio-0.0.0.0-8075-exec-1] INFO  o.s.web.servlet.DispatcherServlet - Initializing Servlet 'dispatcherServlet'
2026-04-27 21:32:47.487 [http-nio-0.0.0.0-8075-exec-1] INFO  o.s.web.servlet.DispatcherServlet - Completed initialization in 11 ms
2026-04-27 21:33:00.015 [scheduling-1] INFO  c.e.s.Scheduler.SignatureScheduler - Début traitement automatique des signatures...
2026-04-27 21:33:00.677 [scheduling-1] INFO  c.e.s.Scheduler.SignatureScheduler - Fin traitement signatures
2026-04-27 21:33:00.678 [scheduling-1] INFO  c.e.s.Scheduler.SignatureScheduler - === Début traitement automatique reception ===
2026-04-27 21:33:01.494 [scheduling-1] INFO  c.e.s.Scheduler.SignatureScheduler - === Fin traitement reception ===
2026-04-27 21:34:00.009 [scheduling-1] INFO  c.e.s.Scheduler.SignatureScheduler - Début traitement automatique des signatures...
2026-04-27 21:34:01.660 [scheduling-1] INFO  c.e.s.Scheduler.SignatureScheduler - Fin traitement signatures
2026-04-27 21:34:01.660 [scheduling-1] INFO  c.e.s.Scheduler.SignatureScheduler - === Début traitement automatique reception ===
2026-04-27 21:34:02.565 [scheduling-1] INFO  c.e.s.Scheduler.SignatureScheduler - === Fin traitement reception ===
2026-04-27 21:35:00.003 [scheduling-1] INFO  c.e.s.Scheduler.SignatureScheduler - Début traitement automatique des signatures...
2026-04-27 21:35:02.806 [scheduling-1] INFO  c.e.s.Scheduler.SignatureScheduler - Fin traitement signatures
2026-04-27 21:35:02.807 [scheduling-1] INFO  c.e.s.Scheduler.SignatureScheduler - === Début traitement automatique reception ===
2026-04-27 21:35:06.360 [scheduling-1] INFO  c.e.s.Scheduler.SignatureScheduler - === Fin traitement reception ===
2026-04-27 21:36:00.005 [scheduling-1] INFO  c.e.s.Scheduler.SignatureScheduler - Début traitement automatique des signatures...
2026-04-27 21:36:00.723 [scheduling-1] INFO  c.e.s.Scheduler.SignatureScheduler - Fin traitement signatures
2026-04-27 21:36:00.731 [scheduling-1] INFO  c.e.s.Scheduler.SignatureScheduler - === Début traitement automatique reception ===
2026-04-27 21:36:00.998 [scheduling-1] INFO  c.e.s.Scheduler.SignatureScheduler - === Fin traitement reception ===
2026-04-27 21:37:00.121 [scheduling-1] INFO  c.e.s.Scheduler.SignatureScheduler - === Début traitement automatique reception ===
2026-04-27 21:37:00.559 [scheduling-1] INFO  c.e.s.Scheduler.SignatureScheduler - === Fin traitement reception ===
2026-04-27 21:37:00.563 [scheduling-1] INFO  c.e.s.Scheduler.SignatureScheduler - Début traitement automatique des signatures...
2026-04-27 21:37:01.412 [scheduling-1] INFO  c.e.s.Scheduler.SignatureScheduler - Fin traitement signatures
2026-04-27 21:38:00.000 [scheduling-1] INFO  c.e.s.Scheduler.SignatureScheduler - Début traitement automatique des signatures...
2026-04-27 21:38:00.753 [scheduling-1] INFO  c.e.s.Scheduler.SignatureScheduler - Fin traitement signatures
2026-04-27 21:38:00.753 [scheduling-1] INFO  c.e.s.Scheduler.SignatureScheduler - === Début traitement automatique reception ===
2026-04-27 21:38:01.372 [scheduling-1] INFO  c.e.s.Scheduler.SignatureScheduler - === Fin traitement reception ===
2026-04-27 21:39:00.000 [scheduling-1] INFO  c.e.s.Scheduler.SignatureScheduler - Début traitement automatique des signatures...
2026-04-27 21:39:01.290 [scheduling-1] INFO  c.e.s.Scheduler.SignatureScheduler - Fin traitement signatures
2026-04-27 21:39:01.291 [scheduling-1] INFO  c.e.s.Scheduler.SignatureScheduler - === Début traitement automatique reception ===
2026-04-27 21:39:01.581 [scheduling-1] INFO  c.e.s.Scheduler.SignatureScheduler - === Fin traitement reception ===
2026-04-27 21:40:00.000 [scheduling-1] INFO  c.e.s.Scheduler.SignatureScheduler - Début traitement automatique des signatures...
2026-04-27 21:40:00.625 [scheduling-1] INFO  c.e.s.Scheduler.SignatureScheduler - Fin traitement signatures
2026-04-27 21:40:00.625 [scheduling-1] INFO  c.e.s.Scheduler.SignatureScheduler - === Début traitement automatique reception ===
2026-04-27 21:40:00.884 [scheduling-1] INFO  c.e.s.Scheduler.SignatureScheduler - === Fin traitement reception ===
2026-04-27 21:41:00.014 [scheduling-1] INFO  c.e.s.Scheduler.SignatureScheduler - Début traitement automatique des signatures...
2026-04-27 21:41:00.661 [scheduling-1] INFO  c.e.s.Scheduler.SignatureScheduler - Fin traitement signatures
2026-04-27 21:41:00.662 [scheduling-1] INFO  c.e.s.Scheduler.SignatureScheduler - === Début traitement automatique reception ===
2026-04-27 21:41:00.960 [scheduling-1] INFO  c.e.s.Scheduler.SignatureScheduler - === Fin traitement reception ===
2026-04-27 21:42:00.000 [scheduling-1] INFO  c.e.s.Scheduler.SignatureScheduler - Début traitement automatique des signatures...
2026-04-27 21:42:00.811 [scheduling-1] INFO  c.e.s.Scheduler.SignatureScheduler - Fin traitement signatures
2026-04-27 21:42:00.811 [scheduling-1] INFO  c.e.s.Scheduler.SignatureScheduler - === Début traitement automatique reception ===
2026-04-27 21:42:01.134 [scheduling-1] INFO  c.e.s.Scheduler.SignatureScheduler - === Fin traitement reception ===
2026-04-27 21:43:00.001 [scheduling-1] INFO  c.e.s.Scheduler.SignatureScheduler - Début traitement automatique des signatures...
2026-04-27 21:43:00.649 [scheduling-1] INFO  c.e.s.Scheduler.SignatureScheduler - Fin traitement signatures
2026-04-27 21:43:00.649 [scheduling-1] INFO  c.e.s.Scheduler.SignatureScheduler - === Début traitement automatique reception ===
2026-04-27 21:43:00.910 [scheduling-1] INFO  c.e.s.Scheduler.SignatureScheduler - === Fin traitement reception ===
2026-04-27 21:44:00.012 [scheduling-1] INFO  c.e.s.Scheduler.SignatureScheduler - === Début traitement automatique reception ===
2026-04-27 21:44:00.401 [scheduling-1] INFO  c.e.s.Scheduler.SignatureScheduler - === Fin traitement reception ===
2026-04-27 21:44:00.401 [scheduling-1] INFO  c.e.s.Scheduler.SignatureScheduler - Début traitement automatique des signatures...
2026-04-27 21:44:01.322 [scheduling-1] INFO  c.e.s.Scheduler.SignatureScheduler - Fin traitement signatures
2026-04-27 21:45:00.001 [scheduling-1] INFO  c.e.s.Scheduler.SignatureScheduler - Début traitement automatique des signatures...
2026-04-27 21:45:01.010 [scheduling-1] INFO  c.e.s.Scheduler.SignatureScheduler - Fin traitement signatures
2026-04-27 21:45:01.010 [scheduling-1] INFO  c.e.s.Scheduler.SignatureScheduler - === Début traitement automatique reception ===
2026-04-27 21:45:01.310 [scheduling-1] INFO  c.e.s.Scheduler.SignatureScheduler - === Fin traitement reception ===
2026-04-27 21:45:48.633 [SpringApplicationShutdownHook] INFO  o.s.o.j.LocalContainerEntityManagerFactoryBean - Closing JPA EntityManagerFactory for persistence unit 'default'
2026-04-27 21:45:48.641 [SpringApplicationShutdownHook] INFO  com.zaxxer.hikari.HikariDataSource - HikariPool-1 - Shutdown initiated...
2026-04-27 21:45:49.478 [SpringApplicationShutdownHook] INFO  com.zaxxer.hikari.HikariDataSource - HikariPool-1 - Shutdown completed.
2026-04-27 21:45:56.824 [background-preinit] INFO  o.h.validator.internal.util.Version - HV000001: Hibernate Validator 8.0.1.Final
2026-04-27 21:45:56.893 [main] INFO  c.e.signature.SignatureApplication - Starting SignatureApplication using Java 17.0.16 with PID 22268 (C:\Users\LENOVO\Desktop\MES projets\Projet Signature\xml-signature-springboot-complete\target\classes started by LENOVO in C:\Users\LENOVO\Desktop\MES projets\Projet Signature\xml-signature-springboot-complete)
2026-04-27 21:45:56.894 [main] INFO  c.e.signature.SignatureApplication - No active profile set, falling back to 1 default profile: "default"
2026-04-27 21:45:57.821 [main] INFO  o.s.d.r.c.RepositoryConfigurationDelegate - Bootstrapping Spring Data JPA repositories in DEFAULT mode.
2026-04-27 21:45:57.896 [main] INFO  o.s.d.r.c.RepositoryConfigurationDelegate - Finished Spring Data repository scanning in 66 ms. Found 3 JPA repository interfaces.
2026-04-27 21:45:58.611 [main] INFO  o.s.b.w.e.tomcat.TomcatWebServer - Tomcat initialized with port 8075 (http)
2026-04-27 21:45:58.622 [main] INFO  o.a.coyote.http11.Http11NioProtocol - Initializing ProtocolHandler ["http-nio-0.0.0.0-8075"]
2026-04-27 21:45:58.625 [main] INFO  o.a.catalina.core.StandardService - Starting service [Tomcat]
2026-04-27 21:45:58.625 [main] INFO  o.a.catalina.core.StandardEngine - Starting Servlet engine: [Apache Tomcat/10.1.20]
2026-04-27 21:45:58.697 [main] INFO  o.a.c.c.C.[Tomcat].[localhost].[/] - Initializing Spring embedded WebApplicationContext
2026-04-27 21:45:58.699 [main] INFO  o.s.b.w.s.c.ServletWebServerApplicationContext - Root WebApplicationContext: initialization completed in 1719 ms
2026-04-27 21:45:59.375 [main] INFO  o.h.jpa.internal.util.LogHelper - HHH000204: Processing PersistenceUnitInfo [name: default]
2026-04-27 21:45:59.589 [main] INFO  org.hibernate.Version - HHH000412: Hibernate ORM core version 6.4.4.Final
2026-04-27 21:45:59.680 [main] INFO  o.h.c.i.RegionFactoryInitiator - HHH000026: Second-level cache disabled
2026-04-27 21:46:02.588 [main] INFO  o.s.o.j.p.SpringPersistenceUnitInfo - No LoadTimeWeaver setup: ignoring JPA class transformer
2026-04-27 21:46:02.653 [main] INFO  com.zaxxer.hikari.HikariDataSource - HikariPool-1 - Starting...
2026-04-27 21:46:04.951 [main] INFO  com.zaxxer.hikari.pool.HikariPool - HikariPool-1 - Added connection oracle.jdbc.driver.T4CConnection@1e258d3b
2026-04-27 21:46:04.957 [main] INFO  com.zaxxer.hikari.HikariDataSource - HikariPool-1 - Start completed.
2026-04-27 21:46:08.757 [main] INFO  o.h.e.t.j.p.i.JtaPlatformInitiator - HHH000489: No JTA platform available (set 'hibernate.transaction.jta.platform' to enable JTA platform integration)
2026-04-27 21:46:08.764 [main] INFO  o.s.o.j.LocalContainerEntityManagerFactoryBean - Initialized JPA EntityManagerFactory for persistence unit 'default'
2026-04-27 21:46:09.517 [main] INFO  o.s.d.j.r.query.QueryEnhancerFactory - Hibernate is in classpath; If applicable, HQL parser will be used.
2026-04-27 21:46:14.965 [main] INFO  o.a.coyote.http11.Http11NioProtocol - Starting ProtocolHandler ["http-nio-0.0.0.0-8075"]
2026-04-27 21:46:15.311 [main] INFO  o.s.b.w.e.tomcat.TomcatWebServer - Tomcat started on port 8075 (http) with context path ''
2026-04-27 21:46:15.421 [main] INFO  c.e.signature.SignatureApplication - Started SignatureApplication in 19.067 seconds (process running for 19.531)
2026-04-27 21:47:00.050 [scheduling-1] INFO  c.e.s.Scheduler.SignatureScheduler - Début traitement automatique des signatures...
2026-04-27 21:47:01.128 [scheduling-1] INFO  c.e.s.Scheduler.SignatureScheduler - Fin traitement signatures
2026-04-27 21:47:01.132 [scheduling-1] INFO  c.e.s.Scheduler.SignatureScheduler - === Début traitement automatique reception ===
2026-04-27 21:47:01.535 [scheduling-1] INFO  c.e.s.Scheduler.SignatureScheduler - === Fin traitement reception ===
2026-04-27 21:47:34.531 [SpringApplicationShutdownHook] INFO  o.s.o.j.LocalContainerEntityManagerFactoryBean - Closing JPA EntityManagerFactory for persistence unit 'default'
2026-04-27 21:47:34.536 [SpringApplicationShutdownHook] INFO  com.zaxxer.hikari.HikariDataSource - HikariPool-1 - Shutdown initiated...
2026-04-27 21:47:35.603 [SpringApplicationShutdownHook] INFO  com.zaxxer.hikari.HikariDataSource - HikariPool-1 - Shutdown completed.
2026-04-27 21:47:38.385 [background-preinit] INFO  o.h.validator.internal.util.Version - HV000001: Hibernate Validator 8.0.1.Final
2026-04-27 21:47:38.454 [main] INFO  c.e.signature.SignatureApplication - Starting SignatureApplication using Java 17.0.16 with PID 23216 (C:\Users\LENOVO\Desktop\MES projets\Projet Signature\xml-signature-springboot-complete\target\classes started by LENOVO in C:\Users\LENOVO\Desktop\MES projets\Projet Signature\xml-signature-springboot-complete)
2026-04-27 21:47:38.461 [main] INFO  c.e.signature.SignatureApplication - No active profile set, falling back to 1 default profile: "default"
2026-04-27 21:47:39.189 [main] INFO  o.s.d.r.c.RepositoryConfigurationDelegate - Bootstrapping Spring Data JPA repositories in DEFAULT mode.
2026-04-27 21:47:39.289 [main] INFO  o.s.d.r.c.RepositoryConfigurationDelegate - Finished Spring Data repository scanning in 87 ms. Found 3 JPA repository interfaces.
2026-04-27 21:47:40.104 [main] INFO  o.s.b.w.e.tomcat.TomcatWebServer - Tomcat initialized with port 8075 (http)
2026-04-27 21:47:40.121 [main] INFO  o.a.coyote.http11.Http11NioProtocol - Initializing ProtocolHandler ["http-nio-0.0.0.0-8075"]
2026-04-27 21:47:40.121 [main] INFO  o.a.catalina.core.StandardService - Starting service [Tomcat]
2026-04-27 21:47:40.121 [main] INFO  o.a.catalina.core.StandardEngine - Starting Servlet engine: [Apache Tomcat/10.1.20]
2026-04-27 21:47:40.197 [main] INFO  o.a.c.c.C.[Tomcat].[localhost].[/] - Initializing Spring embedded WebApplicationContext
2026-04-27 21:47:40.197 [main] INFO  o.s.b.w.s.c.ServletWebServerApplicationContext - Root WebApplicationContext: initialization completed in 1691 ms
2026-04-27 21:47:42.011 [main] INFO  o.h.jpa.internal.util.LogHelper - HHH000204: Processing PersistenceUnitInfo [name: default]
2026-04-27 21:47:42.710 [main] INFO  org.hibernate.Version - HHH000412: Hibernate ORM core version 6.4.4.Final
2026-04-27 21:47:42.757 [main] INFO  o.h.c.i.RegionFactoryInitiator - HHH000026: Second-level cache disabled
2026-04-27 21:47:43.696 [main] INFO  o.s.o.j.p.SpringPersistenceUnitInfo - No LoadTimeWeaver setup: ignoring JPA class transformer
2026-04-27 21:47:43.731 [main] INFO  com.zaxxer.hikari.HikariDataSource - HikariPool-1 - Starting...
2026-04-27 21:47:45.372 [main] INFO  com.zaxxer.hikari.pool.HikariPool - HikariPool-1 - Added connection oracle.jdbc.driver.T4CConnection@4392362c
2026-04-27 21:47:45.377 [main] INFO  com.zaxxer.hikari.HikariDataSource - HikariPool-1 - Start completed.
2026-04-27 21:47:46.668 [main] INFO  o.h.e.t.j.p.i.JtaPlatformInitiator - HHH000489: No JTA platform available (set 'hibernate.transaction.jta.platform' to enable JTA platform integration)
2026-04-27 21:47:46.671 [main] INFO  o.s.o.j.LocalContainerEntityManagerFactoryBean - Initialized JPA EntityManagerFactory for persistence unit 'default'
2026-04-27 21:47:46.970 [main] INFO  o.s.d.j.r.query.QueryEnhancerFactory - Hibernate is in classpath; If applicable, HQL parser will be used.
2026-04-27 21:47:48.648 [main] INFO  o.a.coyote.http11.Http11NioProtocol - Starting ProtocolHandler ["http-nio-0.0.0.0-8075"]
2026-04-27 21:47:48.700 [main] INFO  o.s.b.w.e.tomcat.TomcatWebServer - Tomcat started on port 8075 (http) with context path ''
2026-04-27 21:47:48.724 [main] INFO  c.e.signature.SignatureApplication - Started SignatureApplication in 10.758 seconds (process running for 11.161)
2026-04-27 21:48:00.067 [scheduling-1] INFO  c.e.s.Scheduler.SignatureScheduler - === Début traitement automatique reception ===
2026-04-27 21:48:02.960 [scheduling-1] INFO  c.e.s.Scheduler.SignatureScheduler - === Fin traitement reception ===
2026-04-27 21:48:02.960 [scheduling-1] INFO  c.e.s.Scheduler.SignatureScheduler - Début traitement automatique des signatures...
2026-04-27 21:48:03.652 [scheduling-1] INFO  c.e.s.Scheduler.SignatureScheduler - Fin traitement signatures
2026-04-27 21:49:00.013 [scheduling-1] INFO  c.e.s.Scheduler.SignatureScheduler - Début traitement automatique des signatures...
2026-04-27 21:49:00.681 [scheduling-1] INFO  c.e.s.Scheduler.SignatureScheduler - Fin traitement signatures
2026-04-27 21:49:00.681 [scheduling-1] INFO  c.e.s.Scheduler.SignatureScheduler - === Début traitement automatique reception ===
2026-04-27 21:49:01.262 [scheduling-1] INFO  c.e.s.Scheduler.SignatureScheduler - === Fin traitement reception ===
2026-04-27 21:50:00.000 [scheduling-1] INFO  c.e.s.Scheduler.SignatureScheduler - === Début traitement automatique reception ===
2026-04-27 21:50:01.760 [scheduling-1] INFO  c.e.s.Scheduler.SignatureScheduler - === Fin traitement reception ===
2026-04-27 21:50:01.760 [scheduling-1] INFO  c.e.s.Scheduler.SignatureScheduler - Début traitement automatique des signatures...
2026-04-27 21:50:02.586 [scheduling-1] INFO  c.e.s.Scheduler.SignatureScheduler - Fin traitement signatures
2026-04-27 21:51:00.006 [scheduling-1] INFO  c.e.s.Scheduler.SignatureScheduler - === Début traitement automatique reception ===
2026-04-27 21:51:00.344 [scheduling-1] INFO  c.e.s.Scheduler.SignatureScheduler - === Fin traitement reception ===
2026-04-27 21:51:00.344 [scheduling-1] INFO  c.e.s.Scheduler.SignatureScheduler - Début traitement automatique des signatures...
2026-04-27 21:51:00.907 [scheduling-1] INFO  c.e.s.Scheduler.SignatureScheduler - Fin traitement signatures
2026-04-27 21:52:00.000 [scheduling-1] INFO  c.e.s.Scheduler.SignatureScheduler - Début traitement automatique des signatures...
2026-04-27 21:52:00.946 [scheduling-1] INFO  c.e.s.Scheduler.SignatureScheduler - Fin traitement signatures
2026-04-27 21:52:00.947 [scheduling-1] INFO  c.e.s.Scheduler.SignatureScheduler - === Début traitement automatique reception ===
2026-04-27 21:52:01.271 [scheduling-1] INFO  c.e.s.Scheduler.SignatureScheduler - === Fin traitement reception ===
2026-04-27 21:53:00.001 [scheduling-1] INFO  c.e.s.Scheduler.SignatureScheduler - Début traitement automatique des signatures...
2026-04-27 21:53:00.717 [scheduling-1] INFO  c.e.s.Scheduler.SignatureScheduler - Fin traitement signatures
2026-04-27 21:53:00.717 [scheduling-1] INFO  c.e.s.Scheduler.SignatureScheduler - === Début traitement automatique reception ===
2026-04-27 21:53:00.967 [scheduling-1] INFO  c.e.s.Scheduler.SignatureScheduler - === Fin traitement reception ===
2026-04-27 21:54:00.013 [scheduling-1] INFO  c.e.s.Scheduler.SignatureScheduler - === Début traitement automatique reception ===
2026-04-27 21:54:01.005 [scheduling-1] INFO  c.e.s.Scheduler.SignatureScheduler - === Fin traitement reception ===
2026-04-27 21:54:01.005 [scheduling-1] INFO  c.e.s.Scheduler.SignatureScheduler - Début traitement automatique des signatures...
2026-04-27 21:54:01.643 [scheduling-1] INFO  c.e.s.Scheduler.SignatureScheduler - Fin traitement signatures
2026-04-27 21:55:00.003 [scheduling-1] INFO  c.e.s.Scheduler.SignatureScheduler - Début traitement automatique des signatures...
2026-04-27 21:55:00.779 [scheduling-1] INFO  c.e.s.Scheduler.SignatureScheduler - Fin traitement signatures
2026-04-27 21:55:00.780 [scheduling-1] INFO  c.e.s.Scheduler.SignatureScheduler - === Début traitement automatique reception ===
2026-04-27 21:55:01.074 [scheduling-1] INFO  c.e.s.Scheduler.SignatureScheduler - === Fin traitement reception ===
2026-04-27 21:56:00.004 [scheduling-1] INFO  c.e.s.Scheduler.SignatureScheduler - Début traitement automatique des signatures...
2026-04-27 21:56:00.976 [scheduling-1] INFO  c.e.s.Scheduler.SignatureScheduler - Fin traitement signatures
2026-04-27 21:56:00.977 [scheduling-1] INFO  c.e.s.Scheduler.SignatureScheduler - === Début traitement automatique reception ===
2026-04-27 21:56:01.561 [scheduling-1] INFO  c.e.s.Scheduler.SignatureScheduler - === Fin traitement reception ===
2026-04-27 21:57:00.001 [scheduling-1] INFO  c.e.s.Scheduler.SignatureScheduler - === Début traitement automatique reception ===
2026-04-27 21:57:00.398 [scheduling-1] INFO  c.e.s.Scheduler.SignatureScheduler - === Fin traitement reception ===
2026-04-27 21:57:00.427 [scheduling-1] INFO  c.e.s.Scheduler.SignatureScheduler - Début traitement automatique des signatures...
2026-04-27 21:57:01.077 [scheduling-1] INFO  c.e.s.Scheduler.SignatureScheduler - Fin traitement signatures
2026-04-27 21:58:00.009 [scheduling-1] INFO  c.e.s.Scheduler.SignatureScheduler - === Début traitement automatique reception ===
2026-04-27 21:58:00.361 [scheduling-1] INFO  c.e.s.Scheduler.SignatureScheduler - === Fin traitement reception ===
2026-04-27 21:58:00.362 [scheduling-1] INFO  c.e.s.Scheduler.SignatureScheduler - Début traitement automatique des signatures...
2026-04-27 21:58:00.944 [scheduling-1] INFO  c.e.s.Scheduler.SignatureScheduler - Fin traitement signatures
2026-04-27 21:59:00.015 [scheduling-1] INFO  c.e.s.Scheduler.SignatureScheduler - Début traitement automatique des signatures...
2026-04-27 21:59:00.710 [scheduling-1] INFO  c.e.s.Scheduler.SignatureScheduler - Fin traitement signatures
2026-04-27 21:59:00.711 [scheduling-1] INFO  c.e.s.Scheduler.SignatureScheduler - === Début traitement automatique reception ===
2026-04-27 21:59:00.971 [scheduling-1] INFO  c.e.s.Scheduler.SignatureScheduler - === Fin traitement reception ===
2026-04-27 22:00:00.000 [scheduling-1] INFO  c.e.s.Scheduler.SignatureScheduler - === Début traitement automatique reception ===
2026-04-27 22:00:00.343 [scheduling-1] INFO  c.e.s.Scheduler.SignatureScheduler - === Fin traitement reception ===
2026-04-27 22:00:00.343 [scheduling-1] INFO  c.e.s.Scheduler.SignatureScheduler - Début traitement automatique des signatures...
2026-04-27 22:00:00.963 [scheduling-1] INFO  c.e.s.Scheduler.SignatureScheduler - Fin traitement signatures
2026-04-27 22:01:00.003 [scheduling-1] INFO  c.e.s.Scheduler.SignatureScheduler - Début traitement automatique des signatures...
2026-04-27 22:01:00.867 [scheduling-1] INFO  c.e.s.Scheduler.SignatureScheduler - Fin traitement signatures
2026-04-27 22:01:00.868 [scheduling-1] INFO  c.e.s.Scheduler.SignatureScheduler - === Début traitement automatique reception ===
2026-04-27 22:01:01.174 [scheduling-1] INFO  c.e.s.Scheduler.SignatureScheduler - === Fin traitement reception ===
2026-04-27 22:02:00.010 [scheduling-1] INFO  c.e.s.Scheduler.SignatureScheduler - === Début traitement automatique reception ===
2026-04-27 22:02:00.401 [scheduling-1] INFO  c.e.s.Scheduler.SignatureScheduler - === Fin traitement reception ===
2026-04-27 22:02:00.402 [scheduling-1] INFO  c.e.s.Scheduler.SignatureScheduler - Début traitement automatique des signatures...
2026-04-27 22:02:01.002 [scheduling-1] INFO  c.e.s.Scheduler.SignatureScheduler - Fin traitement signatures
2026-04-27 22:03:00.010 [scheduling-1] INFO  c.e.s.Scheduler.SignatureScheduler - === Début traitement automatique reception ===
2026-04-27 22:03:01.025 [scheduling-1] INFO  c.e.s.Scheduler.SignatureScheduler - === Fin traitement reception ===
2026-04-27 22:03:01.029 [scheduling-1] INFO  c.e.s.Scheduler.SignatureScheduler - Début traitement automatique des signatures...
2026-04-27 22:03:01.619 [scheduling-1] INFO  c.e.s.Scheduler.SignatureScheduler - Fin traitement signatures
2026-04-27 22:04:00.000 [scheduling-1] INFO  c.e.s.Scheduler.SignatureScheduler - Début traitement automatique des signatures...
2026-04-27 22:04:00.954 [scheduling-1] INFO  c.e.s.Scheduler.SignatureScheduler - Fin traitement signatures
2026-04-27 22:04:00.954 [scheduling-1] INFO  c.e.s.Scheduler.SignatureScheduler - === Début traitement automatique reception ===
2026-04-27 22:04:02.753 [scheduling-1] INFO  c.e.s.Scheduler.SignatureScheduler - === Fin traitement reception ===
2026-04-27 22:05:00.004 [scheduling-1] INFO  c.e.s.Scheduler.SignatureScheduler - Début traitement automatique des signatures...
2026-04-27 22:05:03.631 [scheduling-1] INFO  c.e.s.Scheduler.SignatureScheduler - Fin traitement signatures
2026-04-27 22:05:03.632 [scheduling-1] INFO  c.e.s.Scheduler.SignatureScheduler - === Début traitement automatique reception ===
2026-04-27 22:05:05.557 [scheduling-1] INFO  c.e.s.Scheduler.SignatureScheduler - === Fin traitement reception ===
2026-04-27 22:06:00.009 [scheduling-1] INFO  c.e.s.Scheduler.SignatureScheduler - Début traitement automatique des signatures...
2026-04-27 22:06:00.724 [scheduling-1] INFO  c.e.s.Scheduler.SignatureScheduler - Fin traitement signatures
2026-04-27 22:06:00.726 [scheduling-1] INFO  c.e.s.Scheduler.SignatureScheduler - === Début traitement automatique reception ===
2026-04-27 22:06:01.298 [scheduling-1] INFO  c.e.s.Scheduler.SignatureScheduler - === Fin traitement reception ===
2026-04-27 22:07:00.016 [scheduling-1] INFO  c.e.s.Scheduler.SignatureScheduler - === Début traitement automatique reception ===
2026-04-27 22:07:00.362 [scheduling-1] INFO  c.e.s.Scheduler.SignatureScheduler - === Fin traitement reception ===
2026-04-27 22:07:00.364 [scheduling-1] INFO  c.e.s.Scheduler.SignatureScheduler - Début traitement automatique des signatures...
2026-04-27 22:07:00.962 [scheduling-1] INFO  c.e.s.Scheduler.SignatureScheduler - Fin traitement signatures
2026-04-27 22:08:00.009 [scheduling-1] INFO  c.e.s.Scheduler.SignatureScheduler - Début traitement automatique des signatures...
2026-04-27 22:08:05.488 [scheduling-1] INFO  c.e.s.Scheduler.SignatureScheduler - Fin traitement signatures
2026-04-27 22:08:05.489 [scheduling-1] INFO  c.e.s.Scheduler.SignatureScheduler - === Début traitement automatique reception ===
2026-04-27 22:08:07.305 [scheduling-1] INFO  c.e.s.Scheduler.SignatureScheduler - === Fin traitement reception ===
2026-04-27 22:09:00.008 [scheduling-1] INFO  c.e.s.Scheduler.SignatureScheduler - === Début traitement automatique reception ===
2026-04-27 22:09:02.145 [scheduling-1] INFO  c.e.s.Scheduler.SignatureScheduler - === Fin traitement reception ===
2026-04-27 22:09:02.148 [scheduling-1] INFO  c.e.s.Scheduler.SignatureScheduler - Début traitement automatique des signatures...
2026-04-27 22:09:14.368 [scheduling-1] INFO  c.e.s.Scheduler.SignatureScheduler - Fin traitement signatures
2026-04-27 22:10:00.012 [scheduling-1] INFO  c.e.s.Scheduler.SignatureScheduler - Début traitement automatique des signatures...
2026-04-27 22:10:05.388 [scheduling-1] INFO  c.e.s.Scheduler.SignatureScheduler - Fin traitement signatures
2026-04-27 22:10:05.389 [scheduling-1] INFO  c.e.s.Scheduler.SignatureScheduler - === Début traitement automatique reception ===
2026-04-27 22:10:06.544 [scheduling-1] INFO  c.e.s.Scheduler.SignatureScheduler - === Fin traitement reception ===
2026-04-27 22:11:00.010 [scheduling-1] INFO  c.e.s.Scheduler.SignatureScheduler - === Début traitement automatique reception ===
2026-04-27 22:11:00.333 [scheduling-1] INFO  c.e.s.Scheduler.SignatureScheduler - === Fin traitement reception ===
2026-04-27 22:11:00.334 [scheduling-1] INFO  c.e.s.Scheduler.SignatureScheduler - Début traitement automatique des signatures...
2026-04-27 22:11:00.899 [scheduling-1] INFO  c.e.s.Scheduler.SignatureScheduler - Fin traitement signatures
2026-04-27 22:12:00.003 [scheduling-1] INFO  c.e.s.Scheduler.SignatureScheduler - === Début traitement automatique reception ===
2026-04-27 22:12:00.448 [scheduling-1] INFO  c.e.s.Scheduler.SignatureScheduler - === Fin traitement reception ===
2026-04-27 22:12:00.450 [scheduling-1] INFO  c.e.s.Scheduler.SignatureScheduler - Début traitement automatique des signatures...
2026-04-27 22:12:01.061 [scheduling-1] INFO  c.e.s.Scheduler.SignatureScheduler - Fin traitement signatures
2026-04-27 22:13:00.013 [scheduling-1] INFO  c.e.s.Scheduler.SignatureScheduler - === Début traitement automatique reception ===
2026-04-27 22:13:00.723 [scheduling-1] INFO  c.e.s.Scheduler.SignatureScheduler - === Fin traitement reception ===
2026-04-27 22:13:00.724 [scheduling-1] INFO  c.e.s.Scheduler.SignatureScheduler - Début traitement automatique des signatures...
2026-04-27 22:13:01.771 [scheduling-1] INFO  c.e.s.Scheduler.SignatureScheduler - Fin traitement signatures
2026-04-27 22:14:00.001 [scheduling-1] INFO  c.e.s.Scheduler.SignatureScheduler - === Début traitement automatique reception ===
2026-04-27 22:14:00.328 [scheduling-1] INFO  c.e.s.Scheduler.SignatureScheduler - === Fin traitement reception ===
2026-04-27 22:14:00.329 [scheduling-1] INFO  c.e.s.Scheduler.SignatureScheduler - Début traitement automatique des signatures...
2026-04-27 22:14:00.940 [scheduling-1] INFO  c.e.s.Scheduler.SignatureScheduler - Fin traitement signatures
2026-04-27 22:15:00.003 [scheduling-1] INFO  c.e.s.Scheduler.SignatureScheduler - Début traitement automatique des signatures...
2026-04-27 22:15:01.166 [scheduling-1] INFO  c.e.s.Scheduler.SignatureScheduler - Fin traitement signatures
2026-04-27 22:15:01.167 [scheduling-1] INFO  c.e.s.Scheduler.SignatureScheduler - === Début traitement automatique reception ===
2026-04-27 22:15:01.425 [scheduling-1] INFO  c.e.s.Scheduler.SignatureScheduler - === Fin traitement reception ===
2026-04-27 22:16:00.009 [scheduling-1] INFO  c.e.s.Scheduler.SignatureScheduler - === Début traitement automatique reception ===
2026-04-27 22:16:00.658 [scheduling-1] INFO  c.e.s.Scheduler.SignatureScheduler - === Fin traitement reception ===
2026-04-27 22:16:00.660 [scheduling-1] INFO  c.e.s.Scheduler.SignatureScheduler - Début traitement automatique des signatures...
2026-04-27 22:16:01.225 [scheduling-1] INFO  c.e.s.Scheduler.SignatureScheduler - Fin traitement signatures
2026-04-27 22:17:00.012 [scheduling-1] INFO  c.e.s.Scheduler.SignatureScheduler - Début traitement automatique des signatures...
2026-04-27 22:17:00.668 [scheduling-1] INFO  c.e.s.Scheduler.SignatureScheduler - Fin traitement signatures
2026-04-27 22:17:00.669 [scheduling-1] INFO  c.e.s.Scheduler.SignatureScheduler - === Début traitement automatique reception ===
2026-04-27 22:17:00.915 [scheduling-1] INFO  c.e.s.Scheduler.SignatureScheduler - === Fin traitement reception ===
2026-04-27 22:18:00.007 [scheduling-1] INFO  c.e.s.Scheduler.SignatureScheduler - Début traitement automatique des signatures...
2026-04-27 22:18:00.820 [scheduling-1] INFO  c.e.s.Scheduler.SignatureScheduler - Fin traitement signatures
2026-04-27 22:18:00.821 [scheduling-1] INFO  c.e.s.Scheduler.SignatureScheduler - === Début traitement automatique reception ===
2026-04-27 22:18:01.082 [scheduling-1] INFO  c.e.s.Scheduler.SignatureScheduler - === Fin traitement reception ===
2026-04-27 22:19:00.003 [scheduling-1] INFO  c.e.s.Scheduler.SignatureScheduler - Début traitement automatique des signatures...
2026-04-27 22:19:00.968 [scheduling-1] INFO  c.e.s.Scheduler.SignatureScheduler - Fin traitement signatures
2026-04-27 22:19:00.969 [scheduling-1] INFO  c.e.s.Scheduler.SignatureScheduler - === Début traitement automatique reception ===
2026-04-27 22:19:01.264 [scheduling-1] INFO  c.e.s.Scheduler.SignatureScheduler - === Fin traitement reception ===
2026-04-27 22:20:00.006 [scheduling-1] INFO  c.e.s.Scheduler.SignatureScheduler - Début traitement automatique des signatures...
2026-04-27 22:20:04.553 [scheduling-1] INFO  c.e.s.Scheduler.SignatureScheduler - Fin traitement signatures
2026-04-27 22:20:04.554 [scheduling-1] INFO  c.e.s.Scheduler.SignatureScheduler - === Début traitement automatique reception ===
2026-04-27 22:20:06.467 [scheduling-1] INFO  c.e.s.Scheduler.SignatureScheduler - === Fin traitement reception ===
2026-04-27 22:21:00.000 [scheduling-1] INFO  c.e.s.Scheduler.SignatureScheduler - Début traitement automatique des signatures...
2026-04-27 22:21:05.071 [scheduling-1] WARN  com.zaxxer.hikari.pool.PoolBase - HikariPool-1 - Failed to validate connection oracle.jdbc.driver.T4CConnection@57171226 (Erreur d'E/S: Invalid Operation, NOT Connected). Possibly consider using a shorter maxLifetime value.
2026-04-27 22:21:10.088 [scheduling-1] WARN  com.zaxxer.hikari.pool.PoolBase - HikariPool-1 - Failed to validate connection oracle.jdbc.driver.T4CConnection@27f6cb34 (Erreur d'E/S: Invalid Operation, NOT Connected). Possibly consider using a shorter maxLifetime value.
2026-04-27 22:21:15.104 [scheduling-1] WARN  com.zaxxer.hikari.pool.PoolBase - HikariPool-1 - Failed to validate connection oracle.jdbc.driver.T4CConnection@7605e752 (Erreur d'E/S: Invalid Operation, NOT Connected). Possibly consider using a shorter maxLifetime value.
2026-04-27 22:21:20.115 [scheduling-1] WARN  com.zaxxer.hikari.pool.PoolBase - HikariPool-1 - Failed to validate connection oracle.jdbc.driver.T4CConnection@307b2ad8 (Erreur d'E/S: Invalid Operation, NOT Connected). Possibly consider using a shorter maxLifetime value.
2026-04-27 22:21:25.122 [scheduling-1] WARN  com.zaxxer.hikari.pool.PoolBase - HikariPool-1 - Failed to validate connection oracle.jdbc.driver.T4CConnection@29b9b28f (Erreur d'E/S: Invalid Operation, NOT Connected). Possibly consider using a shorter maxLifetime value.
2026-04-27 22:21:30.127 [scheduling-1] WARN  com.zaxxer.hikari.pool.PoolBase - HikariPool-1 - Failed to validate connection oracle.jdbc.driver.T4CConnection@2613cb7 (Connexion interrompue). Possibly consider using a shorter maxLifetime value.
2026-04-27 22:21:30.139 [scheduling-1] WARN  o.h.e.jdbc.spi.SqlExceptionHelper - SQL Error: 0, SQLState: 08003
2026-04-27 22:21:30.139 [scheduling-1] ERROR o.h.e.jdbc.spi.SqlExceptionHelper - HikariPool-1 - Connection is not available, request timed out after 30126ms.
2026-04-27 22:21:30.140 [scheduling-1] WARN  o.h.e.jdbc.spi.SqlExceptionHelper - SQL Error: 17008, SQLState: 08003
2026-04-27 22:21:30.140 [scheduling-1] ERROR o.h.e.jdbc.spi.SqlExceptionHelper - Connexion interrompue
2026-04-27 22:21:30.173 [scheduling-1] ERROR c.e.s.Scheduler.SignatureScheduler - Erreur dans le scheduler signature
org.springframework.transaction.CannotCreateTransactionException: Could not open JPA EntityManager for transaction
	at org.springframework.orm.jpa.JpaTransactionManager.doBegin(JpaTransactionManager.java:466)
	at org.springframework.transaction.support.AbstractPlatformTransactionManager.startTransaction(AbstractPlatformTransactionManager.java:531)
	at org.springframework.transaction.support.AbstractPlatformTransactionManager.getTransaction(AbstractPlatformTransactionManager.java:405)
	at org.springframework.transaction.interceptor.TransactionAspectSupport.createTransactionIfNecessary(TransactionAspectSupport.java:617)
	at org.springframework.transaction.interceptor.TransactionAspectSupport.invokeWithinTransaction(TransactionAspectSupport.java:386)
	at org.springframework.transaction.interceptor.TransactionInterceptor.invoke(TransactionInterceptor.java:119)
	at org.springframework.aop.framework.ReflectiveMethodInvocation.proceed(ReflectiveMethodInvocation.java:184)
	at org.springframework.aop.framework.CglibAopProxy$CglibMethodInvocation.proceed(CglibAopProxy.java:768)
	at org.springframework.aop.framework.CglibAopProxy$DynamicAdvisedInterceptor.intercept(CglibAopProxy.java:720)
	at com.example.signature.service.ImailSignatureService$$SpringCGLIB$$0.comparePendingSignatures(<generated>)
	at com.example.signature.Scheduler.SignatureScheduler.runSignatureCheck(SignatureScheduler.java:32)
	at jdk.internal.reflect.GeneratedMethodAccessor29.invoke(Unknown Source)
	at java.base/jdk.internal.reflect.DelegatingMethodAccessorImpl.invoke(DelegatingMethodAccessorImpl.java:43)
	at java.base/java.lang.reflect.Method.invoke(Method.java:568)
	at org.springframework.scheduling.support.ScheduledMethodRunnable.runInternal(ScheduledMethodRunnable.java:130)
	at org.springframework.scheduling.support.ScheduledMethodRunnable.lambda$run$2(ScheduledMethodRunnable.java:124)
	at io.micrometer.observation.Observation.observe(Observation.java:499)
	at org.springframework.scheduling.support.ScheduledMethodRunnable.run(ScheduledMethodRunnable.java:124)
	at org.springframework.scheduling.support.DelegatingErrorHandlingRunnable.run(DelegatingErrorHandlingRunnable.java:54)
	at org.springframework.scheduling.concurrent.ReschedulingRunnable.run(ReschedulingRunnable.java:96)
	at java.base/java.util.concurrent.Executors$RunnableAdapter.call(Executors.java:539)
	at java.base/java.util.concurrent.FutureTask.run(FutureTask.java:264)
	at java.base/java.util.concurrent.ScheduledThreadPoolExecutor$ScheduledFutureTask.run(ScheduledThreadPoolExecutor.java:304)
	at java.base/java.util.concurrent.ThreadPoolExecutor.runWorker(ThreadPoolExecutor.java:1136)
	at java.base/java.util.concurrent.ThreadPoolExecutor$Worker.run(ThreadPoolExecutor.java:635)
	at java.base/java.lang.Thread.run(Thread.java:842)
Caused by: org.hibernate.exception.JDBCConnectionException: Unable to acquire JDBC Connection [HikariPool-1 - Connection is not available, request timed out after 30126ms.] [n/a]
	at org.hibernate.exception.internal.SQLExceptionTypeDelegate.convert(SQLExceptionTypeDelegate.java:51)
	at org.hibernate.exception.internal.StandardSQLExceptionConverter.convert(StandardSQLExceptionConverter.java:58)
	at org.hibernate.engine.jdbc.spi.SqlExceptionHelper.convert(SqlExceptionHelper.java:108)
	at org.hibernate.engine.jdbc.spi.SqlExceptionHelper.convert(SqlExceptionHelper.java:94)
	at org.hibernate.resource.jdbc.internal.LogicalConnectionManagedImpl.acquireConnectionIfNeeded(LogicalConnectionManagedImpl.java:116)
	at org.hibernate.resource.jdbc.internal.LogicalConnectionManagedImpl.getPhysicalConnection(LogicalConnectionManagedImpl.java:143)
	at org.hibernate.resource.jdbc.internal.LogicalConnectionManagedImpl.getConnectionForTransactionManagement(LogicalConnectionManagedImpl.java:273)
	at org.hibernate.resource.jdbc.internal.LogicalConnectionManagedImpl.begin(LogicalConnectionManagedImpl.java:281)
	at org.hibernate.resource.transaction.backend.jdbc.internal.JdbcResourceLocalTransactionCoordinatorImpl$TransactionDriverControlImpl.begin(JdbcResourceLocalTransactionCoordinatorImpl.java:232)
	at org.hibernate.engine.transaction.internal.TransactionImpl.begin(TransactionImpl.java:83)
	at org.springframework.orm.jpa.vendor.HibernateJpaDialect.beginTransaction(HibernateJpaDialect.java:176)
	at org.springframework.orm.jpa.JpaTransactionManager.doBegin(JpaTransactionManager.java:420)
	... 25 common frames omitted
Caused by: java.sql.SQLTransientConnectionException: HikariPool-1 - Connection is not available, request timed out after 30126ms.
	at com.zaxxer.hikari.pool.HikariPool.createTimeoutException(HikariPool.java:696)
	at com.zaxxer.hikari.pool.HikariPool.getConnection(HikariPool.java:181)
	at com.zaxxer.hikari.pool.HikariPool.getConnection(HikariPool.java:146)
	at com.zaxxer.hikari.HikariDataSource.getConnection(HikariDataSource.java:128)
	at org.hibernate.engine.jdbc.connections.internal.DatasourceConnectionProviderImpl.getConnection(DatasourceConnectionProviderImpl.java:122)
	at org.hibernate.internal.NonContextualJdbcConnectionAccess.obtainConnection(NonContextualJdbcConnectionAccess.java:46)
	at org.hibernate.resource.jdbc.internal.LogicalConnectionManagedImpl.acquireConnectionIfNeeded(LogicalConnectionManagedImpl.java:113)
	... 32 common frames omitted
Caused by: java.sql.SQLRecoverableException: Connexion interrompue
	at oracle.jdbc.driver.T4CConnection.doSetNetworkTimeout(T4CConnection.java:9410)
	at oracle.jdbc.driver.PhysicalConnection.setNetworkTimeout(PhysicalConnection.java:10006)
	at com.zaxxer.hikari.pool.PoolBase.setNetworkTimeout(PoolBase.java:561)
	at com.zaxxer.hikari.pool.PoolBase.isConnectionDead(PoolBase.java:168)
	at com.zaxxer.hikari.pool.HikariPool.getConnection(HikariPool.java:170)
	... 37 common frames omitted
2026-04-27 22:21:30.184 [scheduling-1] INFO  c.e.s.Scheduler.SignatureScheduler - === Début traitement automatique reception ===
2026-04-27 22:21:35.201 [scheduling-1] WARN  com.zaxxer.hikari.pool.PoolBase - HikariPool-1 - Failed to validate connection oracle.jdbc.driver.T4CConnection@5ae5fe11 (Erreur d'E/S: Invalid Operation, NOT Connected). Possibly consider using a shorter maxLifetime value.
2026-04-27 22:21:40.208 [scheduling-1] WARN  com.zaxxer.hikari.pool.PoolBase - HikariPool-1 - Failed to validate connection oracle.jdbc.driver.T4CConnection@12f7f2d3 (Erreur d'E/S: Invalid Operation, NOT Connected). Possibly consider using a shorter maxLifetime value.
2026-04-27 22:21:45.228 [scheduling-1] WARN  com.zaxxer.hikari.pool.PoolBase - HikariPool-1 - Failed to validate connection oracle.jdbc.driver.T4CConnection@1244b2a8 (Erreur d'E/S: Invalid Operation, NOT Connected). Possibly consider using a shorter maxLifetime value.
2026-04-27 22:21:50.237 [scheduling-1] WARN  com.zaxxer.hikari.pool.PoolBase - HikariPool-1 - Failed to validate connection oracle.jdbc.driver.T4CConnection@7d8f350a (Erreur d'E/S: Invalid Operation, NOT Connected). Possibly consider using a shorter maxLifetime value.
2026-04-27 22:22:00.199 [scheduling-1] WARN  o.h.e.jdbc.spi.SqlExceptionHelper - SQL Error: 0, SQLState: 08006
2026-04-27 22:22:00.199 [scheduling-1] ERROR o.h.e.jdbc.spi.SqlExceptionHelper - HikariPool-1 - Connection is not available, request timed out after 30011ms.
2026-04-27 22:22:00.199 [scheduling-1] WARN  o.h.e.jdbc.spi.SqlExceptionHelper - SQL Error: 17002, SQLState: 08006
2026-04-27 22:22:00.199 [scheduling-1] ERROR o.h.e.jdbc.spi.SqlExceptionHelper - Erreur d'E/S: Invalid Operation, NOT Connected
2026-04-27 22:22:00.221 [scheduling-1] ERROR c.e.s.Scheduler.SignatureScheduler - Erreur dans le scheduler reception
org.springframework.dao.DataAccessResourceFailureException: Unable to acquire JDBC Connection [HikariPool-1 - Connection is not available, request timed out after 30011ms.] [n/a]
	at org.springframework.orm.jpa.vendor.HibernateJpaDialect.convertHibernateAccessException(HibernateJpaDialect.java:274)
	at org.springframework.orm.jpa.vendor.HibernateJpaDialect.translateExceptionIfPossible(HibernateJpaDialect.java:241)
	at org.springframework.orm.jpa.AbstractEntityManagerFactoryBean.translateExceptionIfPossible(AbstractEntityManagerFactoryBean.java:550)
	at org.springframework.dao.support.ChainedPersistenceExceptionTranslator.translateExceptionIfPossible(ChainedPersistenceExceptionTranslator.java:61)
	at org.springframework.dao.support.DataAccessUtils.translateIfNecessary(DataAccessUtils.java:335)
	at org.springframework.dao.support.PersistenceExceptionTranslationInterceptor.invoke(PersistenceExceptionTranslationInterceptor.java:152)
	at org.springframework.aop.framework.ReflectiveMethodInvocation.proceed(ReflectiveMethodInvocation.java:184)
	at org.springframework.data.jpa.repository.support.CrudMethodMetadataPostProcessor$CrudMethodMetadataPopulatingMethodInterceptor.invoke(CrudMethodMetadataPostProcessor.java:135)
	at org.springframework.aop.framework.ReflectiveMethodInvocation.proceed(ReflectiveMethodInvocation.java:184)
	at org.springframework.aop.interceptor.ExposeInvocationInterceptor.invoke(ExposeInvocationInterceptor.java:97)
	at org.springframework.aop.framework.ReflectiveMethodInvocation.proceed(ReflectiveMethodInvocation.java:184)
	at org.springframework.aop.framework.JdkDynamicAopProxy.invoke(JdkDynamicAopProxy.java:223)
	at jdk.proxy2/jdk.proxy2.$Proxy134.findPathScanAs(Unknown Source)
	at com.example.signature.service.ReceptionProcessingService.processReceptionFolders(ReceptionProcessingService.java:46)
	at com.example.signature.Scheduler.SignatureScheduler.processReceptionAuto(SignatureScheduler.java:43)
	at jdk.internal.reflect.GeneratedMethodAccessor27.invoke(Unknown Source)
	at java.base/jdk.internal.reflect.DelegatingMethodAccessorImpl.invoke(DelegatingMethodAccessorImpl.java:43)
	at java.base/java.lang.reflect.Method.invoke(Method.java:568)
	at org.springframework.scheduling.support.ScheduledMethodRunnable.runInternal(ScheduledMethodRunnable.java:130)
	at org.springframework.scheduling.support.ScheduledMethodRunnable.lambda$run$2(ScheduledMethodRunnable.java:124)
	at io.micrometer.observation.Observation.observe(Observation.java:499)
	at org.springframework.scheduling.support.ScheduledMethodRunnable.run(ScheduledMethodRunnable.java:124)
	at org.springframework.scheduling.support.DelegatingErrorHandlingRunnable.run(DelegatingErrorHandlingRunnable.java:54)
	at org.springframework.scheduling.concurrent.ReschedulingRunnable.run(ReschedulingRunnable.java:96)
	at java.base/java.util.concurrent.Executors$RunnableAdapter.call(Executors.java:539)
	at java.base/java.util.concurrent.FutureTask.run(FutureTask.java:264)
	at java.base/java.util.concurrent.ScheduledThreadPoolExecutor$ScheduledFutureTask.run(ScheduledThreadPoolExecutor.java:304)
	at java.base/java.util.concurrent.ThreadPoolExecutor.runWorker(ThreadPoolExecutor.java:1136)
	at java.base/java.util.concurrent.ThreadPoolExecutor$Worker.run(ThreadPoolExecutor.java:635)
	at java.base/java.lang.Thread.run(Thread.java:842)
Caused by: org.hibernate.exception.JDBCConnectionException: Unable to acquire JDBC Connection [HikariPool-1 - Connection is not available, request timed out after 30011ms.] [n/a]
	at org.hibernate.exception.internal.SQLExceptionTypeDelegate.convert(SQLExceptionTypeDelegate.java:51)
	at org.hibernate.exception.internal.StandardSQLExceptionConverter.convert(StandardSQLExceptionConverter.java:58)
	at org.hibernate.engine.jdbc.spi.SqlExceptionHelper.convert(SqlExceptionHelper.java:108)
	at org.hibernate.engine.jdbc.spi.SqlExceptionHelper.convert(SqlExceptionHelper.java:94)
	at org.hibernate.resource.jdbc.internal.LogicalConnectionManagedImpl.acquireConnectionIfNeeded(LogicalConnectionManagedImpl.java:116)
	at org.hibernate.resource.jdbc.internal.LogicalConnectionManagedImpl.getPhysicalConnection(LogicalConnectionManagedImpl.java:143)
	at org.hibernate.engine.jdbc.internal.StatementPreparerImpl.connection(StatementPreparerImpl.java:54)
	at org.hibernate.engine.jdbc.internal.StatementPreparerImpl$5.doPrepare(StatementPreparerImpl.java:153)
	at org.hibernate.engine.jdbc.internal.StatementPreparerImpl$StatementPreparationTemplate.prepareStatement(StatementPreparerImpl.java:183)
	at org.hibernate.engine.jdbc.internal.StatementPreparerImpl.prepareQueryStatement(StatementPreparerImpl.java:155)
	at org.hibernate.sql.exec.spi.JdbcSelectExecutor.lambda$list$0(JdbcSelectExecutor.java:85)
	at org.hibernate.sql.results.jdbc.internal.DeferredResultSetAccess.executeQuery(DeferredResultSetAccess.java:231)
	at org.hibernate.sql.results.jdbc.internal.DeferredResultSetAccess.getResultSet(DeferredResultSetAccess.java:167)
	at org.hibernate.sql.results.jdbc.internal.JdbcValuesResultSetImpl.advanceNext(JdbcValuesResultSetImpl.java:218)
	at org.hibernate.sql.results.jdbc.internal.JdbcValuesResultSetImpl.processNext(JdbcValuesResultSetImpl.java:98)
	at org.hibernate.sql.results.jdbc.internal.AbstractJdbcValues.next(AbstractJdbcValues.java:19)
	at org.hibernate.sql.results.internal.RowProcessingStateStandardImpl.next(RowProcessingStateStandardImpl.java:66)
	at org.hibernate.sql.results.spi.ListResultsConsumer.consume(ListResultsConsumer.java:202)
	at org.hibernate.sql.results.spi.ListResultsConsumer.consume(ListResultsConsumer.java:33)
	at org.hibernate.sql.exec.internal.JdbcSelectExecutorStandardImpl.doExecuteQuery(JdbcSelectExecutorStandardImpl.java:209)
	at org.hibernate.sql.exec.internal.JdbcSelectExecutorStandardImpl.executeQuery(JdbcSelectExecutorStandardImpl.java:83)
	at org.hibernate.sql.exec.spi.JdbcSelectExecutor.list(JdbcSelectExecutor.java:76)
	at org.hibernate.sql.exec.spi.JdbcSelectExecutor.list(JdbcSelectExecutor.java:65)
	at org.hibernate.query.sqm.internal.ConcreteSqmSelectQueryPlan.lambda$new$2(ConcreteSqmSelectQueryPlan.java:137)
	at org.hibernate.query.sqm.internal.ConcreteSqmSelectQueryPlan.withCacheableSqmInterpretation(ConcreteSqmSelectQueryPlan.java:362)
	at org.hibernate.query.sqm.internal.ConcreteSqmSelectQueryPlan.performList(ConcreteSqmSelectQueryPlan.java:303)
	at org.hibernate.query.sqm.internal.QuerySqmImpl.doList(QuerySqmImpl.java:509)
	at org.hibernate.query.spi.AbstractSelectionQuery.list(AbstractSelectionQuery.java:427)
	at org.hibernate.query.spi.AbstractSelectionQuery.getSingleResult(AbstractSelectionQuery.java:564)
	at jdk.internal.reflect.GeneratedMethodAccessor28.invoke(Unknown Source)
	at java.base/jdk.internal.reflect.DelegatingMethodAccessorImpl.invoke(DelegatingMethodAccessorImpl.java:43)
	at java.base/java.lang.reflect.Method.invoke(Method.java:568)
	at org.springframework.orm.jpa.SharedEntityManagerCreator$DeferredQueryInvocationHandler.invoke(SharedEntityManagerCreator.java:415)
	at jdk.proxy2/jdk.proxy2.$Proxy141.getSingleResult(Unknown Source)
	at org.springframework.data.jpa.repository.query.JpaQueryExecution$SingleEntityExecution.doExecute(JpaQueryExecution.java:223)
	at org.springframework.data.jpa.repository.query.JpaQueryExecution.execute(JpaQueryExecution.java:92)
	at org.springframework.data.jpa.repository.query.AbstractJpaQuery.doExecute(AbstractJpaQuery.java:149)
	at org.springframework.data.jpa.repository.query.AbstractJpaQuery.execute(AbstractJpaQuery.java:137)
	at org.springframework.data.repository.core.support.RepositoryMethodInvoker.doInvoke(RepositoryMethodInvoker.java:170)
	at org.springframework.data.repository.core.support.RepositoryMethodInvoker.invoke(RepositoryMethodInvoker.java:158)
	at org.springframework.data.repository.core.support.QueryExecutorMethodInterceptor.doInvoke(QueryExecutorMethodInterceptor.java:164)
	at org.springframework.data.repository.core.support.QueryExecutorMethodInterceptor.invoke(QueryExecutorMethodInterceptor.java:143)
	at org.springframework.aop.framework.ReflectiveMethodInvocation.proceed(ReflectiveMethodInvocation.java:184)
	at org.springframework.data.projection.DefaultMethodInvokingMethodInterceptor.invoke(DefaultMethodInvokingMethodInterceptor.java:70)
	at org.springframework.aop.framework.ReflectiveMethodInvocation.proceed(ReflectiveMethodInvocation.java:184)
	at org.springframework.transaction.interceptor.TransactionInterceptor$1.proceedWithInvocation(TransactionInterceptor.java:123)
	at org.springframework.transaction.interceptor.TransactionAspectSupport.invokeWithinTransaction(TransactionAspectSupport.java:392)
	at org.springframework.transaction.interceptor.TransactionInterceptor.invoke(TransactionInterceptor.java:119)
	at org.springframework.aop.framework.ReflectiveMethodInvocation.proceed(ReflectiveMethodInvocation.java:184)
	at org.springframework.dao.support.PersistenceExceptionTranslationInterceptor.invoke(PersistenceExceptionTranslationInterceptor.java:137)
	... 24 common frames omitted
Caused by: java.sql.SQLTransientConnectionException: HikariPool-1 - Connection is not available, request timed out after 30011ms.
	at com.zaxxer.hikari.pool.HikariPool.createTimeoutException(HikariPool.java:696)
	at com.zaxxer.hikari.pool.HikariPool.getConnection(HikariPool.java:181)
	at com.zaxxer.hikari.pool.HikariPool.getConnection(HikariPool.java:146)
	at com.zaxxer.hikari.HikariDataSource.getConnection(HikariDataSource.java:128)
	at org.hibernate.engine.jdbc.connections.internal.DatasourceConnectionProviderImpl.getConnection(DatasourceConnectionProviderImpl.java:122)
	at org.hibernate.internal.NonContextualJdbcConnectionAccess.obtainConnection(NonContextualJdbcConnectionAccess.java:46)
	at org.hibernate.resource.jdbc.internal.LogicalConnectionManagedImpl.acquireConnectionIfNeeded(LogicalConnectionManagedImpl.java:113)
	... 69 common frames omitted
Caused by: java.sql.SQLRecoverableException: Erreur d'E/S: Invalid Operation, NOT Connected
	at oracle.jdbc.driver.T4CConnection.doSetNetworkTimeout(T4CConnection.java:9417)
	at oracle.jdbc.driver.PhysicalConnection.setNetworkTimeout(PhysicalConnection.java:10006)
	at com.zaxxer.hikari.pool.PoolBase.setNetworkTimeout(PoolBase.java:561)
	at com.zaxxer.hikari.pool.PoolBase.isConnectionDead(PoolBase.java:168)
	at com.zaxxer.hikari.pool.HikariPool.getConnection(HikariPool.java:170)
	... 74 common frames omitted
Caused by: oracle.net.ns.NetException: Invalid Operation, NOT Connected
	at oracle.net.nt.TcpNTAdapter.setOption(TcpNTAdapter.java:757)
	at oracle.net.ns.NSProtocol.setOption(NSProtocol.java:719)
	at oracle.net.ns.NSProtocol.setSocketReadTimeout(NSProtocol.java:1071)
	at oracle.jdbc.driver.T4CConnection.doSetNetworkTimeout(T4CConnection.java:9414)
	... 78 common frames omitted
2026-04-27 22:22:00.223 [scheduling-1] INFO  c.e.s.Scheduler.SignatureScheduler - Début traitement automatique des signatures...
2026-04-27 22:22:30.238 [scheduling-1] WARN  o.h.e.jdbc.spi.SqlExceptionHelper - SQL Error: 0, SQLState: 08006
2026-04-27 22:22:30.239 [scheduling-1] ERROR o.h.e.jdbc.spi.SqlExceptionHelper - HikariPool-1 - Connection is not available, request timed out after 30014ms.
2026-04-27 22:22:30.241 [scheduling-1] WARN  o.h.e.jdbc.spi.SqlExceptionHelper - SQL Error: 17002, SQLState: 08006
2026-04-27 22:22:30.242 [scheduling-1] ERROR o.h.e.jdbc.spi.SqlExceptionHelper - Erreur d'E/S: The Network Adapter could not establish the connection (CONNECTION_ID=YMjtudCZSZi34BZK5y/9hg==)
2026-04-27 22:22:30.242 [scheduling-1] ERROR c.e.s.Scheduler.SignatureScheduler - Erreur dans le scheduler signature
org.springframework.transaction.CannotCreateTransactionException: Could not open JPA EntityManager for transaction
	at org.springframework.orm.jpa.JpaTransactionManager.doBegin(JpaTransactionManager.java:466)
	at org.springframework.transaction.support.AbstractPlatformTransactionManager.startTransaction(AbstractPlatformTransactionManager.java:531)
	at org.springframework.transaction.support.AbstractPlatformTransactionManager.getTransaction(AbstractPlatformTransactionManager.java:405)
	at org.springframework.transaction.interceptor.TransactionAspectSupport.createTransactionIfNecessary(TransactionAspectSupport.java:617)
	at org.springframework.transaction.interceptor.TransactionAspectSupport.invokeWithinTransaction(TransactionAspectSupport.java:386)
	at org.springframework.transaction.interceptor.TransactionInterceptor.invoke(TransactionInterceptor.java:119)
	at org.springframework.aop.framework.ReflectiveMethodInvocation.proceed(ReflectiveMethodInvocation.java:184)
	at org.springframework.aop.framework.CglibAopProxy$CglibMethodInvocation.proceed(CglibAopProxy.java:768)
	at org.springframework.aop.framework.CglibAopProxy$DynamicAdvisedInterceptor.intercept(CglibAopProxy.java:720)
	at com.example.signature.service.ImailSignatureService$$SpringCGLIB$$0.comparePendingSignatures(<generated>)
	at com.example.signature.Scheduler.SignatureScheduler.runSignatureCheck(SignatureScheduler.java:32)
	at jdk.internal.reflect.GeneratedMethodAccessor29.invoke(Unknown Source)
	at java.base/jdk.internal.reflect.DelegatingMethodAccessorImpl.invoke(DelegatingMethodAccessorImpl.java:43)
	at java.base/java.lang.reflect.Method.invoke(Method.java:568)
	at org.springframework.scheduling.support.ScheduledMethodRunnable.runInternal(ScheduledMethodRunnable.java:130)
	at org.springframework.scheduling.support.ScheduledMethodRunnable.lambda$run$2(ScheduledMethodRunnable.java:124)
	at io.micrometer.observation.Observation.observe(Observation.java:499)
	at org.springframework.scheduling.support.ScheduledMethodRunnable.run(ScheduledMethodRunnable.java:124)
	at org.springframework.scheduling.support.DelegatingErrorHandlingRunnable.run(DelegatingErrorHandlingRunnable.java:54)
	at org.springframework.scheduling.concurrent.ReschedulingRunnable.run(ReschedulingRunnable.java:96)
	at java.base/java.util.concurrent.Executors$RunnableAdapter.call(Executors.java:539)
	at java.base/java.util.concurrent.FutureTask.run(FutureTask.java:264)
	at java.base/java.util.concurrent.ScheduledThreadPoolExecutor$ScheduledFutureTask.run(ScheduledThreadPoolExecutor.java:304)
	at java.base/java.util.concurrent.ThreadPoolExecutor.runWorker(ThreadPoolExecutor.java:1136)
	at java.base/java.util.concurrent.ThreadPoolExecutor$Worker.run(ThreadPoolExecutor.java:635)
	at java.base/java.lang.Thread.run(Thread.java:842)
Caused by: org.hibernate.exception.JDBCConnectionException: Unable to acquire JDBC Connection [HikariPool-1 - Connection is not available, request timed out after 30014ms.] [n/a]
	at org.hibernate.exception.internal.SQLExceptionTypeDelegate.convert(SQLExceptionTypeDelegate.java:51)
	at org.hibernate.exception.internal.StandardSQLExceptionConverter.convert(StandardSQLExceptionConverter.java:58)
	at org.hibernate.engine.jdbc.spi.SqlExceptionHelper.convert(SqlExceptionHelper.java:108)
	at org.hibernate.engine.jdbc.spi.SqlExceptionHelper.convert(SqlExceptionHelper.java:94)
	at org.hibernate.resource.jdbc.internal.LogicalConnectionManagedImpl.acquireConnectionIfNeeded(LogicalConnectionManagedImpl.java:116)
	at org.hibernate.resource.jdbc.internal.LogicalConnectionManagedImpl.getPhysicalConnection(LogicalConnectionManagedImpl.java:143)
	at org.hibernate.resource.jdbc.internal.LogicalConnectionManagedImpl.getConnectionForTransactionManagement(LogicalConnectionManagedImpl.java:273)
	at org.hibernate.resource.jdbc.internal.LogicalConnectionManagedImpl.begin(LogicalConnectionManagedImpl.java:281)
	at org.hibernate.resource.transaction.backend.jdbc.internal.JdbcResourceLocalTransactionCoordinatorImpl$TransactionDriverControlImpl.begin(JdbcResourceLocalTransactionCoordinatorImpl.java:232)
	at org.hibernate.engine.transaction.internal.TransactionImpl.begin(TransactionImpl.java:83)
	at org.springframework.orm.jpa.vendor.HibernateJpaDialect.beginTransaction(HibernateJpaDialect.java:176)
	at org.springframework.orm.jpa.JpaTransactionManager.doBegin(JpaTransactionManager.java:420)
	... 25 common frames omitted
Caused by: java.sql.SQLTransientConnectionException: HikariPool-1 - Connection is not available, request timed out after 30014ms.
	at com.zaxxer.hikari.pool.HikariPool.createTimeoutException(HikariPool.java:696)
	at com.zaxxer.hikari.pool.HikariPool.getConnection(HikariPool.java:181)
	at com.zaxxer.hikari.pool.HikariPool.getConnection(HikariPool.java:146)
	at com.zaxxer.hikari.HikariDataSource.getConnection(HikariDataSource.java:128)
	at org.hibernate.engine.jdbc.connections.internal.DatasourceConnectionProviderImpl.getConnection(DatasourceConnectionProviderImpl.java:122)
	at org.hibernate.internal.NonContextualJdbcConnectionAccess.obtainConnection(NonContextualJdbcConnectionAccess.java:46)
	at org.hibernate.resource.jdbc.internal.LogicalConnectionManagedImpl.acquireConnectionIfNeeded(LogicalConnectionManagedImpl.java:113)
	... 32 common frames omitted
Caused by: java.sql.SQLRecoverableException: Erreur d'E/S: The Network Adapter could not establish the connection (CONNECTION_ID=YMjtudCZSZi34BZK5y/9hg==)
	at oracle.jdbc.driver.T4CConnection.handleLogonNetException(T4CConnection.java:892)
	at oracle.jdbc.driver.T4CConnection.logon(T4CConnection.java:697)
	at oracle.jdbc.driver.PhysicalConnection.connect(PhysicalConnection.java:1047)
	at oracle.jdbc.driver.T4CDriverExtension.getConnection(T4CDriverExtension.java:89)
	at oracle.jdbc.driver.OracleDriver.connect(OracleDriver.java:732)
	at oracle.jdbc.driver.OracleDriver.connect(OracleDriver.java:648)
	at com.zaxxer.hikari.util.DriverDataSource.getConnection(DriverDataSource.java:138)
	at com.zaxxer.hikari.pool.PoolBase.newConnection(PoolBase.java:359)
	at com.zaxxer.hikari.pool.PoolBase.newPoolEntry(PoolBase.java:201)
	at com.zaxxer.hikari.pool.HikariPool.createPoolEntry(HikariPool.java:470)
	at com.zaxxer.hikari.pool.HikariPool$PoolEntryCreator.call(HikariPool.java:733)
	at com.zaxxer.hikari.pool.HikariPool$PoolEntryCreator.call(HikariPool.java:712)
	at java.base/java.util.concurrent.FutureTask.run(FutureTask.java:264)
	... 3 common frames omitted
Caused by: oracle.net.ns.NetException: The Network Adapter could not establish the connection (CONNECTION_ID=YMjtudCZSZi34BZK5y/9hg==)
	at oracle.net.nt.ConnStrategy.execute(ConnStrategy.java:715)
	at oracle.net.resolver.AddrResolution.resolveAndExecute(AddrResolution.java:584)
	at oracle.net.ns.NSProtocol.establishConnection(NSProtocol.java:964)
	at oracle.net.ns.NSProtocol.connect(NSProtocol.java:350)
	at oracle.jdbc.driver.T4CConnection.connect(T4CConnection.java:2441)
	at oracle.jdbc.driver.T4CConnection.logon(T4CConnection.java:656)
	... 14 common frames omitted
Caused by: java.io.IOException: Connection timed out: connect, socket connect lapse 21038 ms. 37.187.250.163 1521  30000 (1/1) true
	at oracle.net.nt.TcpNTAdapter.establishSocket(TcpNTAdapter.java:425)
	at oracle.net.nt.TcpNTAdapter.doLocalDNSLookupConnect(TcpNTAdapter.java:307)
	at oracle.net.nt.TcpNTAdapter.connect(TcpNTAdapter.java:269)
	at oracle.net.nt.ConnOption.connect(ConnOption.java:230)
	at oracle.net.nt.ConnStrategy.executeConnOption(ConnStrategy.java:1014)
	at oracle.net.nt.ConnStrategy.execute(ConnStrategy.java:673)
	... 19 common frames omitted
Caused by: java.net.ConnectException: Connection timed out: connect
	at java.base/sun.nio.ch.Net.connect0(Native Method)
	at java.base/sun.nio.ch.Net.connect(Net.java:579)
	at java.base/sun.nio.ch.Net.connect(Net.java:586)
	at java.base/sun.nio.ch.SocketChannelImpl.connect(SocketChannelImpl.java:853)
	at java.base/java.nio.channels.SocketChannel.open(SocketChannel.java:285)
	at oracle.net.nt.TimeoutSocketChannel.connect(TimeoutSocketChannel.java:183)
	at oracle.net.nt.TimeoutSocketChannel.<init>(TimeoutSocketChannel.java:157)
	at oracle.net.nt.TcpNTAdapter.establishSocket(TcpNTAdapter.java:384)
	... 24 common frames omitted
2026-04-27 22:23:00.002 [scheduling-1] INFO  c.e.s.Scheduler.SignatureScheduler - Début traitement automatique des signatures...
2026-04-27 22:23:30.019 [scheduling-1] WARN  o.h.e.jdbc.spi.SqlExceptionHelper - SQL Error: 0, SQLState: 08006
2026-04-27 22:23:30.019 [scheduling-1] ERROR o.h.e.jdbc.spi.SqlExceptionHelper - HikariPool-1 - Connection is not available, request timed out after 30014ms.
2026-04-27 22:23:30.019 [scheduling-1] WARN  o.h.e.jdbc.spi.SqlExceptionHelper - SQL Error: 17002, SQLState: 08006
2026-04-27 22:23:30.019 [scheduling-1] ERROR o.h.e.jdbc.spi.SqlExceptionHelper - Erreur d'E/S: The Network Adapter could not establish the connection (CONNECTION_ID=1LyeHBObTgSaQym4XNnDhA==)
2026-04-27 22:23:30.020 [scheduling-1] ERROR c.e.s.Scheduler.SignatureScheduler - Erreur dans le scheduler signature
org.springframework.transaction.CannotCreateTransactionException: Could not open JPA EntityManager for transaction
	at org.springframework.orm.jpa.JpaTransactionManager.doBegin(JpaTransactionManager.java:466)
	at org.springframework.transaction.support.AbstractPlatformTransactionManager.startTransaction(AbstractPlatformTransactionManager.java:531)
	at org.springframework.transaction.support.AbstractPlatformTransactionManager.getTransaction(AbstractPlatformTransactionManager.java:405)
	at org.springframework.transaction.interceptor.TransactionAspectSupport.createTransactionIfNecessary(TransactionAspectSupport.java:617)
	at org.springframework.transaction.interceptor.TransactionAspectSupport.invokeWithinTransaction(TransactionAspectSupport.java:386)
	at org.springframework.transaction.interceptor.TransactionInterceptor.invoke(TransactionInterceptor.java:119)
	at org.springframework.aop.framework.ReflectiveMethodInvocation.proceed(ReflectiveMethodInvocation.java:184)
	at org.springframework.aop.framework.CglibAopProxy$CglibMethodInvocation.proceed(CglibAopProxy.java:768)
	at org.springframework.aop.framework.CglibAopProxy$DynamicAdvisedInterceptor.intercept(CglibAopProxy.java:720)
	at com.example.signature.service.ImailSignatureService$$SpringCGLIB$$0.comparePendingSignatures(<generated>)
	at com.example.signature.Scheduler.SignatureScheduler.runSignatureCheck(SignatureScheduler.java:32)
	at jdk.internal.reflect.GeneratedMethodAccessor29.invoke(Unknown Source)
	at java.base/jdk.internal.reflect.DelegatingMethodAccessorImpl.invoke(DelegatingMethodAccessorImpl.java:43)
	at java.base/java.lang.reflect.Method.invoke(Method.java:568)
	at org.springframework.scheduling.support.ScheduledMethodRunnable.runInternal(ScheduledMethodRunnable.java:130)
	at org.springframework.scheduling.support.ScheduledMethodRunnable.lambda$run$2(ScheduledMethodRunnable.java:124)
	at io.micrometer.observation.Observation.observe(Observation.java:499)
	at org.springframework.scheduling.support.ScheduledMethodRunnable.run(ScheduledMethodRunnable.java:124)
	at org.springframework.scheduling.support.DelegatingErrorHandlingRunnable.run(DelegatingErrorHandlingRunnable.java:54)
	at org.springframework.scheduling.concurrent.ReschedulingRunnable.run(ReschedulingRunnable.java:96)
	at java.base/java.util.concurrent.Executors$RunnableAdapter.call(Executors.java:539)
	at java.base/java.util.concurrent.FutureTask.run(FutureTask.java:264)
	at java.base/java.util.concurrent.ScheduledThreadPoolExecutor$ScheduledFutureTask.run(ScheduledThreadPoolExecutor.java:304)
	at java.base/java.util.concurrent.ThreadPoolExecutor.runWorker(ThreadPoolExecutor.java:1136)
	at java.base/java.util.concurrent.ThreadPoolExecutor$Worker.run(ThreadPoolExecutor.java:635)
	at java.base/java.lang.Thread.run(Thread.java:842)
Caused by: org.hibernate.exception.JDBCConnectionException: Unable to acquire JDBC Connection [HikariPool-1 - Connection is not available, request timed out after 30014ms.] [n/a]
	at org.hibernate.exception.internal.SQLExceptionTypeDelegate.convert(SQLExceptionTypeDelegate.java:51)
	at org.hibernate.exception.internal.StandardSQLExceptionConverter.convert(StandardSQLExceptionConverter.java:58)
	at org.hibernate.engine.jdbc.spi.SqlExceptionHelper.convert(SqlExceptionHelper.java:108)
	at org.hibernate.engine.jdbc.spi.SqlExceptionHelper.convert(SqlExceptionHelper.java:94)
	at org.hibernate.resource.jdbc.internal.LogicalConnectionManagedImpl.acquireConnectionIfNeeded(LogicalConnectionManagedImpl.java:116)
	at org.hibernate.resource.jdbc.internal.LogicalConnectionManagedImpl.getPhysicalConnection(LogicalConnectionManagedImpl.java:143)
	at org.hibernate.resource.jdbc.internal.LogicalConnectionManagedImpl.getConnectionForTransactionManagement(LogicalConnectionManagedImpl.java:273)
	at org.hibernate.resource.jdbc.internal.LogicalConnectionManagedImpl.begin(LogicalConnectionManagedImpl.java:281)
	at org.hibernate.resource.transaction.backend.jdbc.internal.JdbcResourceLocalTransactionCoordinatorImpl$TransactionDriverControlImpl.begin(JdbcResourceLocalTransactionCoordinatorImpl.java:232)
	at org.hibernate.engine.transaction.internal.TransactionImpl.begin(TransactionImpl.java:83)
	at org.springframework.orm.jpa.vendor.HibernateJpaDialect.beginTransaction(HibernateJpaDialect.java:176)
	at org.springframework.orm.jpa.JpaTransactionManager.doBegin(JpaTransactionManager.java:420)
	... 25 common frames omitted
Caused by: java.sql.SQLTransientConnectionException: HikariPool-1 - Connection is not available, request timed out after 30014ms.
	at com.zaxxer.hikari.pool.HikariPool.createTimeoutException(HikariPool.java:696)
	at com.zaxxer.hikari.pool.HikariPool.getConnection(HikariPool.java:181)
	at com.zaxxer.hikari.pool.HikariPool.getConnection(HikariPool.java:146)
	at com.zaxxer.hikari.HikariDataSource.getConnection(HikariDataSource.java:128)
	at org.hibernate.engine.jdbc.connections.internal.DatasourceConnectionProviderImpl.getConnection(DatasourceConnectionProviderImpl.java:122)
	at org.hibernate.internal.NonContextualJdbcConnectionAccess.obtainConnection(NonContextualJdbcConnectionAccess.java:46)
	at org.hibernate.resource.jdbc.internal.LogicalConnectionManagedImpl.acquireConnectionIfNeeded(LogicalConnectionManagedImpl.java:113)
	... 32 common frames omitted
Caused by: java.sql.SQLRecoverableException: Erreur d'E/S: The Network Adapter could not establish the connection (CONNECTION_ID=1LyeHBObTgSaQym4XNnDhA==)
	at oracle.jdbc.driver.T4CConnection.handleLogonNetException(T4CConnection.java:892)
	at oracle.jdbc.driver.T4CConnection.logon(T4CConnection.java:697)
	at oracle.jdbc.driver.PhysicalConnection.connect(PhysicalConnection.java:1047)
	at oracle.jdbc.driver.T4CDriverExtension.getConnection(T4CDriverExtension.java:89)
	at oracle.jdbc.driver.OracleDriver.connect(OracleDriver.java:732)
	at oracle.jdbc.driver.OracleDriver.connect(OracleDriver.java:648)
	at com.zaxxer.hikari.util.DriverDataSource.getConnection(DriverDataSource.java:138)
	at com.zaxxer.hikari.pool.PoolBase.newConnection(PoolBase.java:359)
	at com.zaxxer.hikari.pool.PoolBase.newPoolEntry(PoolBase.java:201)
	at com.zaxxer.hikari.pool.HikariPool.createPoolEntry(HikariPool.java:470)
	at com.zaxxer.hikari.pool.HikariPool$PoolEntryCreator.call(HikariPool.java:733)
	at com.zaxxer.hikari.pool.HikariPool$PoolEntryCreator.call(HikariPool.java:712)
	at java.base/java.util.concurrent.FutureTask.run(FutureTask.java:264)
	... 3 common frames omitted
Caused by: oracle.net.ns.NetException: The Network Adapter could not establish the connection (CONNECTION_ID=1LyeHBObTgSaQym4XNnDhA==)
	at oracle.net.nt.ConnStrategy.execute(ConnStrategy.java:715)
	at oracle.net.resolver.AddrResolution.resolveAndExecute(AddrResolution.java:584)
	at oracle.net.ns.NSProtocol.establishConnection(NSProtocol.java:964)
	at oracle.net.ns.NSProtocol.connect(NSProtocol.java:350)
	at oracle.jdbc.driver.T4CConnection.connect(T4CConnection.java:2441)
	at oracle.jdbc.driver.T4CConnection.logon(T4CConnection.java:656)
	... 14 common frames omitted
Caused by: java.io.IOException: Connection timed out: connect, socket connect lapse 21061 ms. 37.187.250.163 1521  30000 (1/1) true
	at oracle.net.nt.TcpNTAdapter.establishSocket(TcpNTAdapter.java:425)
	at oracle.net.nt.TcpNTAdapter.doLocalDNSLookupConnect(TcpNTAdapter.java:307)
	at oracle.net.nt.TcpNTAdapter.connect(TcpNTAdapter.java:269)
	at oracle.net.nt.ConnOption.connect(ConnOption.java:230)
	at oracle.net.nt.ConnStrategy.executeConnOption(ConnStrategy.java:1014)
	at oracle.net.nt.ConnStrategy.execute(ConnStrategy.java:673)
	... 19 common frames omitted
Caused by: java.net.ConnectException: Connection timed out: connect
	at java.base/sun.nio.ch.Net.connect0(Native Method)
	at java.base/sun.nio.ch.Net.connect(Net.java:579)
	at java.base/sun.nio.ch.Net.connect(Net.java:586)
	at java.base/sun.nio.ch.SocketChannelImpl.connect(SocketChannelImpl.java:853)
	at java.base/java.nio.channels.SocketChannel.open(SocketChannel.java:285)
	at oracle.net.nt.TimeoutSocketChannel.connect(TimeoutSocketChannel.java:183)
	at oracle.net.nt.TimeoutSocketChannel.<init>(TimeoutSocketChannel.java:157)
	at oracle.net.nt.TcpNTAdapter.establishSocket(TcpNTAdapter.java:384)
	... 24 common frames omitted
2026-04-27 22:23:30.022 [scheduling-1] INFO  c.e.s.Scheduler.SignatureScheduler - === Début traitement automatique reception ===
2026-04-27 22:24:00.034 [scheduling-1] WARN  o.h.e.jdbc.spi.SqlExceptionHelper - SQL Error: 0, SQLState: 08006
2026-04-27 22:24:00.034 [scheduling-1] ERROR o.h.e.jdbc.spi.SqlExceptionHelper - HikariPool-1 - Connection is not available, request timed out after 30008ms.
2026-04-27 22:24:00.034 [scheduling-1] WARN  o.h.e.jdbc.spi.SqlExceptionHelper - SQL Error: 17002, SQLState: 08006
2026-04-27 22:24:00.034 [scheduling-1] ERROR o.h.e.jdbc.spi.SqlExceptionHelper - Erreur d'E/S: The Network Adapter could not establish the connection (CONNECTION_ID=mJwy+7fcT/mDJUsPiyRc1A==)
2026-04-27 22:24:00.035 [scheduling-1] ERROR c.e.s.Scheduler.SignatureScheduler - Erreur dans le scheduler reception
org.springframework.dao.DataAccessResourceFailureException: Unable to acquire JDBC Connection [HikariPool-1 - Connection is not available, request timed out after 30008ms.] [n/a]
	at org.springframework.orm.jpa.vendor.HibernateJpaDialect.convertHibernateAccessException(HibernateJpaDialect.java:274)
	at org.springframework.orm.jpa.vendor.HibernateJpaDialect.translateExceptionIfPossible(HibernateJpaDialect.java:241)
	at org.springframework.orm.jpa.AbstractEntityManagerFactoryBean.translateExceptionIfPossible(AbstractEntityManagerFactoryBean.java:550)
	at org.springframework.dao.support.ChainedPersistenceExceptionTranslator.translateExceptionIfPossible(ChainedPersistenceExceptionTranslator.java:61)
	at org.springframework.dao.support.DataAccessUtils.translateIfNecessary(DataAccessUtils.java:335)
	at org.springframework.dao.support.PersistenceExceptionTranslationInterceptor.invoke(PersistenceExceptionTranslationInterceptor.java:152)
	at org.springframework.aop.framework.ReflectiveMethodInvocation.proceed(ReflectiveMethodInvocation.java:184)
	at org.springframework.data.jpa.repository.support.CrudMethodMetadataPostProcessor$CrudMethodMetadataPopulatingMethodInterceptor.invoke(CrudMethodMetadataPostProcessor.java:135)
	at org.springframework.aop.framework.ReflectiveMethodInvocation.proceed(ReflectiveMethodInvocation.java:184)
	at org.springframework.aop.interceptor.ExposeInvocationInterceptor.invoke(ExposeInvocationInterceptor.java:97)
	at org.springframework.aop.framework.ReflectiveMethodInvocation.proceed(ReflectiveMethodInvocation.java:184)
	at org.springframework.aop.framework.JdkDynamicAopProxy.invoke(JdkDynamicAopProxy.java:223)
	at jdk.proxy2/jdk.proxy2.$Proxy134.findPathScanAs(Unknown Source)
	at com.example.signature.service.ReceptionProcessingService.processReceptionFolders(ReceptionProcessingService.java:46)
	at com.example.signature.Scheduler.SignatureScheduler.processReceptionAuto(SignatureScheduler.java:43)
	at jdk.internal.reflect.GeneratedMethodAccessor27.invoke(Unknown Source)
	at java.base/jdk.internal.reflect.DelegatingMethodAccessorImpl.invoke(DelegatingMethodAccessorImpl.java:43)
	at java.base/java.lang.reflect.Method.invoke(Method.java:568)
	at org.springframework.scheduling.support.ScheduledMethodRunnable.runInternal(ScheduledMethodRunnable.java:130)
	at org.springframework.scheduling.support.ScheduledMethodRunnable.lambda$run$2(ScheduledMethodRunnable.java:124)
	at io.micrometer.observation.Observation.observe(Observation.java:499)
	at org.springframework.scheduling.support.ScheduledMethodRunnable.run(ScheduledMethodRunnable.java:124)
	at org.springframework.scheduling.support.DelegatingErrorHandlingRunnable.run(DelegatingErrorHandlingRunnable.java:54)
	at org.springframework.scheduling.concurrent.ReschedulingRunnable.run(ReschedulingRunnable.java:96)
	at java.base/java.util.concurrent.Executors$RunnableAdapter.call(Executors.java:539)
	at java.base/java.util.concurrent.FutureTask.run(FutureTask.java:264)
	at java.base/java.util.concurrent.ScheduledThreadPoolExecutor$ScheduledFutureTask.run(ScheduledThreadPoolExecutor.java:304)
	at java.base/java.util.concurrent.ThreadPoolExecutor.runWorker(ThreadPoolExecutor.java:1136)
	at java.base/java.util.concurrent.ThreadPoolExecutor$Worker.run(ThreadPoolExecutor.java:635)
	at java.base/java.lang.Thread.run(Thread.java:842)
Caused by: org.hibernate.exception.JDBCConnectionException: Unable to acquire JDBC Connection [HikariPool-1 - Connection is not available, request timed out after 30008ms.] [n/a]
	at org.hibernate.exception.internal.SQLExceptionTypeDelegate.convert(SQLExceptionTypeDelegate.java:51)
	at org.hibernate.exception.internal.StandardSQLExceptionConverter.convert(StandardSQLExceptionConverter.java:58)
	at org.hibernate.engine.jdbc.spi.SqlExceptionHelper.convert(SqlExceptionHelper.java:108)
	at org.hibernate.engine.jdbc.spi.SqlExceptionHelper.convert(SqlExceptionHelper.java:94)
	at org.hibernate.resource.jdbc.internal.LogicalConnectionManagedImpl.acquireConnectionIfNeeded(LogicalConnectionManagedImpl.java:116)
	at org.hibernate.resource.jdbc.internal.LogicalConnectionManagedImpl.getPhysicalConnection(LogicalConnectionManagedImpl.java:143)
	at org.hibernate.engine.jdbc.internal.StatementPreparerImpl.connection(StatementPreparerImpl.java:54)
	at org.hibernate.engine.jdbc.internal.StatementPreparerImpl$5.doPrepare(StatementPreparerImpl.java:153)
	at org.hibernate.engine.jdbc.internal.StatementPreparerImpl$StatementPreparationTemplate.prepareStatement(StatementPreparerImpl.java:183)
	at org.hibernate.engine.jdbc.internal.StatementPreparerImpl.prepareQueryStatement(StatementPreparerImpl.java:155)
	at org.hibernate.sql.exec.spi.JdbcSelectExecutor.lambda$list$0(JdbcSelectExecutor.java:85)
	at org.hibernate.sql.results.jdbc.internal.DeferredResultSetAccess.executeQuery(DeferredResultSetAccess.java:231)
	at org.hibernate.sql.results.jdbc.internal.DeferredResultSetAccess.getResultSet(DeferredResultSetAccess.java:167)
	at org.hibernate.sql.results.jdbc.internal.JdbcValuesResultSetImpl.advanceNext(JdbcValuesResultSetImpl.java:218)
	at org.hibernate.sql.results.jdbc.internal.JdbcValuesResultSetImpl.processNext(JdbcValuesResultSetImpl.java:98)
	at org.hibernate.sql.results.jdbc.internal.AbstractJdbcValues.next(AbstractJdbcValues.java:19)
	at org.hibernate.sql.results.internal.RowProcessingStateStandardImpl.next(RowProcessingStateStandardImpl.java:66)
	at org.hibernate.sql.results.spi.ListResultsConsumer.consume(ListResultsConsumer.java:202)
	at org.hibernate.sql.results.spi.ListResultsConsumer.consume(ListResultsConsumer.java:33)
	at org.hibernate.sql.exec.internal.JdbcSelectExecutorStandardImpl.doExecuteQuery(JdbcSelectExecutorStandardImpl.java:209)
	at org.hibernate.sql.exec.internal.JdbcSelectExecutorStandardImpl.executeQuery(JdbcSelectExecutorStandardImpl.java:83)
	at org.hibernate.sql.exec.spi.JdbcSelectExecutor.list(JdbcSelectExecutor.java:76)
	at org.hibernate.sql.exec.spi.JdbcSelectExecutor.list(JdbcSelectExecutor.java:65)
	at org.hibernate.query.sqm.internal.ConcreteSqmSelectQueryPlan.lambda$new$2(ConcreteSqmSelectQueryPlan.java:137)
	at org.hibernate.query.sqm.internal.ConcreteSqmSelectQueryPlan.withCacheableSqmInterpretation(ConcreteSqmSelectQueryPlan.java:362)
	at org.hibernate.query.sqm.internal.ConcreteSqmSelectQueryPlan.performList(ConcreteSqmSelectQueryPlan.java:303)
	at org.hibernate.query.sqm.internal.QuerySqmImpl.doList(QuerySqmImpl.java:509)
	at org.hibernate.query.spi.AbstractSelectionQuery.list(AbstractSelectionQuery.java:427)
	at org.hibernate.query.spi.AbstractSelectionQuery.getSingleResult(AbstractSelectionQuery.java:564)
	at jdk.internal.reflect.GeneratedMethodAccessor28.invoke(Unknown Source)
	at java.base/jdk.internal.reflect.DelegatingMethodAccessorImpl.invoke(DelegatingMethodAccessorImpl.java:43)
	at java.base/java.lang.reflect.Method.invoke(Method.java:568)
	at org.springframework.orm.jpa.SharedEntityManagerCreator$DeferredQueryInvocationHandler.invoke(SharedEntityManagerCreator.java:415)
	at jdk.proxy2/jdk.proxy2.$Proxy141.getSingleResult(Unknown Source)
	at org.springframework.data.jpa.repository.query.JpaQueryExecution$SingleEntityExecution.doExecute(JpaQueryExecution.java:223)
	at org.springframework.data.jpa.repository.query.JpaQueryExecution.execute(JpaQueryExecution.java:92)
	at org.springframework.data.jpa.repository.query.AbstractJpaQuery.doExecute(AbstractJpaQuery.java:149)
	at org.springframework.data.jpa.repository.query.AbstractJpaQuery.execute(AbstractJpaQuery.java:137)
	at org.springframework.data.repository.core.support.RepositoryMethodInvoker.doInvoke(RepositoryMethodInvoker.java:170)
	at org.springframework.data.repository.core.support.RepositoryMethodInvoker.invoke(RepositoryMethodInvoker.java:158)
	at org.springframework.data.repository.core.support.QueryExecutorMethodInterceptor.doInvoke(QueryExecutorMethodInterceptor.java:164)
	at org.springframework.data.repository.core.support.QueryExecutorMethodInterceptor.invoke(QueryExecutorMethodInterceptor.java:143)
	at org.springframework.aop.framework.ReflectiveMethodInvocation.proceed(ReflectiveMethodInvocation.java:184)
	at org.springframework.data.projection.DefaultMethodInvokingMethodInterceptor.invoke(DefaultMethodInvokingMethodInterceptor.java:70)
	at org.springframework.aop.framework.ReflectiveMethodInvocation.proceed(ReflectiveMethodInvocation.java:184)
	at org.springframework.transaction.interceptor.TransactionInterceptor$1.proceedWithInvocation(TransactionInterceptor.java:123)
	at org.springframework.transaction.interceptor.TransactionAspectSupport.invokeWithinTransaction(TransactionAspectSupport.java:392)
	at org.springframework.transaction.interceptor.TransactionInterceptor.invoke(TransactionInterceptor.java:119)
	at org.springframework.aop.framework.ReflectiveMethodInvocation.proceed(ReflectiveMethodInvocation.java:184)
	at org.springframework.dao.support.PersistenceExceptionTranslationInterceptor.invoke(PersistenceExceptionTranslationInterceptor.java:137)
	... 24 common frames omitted
Caused by: java.sql.SQLTransientConnectionException: HikariPool-1 - Connection is not available, request timed out after 30008ms.
	at com.zaxxer.hikari.pool.HikariPool.createTimeoutException(HikariPool.java:696)
	at com.zaxxer.hikari.pool.HikariPool.getConnection(HikariPool.java:181)
	at com.zaxxer.hikari.pool.HikariPool.getConnection(HikariPool.java:146)
	at com.zaxxer.hikari.HikariDataSource.getConnection(HikariDataSource.java:128)
	at org.hibernate.engine.jdbc.connections.internal.DatasourceConnectionProviderImpl.getConnection(DatasourceConnectionProviderImpl.java:122)
	at org.hibernate.internal.NonContextualJdbcConnectionAccess.obtainConnection(NonContextualJdbcConnectionAccess.java:46)
	at org.hibernate.resource.jdbc.internal.LogicalConnectionManagedImpl.acquireConnectionIfNeeded(LogicalConnectionManagedImpl.java:113)
	... 69 common frames omitted
Caused by: java.sql.SQLRecoverableException: Erreur d'E/S: The Network Adapter could not establish the connection (CONNECTION_ID=mJwy+7fcT/mDJUsPiyRc1A==)
	at oracle.jdbc.driver.T4CConnection.handleLogonNetException(T4CConnection.java:892)
	at oracle.jdbc.driver.T4CConnection.logon(T4CConnection.java:697)
	at oracle.jdbc.driver.PhysicalConnection.connect(PhysicalConnection.java:1047)
	at oracle.jdbc.driver.T4CDriverExtension.getConnection(T4CDriverExtension.java:89)
	at oracle.jdbc.driver.OracleDriver.connect(OracleDriver.java:732)
	at oracle.jdbc.driver.OracleDriver.connect(OracleDriver.java:648)
	at com.zaxxer.hikari.util.DriverDataSource.getConnection(DriverDataSource.java:138)
	at com.zaxxer.hikari.pool.PoolBase.newConnection(PoolBase.java:359)
	at com.zaxxer.hikari.pool.PoolBase.newPoolEntry(PoolBase.java:201)
	at com.zaxxer.hikari.pool.HikariPool.createPoolEntry(HikariPool.java:470)
	at com.zaxxer.hikari.pool.HikariPool$PoolEntryCreator.call(HikariPool.java:733)
	at com.zaxxer.hikari.pool.HikariPool$PoolEntryCreator.call(HikariPool.java:712)
	at java.base/java.util.concurrent.FutureTask.run(FutureTask.java:264)
	... 3 common frames omitted
Caused by: oracle.net.ns.NetException: The Network Adapter could not establish the connection (CONNECTION_ID=mJwy+7fcT/mDJUsPiyRc1A==)
	at oracle.net.nt.ConnStrategy.execute(ConnStrategy.java:715)
	at oracle.net.resolver.AddrResolution.resolveAndExecute(AddrResolution.java:584)
	at oracle.net.ns.NSProtocol.establishConnection(NSProtocol.java:964)
	at oracle.net.ns.NSProtocol.connect(NSProtocol.java:350)
	at oracle.jdbc.driver.T4CConnection.connect(T4CConnection.java:2441)
	at oracle.jdbc.driver.T4CConnection.logon(T4CConnection.java:656)
	... 14 common frames omitted
Caused by: java.io.IOException: Connection timed out: connect, socket connect lapse 21044 ms. 37.187.250.163 1521  30000 (1/1) true
	at oracle.net.nt.TcpNTAdapter.establishSocket(TcpNTAdapter.java:425)
	at oracle.net.nt.TcpNTAdapter.doLocalDNSLookupConnect(TcpNTAdapter.java:307)
	at oracle.net.nt.TcpNTAdapter.connect(TcpNTAdapter.java:269)
	at oracle.net.nt.ConnOption.connect(ConnOption.java:230)
	at oracle.net.nt.ConnStrategy.executeConnOption(ConnStrategy.java:1014)
	at oracle.net.nt.ConnStrategy.execute(ConnStrategy.java:673)
	... 19 common frames omitted
Caused by: java.net.ConnectException: Connection timed out: connect
	at java.base/sun.nio.ch.Net.connect0(Native Method)
	at java.base/sun.nio.ch.Net.connect(Net.java:579)
	at java.base/sun.nio.ch.Net.connect(Net.java:586)
	at java.base/sun.nio.ch.SocketChannelImpl.connect(SocketChannelImpl.java:853)
	at java.base/java.nio.channels.SocketChannel.open(SocketChannel.java:285)
	at oracle.net.nt.TimeoutSocketChannel.connect(TimeoutSocketChannel.java:183)
	at oracle.net.nt.TimeoutSocketChannel.<init>(TimeoutSocketChannel.java:157)
	at oracle.net.nt.TcpNTAdapter.establishSocket(TcpNTAdapter.java:384)
	... 24 common frames omitted
2026-04-27 22:24:00.039 [scheduling-1] INFO  c.e.s.Scheduler.SignatureScheduler - Début traitement automatique des signatures...
2026-04-27 22:24:30.052 [scheduling-1] WARN  o.h.e.jdbc.spi.SqlExceptionHelper - SQL Error: 0, SQLState: 08006
2026-04-27 22:24:30.052 [scheduling-1] ERROR o.h.e.jdbc.spi.SqlExceptionHelper - HikariPool-1 - Connection is not available, request timed out after 30011ms.
2026-04-27 22:24:30.052 [scheduling-1] WARN  o.h.e.jdbc.spi.SqlExceptionHelper - SQL Error: 17002, SQLState: 08006
2026-04-27 22:24:30.052 [scheduling-1] ERROR o.h.e.jdbc.spi.SqlExceptionHelper - Erreur d'E/S: The Network Adapter could not establish the connection (CONNECTION_ID=4nfJzw4xTkSP/3+p+consg==)
2026-04-27 22:24:30.052 [scheduling-1] ERROR c.e.s.Scheduler.SignatureScheduler - Erreur dans le scheduler signature
org.springframework.transaction.CannotCreateTransactionException: Could not open JPA EntityManager for transaction
	at org.springframework.orm.jpa.JpaTransactionManager.doBegin(JpaTransactionManager.java:466)
	at org.springframework.transaction.support.AbstractPlatformTransactionManager.startTransaction(AbstractPlatformTransactionManager.java:531)
	at org.springframework.transaction.support.AbstractPlatformTransactionManager.getTransaction(AbstractPlatformTransactionManager.java:405)
	at org.springframework.transaction.interceptor.TransactionAspectSupport.createTransactionIfNecessary(TransactionAspectSupport.java:617)
	at org.springframework.transaction.interceptor.TransactionAspectSupport.invokeWithinTransaction(TransactionAspectSupport.java:386)
	at org.springframework.transaction.interceptor.TransactionInterceptor.invoke(TransactionInterceptor.java:119)
	at org.springframework.aop.framework.ReflectiveMethodInvocation.proceed(ReflectiveMethodInvocation.java:184)
	at org.springframework.aop.framework.CglibAopProxy$CglibMethodInvocation.proceed(CglibAopProxy.java:768)
	at org.springframework.aop.framework.CglibAopProxy$DynamicAdvisedInterceptor.intercept(CglibAopProxy.java:720)
	at com.example.signature.service.ImailSignatureService$$SpringCGLIB$$0.comparePendingSignatures(<generated>)
	at com.example.signature.Scheduler.SignatureScheduler.runSignatureCheck(SignatureScheduler.java:32)
	at jdk.internal.reflect.GeneratedMethodAccessor29.invoke(Unknown Source)
	at java.base/jdk.internal.reflect.DelegatingMethodAccessorImpl.invoke(DelegatingMethodAccessorImpl.java:43)
	at java.base/java.lang.reflect.Method.invoke(Method.java:568)
	at org.springframework.scheduling.support.ScheduledMethodRunnable.runInternal(ScheduledMethodRunnable.java:130)
	at org.springframework.scheduling.support.ScheduledMethodRunnable.lambda$run$2(ScheduledMethodRunnable.java:124)
	at io.micrometer.observation.Observation.observe(Observation.java:499)
	at org.springframework.scheduling.support.ScheduledMethodRunnable.run(ScheduledMethodRunnable.java:124)
	at org.springframework.scheduling.support.DelegatingErrorHandlingRunnable.run(DelegatingErrorHandlingRunnable.java:54)
	at org.springframework.scheduling.concurrent.ReschedulingRunnable.run(ReschedulingRunnable.java:96)
	at java.base/java.util.concurrent.Executors$RunnableAdapter.call(Executors.java:539)
	at java.base/java.util.concurrent.FutureTask.run(FutureTask.java:264)
	at java.base/java.util.concurrent.ScheduledThreadPoolExecutor$ScheduledFutureTask.run(ScheduledThreadPoolExecutor.java:304)
	at java.base/java.util.concurrent.ThreadPoolExecutor.runWorker(ThreadPoolExecutor.java:1136)
	at java.base/java.util.concurrent.ThreadPoolExecutor$Worker.run(ThreadPoolExecutor.java:635)
	at java.base/java.lang.Thread.run(Thread.java:842)
Caused by: org.hibernate.exception.JDBCConnectionException: Unable to acquire JDBC Connection [HikariPool-1 - Connection is not available, request timed out after 30011ms.] [n/a]
	at org.hibernate.exception.internal.SQLExceptionTypeDelegate.convert(SQLExceptionTypeDelegate.java:51)
	at org.hibernate.exception.internal.StandardSQLExceptionConverter.convert(StandardSQLExceptionConverter.java:58)
	at org.hibernate.engine.jdbc.spi.SqlExceptionHelper.convert(SqlExceptionHelper.java:108)
	at org.hibernate.engine.jdbc.spi.SqlExceptionHelper.convert(SqlExceptionHelper.java:94)
	at org.hibernate.resource.jdbc.internal.LogicalConnectionManagedImpl.acquireConnectionIfNeeded(LogicalConnectionManagedImpl.java:116)
	at org.hibernate.resource.jdbc.internal.LogicalConnectionManagedImpl.getPhysicalConnection(LogicalConnectionManagedImpl.java:143)
	at org.hibernate.resource.jdbc.internal.LogicalConnectionManagedImpl.getConnectionForTransactionManagement(LogicalConnectionManagedImpl.java:273)
	at org.hibernate.resource.jdbc.internal.LogicalConnectionManagedImpl.begin(LogicalConnectionManagedImpl.java:281)
	at org.hibernate.resource.transaction.backend.jdbc.internal.JdbcResourceLocalTransactionCoordinatorImpl$TransactionDriverControlImpl.begin(JdbcResourceLocalTransactionCoordinatorImpl.java:232)
	at org.hibernate.engine.transaction.internal.TransactionImpl.begin(TransactionImpl.java:83)
	at org.springframework.orm.jpa.vendor.HibernateJpaDialect.beginTransaction(HibernateJpaDialect.java:176)
	at org.springframework.orm.jpa.JpaTransactionManager.doBegin(JpaTransactionManager.java:420)
	... 25 common frames omitted
Caused by: java.sql.SQLTransientConnectionException: HikariPool-1 - Connection is not available, request timed out after 30011ms.
	at com.zaxxer.hikari.pool.HikariPool.createTimeoutException(HikariPool.java:696)
	at com.zaxxer.hikari.pool.HikariPool.getConnection(HikariPool.java:181)
	at com.zaxxer.hikari.pool.HikariPool.getConnection(HikariPool.java:146)
	at com.zaxxer.hikari.HikariDataSource.getConnection(HikariDataSource.java:128)
	at org.hibernate.engine.jdbc.connections.internal.DatasourceConnectionProviderImpl.getConnection(DatasourceConnectionProviderImpl.java:122)
	at org.hibernate.internal.NonContextualJdbcConnectionAccess.obtainConnection(NonContextualJdbcConnectionAccess.java:46)
	at org.hibernate.resource.jdbc.internal.LogicalConnectionManagedImpl.acquireConnectionIfNeeded(LogicalConnectionManagedImpl.java:113)
	... 32 common frames omitted
Caused by: java.sql.SQLRecoverableException: Erreur d'E/S: The Network Adapter could not establish the connection (CONNECTION_ID=4nfJzw4xTkSP/3+p+consg==)
	at oracle.jdbc.driver.T4CConnection.handleLogonNetException(T4CConnection.java:892)
	at oracle.jdbc.driver.T4CConnection.logon(T4CConnection.java:697)
	at oracle.jdbc.driver.PhysicalConnection.connect(PhysicalConnection.java:1047)
	at oracle.jdbc.driver.T4CDriverExtension.getConnection(T4CDriverExtension.java:89)
	at oracle.jdbc.driver.OracleDriver.connect(OracleDriver.java:732)
	at oracle.jdbc.driver.OracleDriver.connect(OracleDriver.java:648)
	at com.zaxxer.hikari.util.DriverDataSource.getConnection(DriverDataSource.java:138)
	at com.zaxxer.hikari.pool.PoolBase.newConnection(PoolBase.java:359)
	at com.zaxxer.hikari.pool.PoolBase.newPoolEntry(PoolBase.java:201)
	at com.zaxxer.hikari.pool.HikariPool.createPoolEntry(HikariPool.java:470)
	at com.zaxxer.hikari.pool.HikariPool$PoolEntryCreator.call(HikariPool.java:733)
	at com.zaxxer.hikari.pool.HikariPool$PoolEntryCreator.call(HikariPool.java:712)
	at java.base/java.util.concurrent.FutureTask.run(FutureTask.java:264)
	... 3 common frames omitted
Caused by: oracle.net.ns.NetException: The Network Adapter could not establish the connection (CONNECTION_ID=4nfJzw4xTkSP/3+p+consg==)
	at oracle.net.nt.ConnStrategy.execute(ConnStrategy.java:715)
	at oracle.net.resolver.AddrResolution.resolveAndExecute(AddrResolution.java:584)
	at oracle.net.ns.NSProtocol.establishConnection(NSProtocol.java:964)
	at oracle.net.ns.NSProtocol.connect(NSProtocol.java:350)
	at oracle.jdbc.driver.T4CConnection.connect(T4CConnection.java:2441)
	at oracle.jdbc.driver.T4CConnection.logon(T4CConnection.java:656)
	... 14 common frames omitted
Caused by: java.io.IOException: Connection timed out: connect, socket connect lapse 21052 ms. 37.187.250.163 1521  30000 (1/1) true
	at oracle.net.nt.TcpNTAdapter.establishSocket(TcpNTAdapter.java:425)
	at oracle.net.nt.TcpNTAdapter.doLocalDNSLookupConnect(TcpNTAdapter.java:307)
	at oracle.net.nt.TcpNTAdapter.connect(TcpNTAdapter.java:269)
	at oracle.net.nt.ConnOption.connect(ConnOption.java:230)
	at oracle.net.nt.ConnStrategy.executeConnOption(ConnStrategy.java:1014)
	at oracle.net.nt.ConnStrategy.execute(ConnStrategy.java:673)
	... 19 common frames omitted
Caused by: java.net.ConnectException: Connection timed out: connect
	at java.base/sun.nio.ch.Net.connect0(Native Method)
	at java.base/sun.nio.ch.Net.connect(Net.java:579)
	at java.base/sun.nio.ch.Net.connect(Net.java:586)
	at java.base/sun.nio.ch.SocketChannelImpl.connect(SocketChannelImpl.java:853)
	at java.base/java.nio.channels.SocketChannel.open(SocketChannel.java:285)
	at oracle.net.nt.TimeoutSocketChannel.connect(TimeoutSocketChannel.java:183)
	at oracle.net.nt.TimeoutSocketChannel.<init>(TimeoutSocketChannel.java:157)
	at oracle.net.nt.TcpNTAdapter.establishSocket(TcpNTAdapter.java:384)
	... 24 common frames omitted
2026-04-27 22:25:00.012 [scheduling-1] INFO  c.e.s.Scheduler.SignatureScheduler - Début traitement automatique des signatures...
2026-04-27 22:25:30.026 [scheduling-1] WARN  o.h.e.jdbc.spi.SqlExceptionHelper - SQL Error: 0, SQLState: 08006
2026-04-27 22:25:30.026 [scheduling-1] ERROR o.h.e.jdbc.spi.SqlExceptionHelper - HikariPool-1 - Connection is not available, request timed out after 30011ms.
2026-04-27 22:25:30.026 [scheduling-1] WARN  o.h.e.jdbc.spi.SqlExceptionHelper - SQL Error: 17002, SQLState: 08006
2026-04-27 22:25:30.026 [scheduling-1] ERROR o.h.e.jdbc.spi.SqlExceptionHelper - Erreur d'E/S: The Network Adapter could not establish the connection (CONNECTION_ID=95dD/JD2Ss6fE3ZtEzV9Pg==)
2026-04-27 22:25:30.027 [scheduling-1] ERROR c.e.s.Scheduler.SignatureScheduler - Erreur dans le scheduler signature
org.springframework.transaction.CannotCreateTransactionException: Could not open JPA EntityManager for transaction
	at org.springframework.orm.jpa.JpaTransactionManager.doBegin(JpaTransactionManager.java:466)
	at org.springframework.transaction.support.AbstractPlatformTransactionManager.startTransaction(AbstractPlatformTransactionManager.java:531)
	at org.springframework.transaction.support.AbstractPlatformTransactionManager.getTransaction(AbstractPlatformTransactionManager.java:405)
	at org.springframework.transaction.interceptor.TransactionAspectSupport.createTransactionIfNecessary(TransactionAspectSupport.java:617)
	at org.springframework.transaction.interceptor.TransactionAspectSupport.invokeWithinTransaction(TransactionAspectSupport.java:386)
	at org.springframework.transaction.interceptor.TransactionInterceptor.invoke(TransactionInterceptor.java:119)
	at org.springframework.aop.framework.ReflectiveMethodInvocation.proceed(ReflectiveMethodInvocation.java:184)
	at org.springframework.aop.framework.CglibAopProxy$CglibMethodInvocation.proceed(CglibAopProxy.java:768)
	at org.springframework.aop.framework.CglibAopProxy$DynamicAdvisedInterceptor.intercept(CglibAopProxy.java:720)
	at com.example.signature.service.ImailSignatureService$$SpringCGLIB$$0.comparePendingSignatures(<generated>)
	at com.example.signature.Scheduler.SignatureScheduler.runSignatureCheck(SignatureScheduler.java:32)
	at jdk.internal.reflect.GeneratedMethodAccessor29.invoke(Unknown Source)
	at java.base/jdk.internal.reflect.DelegatingMethodAccessorImpl.invoke(DelegatingMethodAccessorImpl.java:43)
	at java.base/java.lang.reflect.Method.invoke(Method.java:568)
	at org.springframework.scheduling.support.ScheduledMethodRunnable.runInternal(ScheduledMethodRunnable.java:130)
	at org.springframework.scheduling.support.ScheduledMethodRunnable.lambda$run$2(ScheduledMethodRunnable.java:124)
	at io.micrometer.observation.Observation.observe(Observation.java:499)
	at org.springframework.scheduling.support.ScheduledMethodRunnable.run(ScheduledMethodRunnable.java:124)
	at org.springframework.scheduling.support.DelegatingErrorHandlingRunnable.run(DelegatingErrorHandlingRunnable.java:54)
	at org.springframework.scheduling.concurrent.ReschedulingRunnable.run(ReschedulingRunnable.java:96)
	at java.base/java.util.concurrent.Executors$RunnableAdapter.call(Executors.java:539)
	at java.base/java.util.concurrent.FutureTask.run(FutureTask.java:264)
	at java.base/java.util.concurrent.ScheduledThreadPoolExecutor$ScheduledFutureTask.run(ScheduledThreadPoolExecutor.java:304)
	at java.base/java.util.concurrent.ThreadPoolExecutor.runWorker(ThreadPoolExecutor.java:1136)
	at java.base/java.util.concurrent.ThreadPoolExecutor$Worker.run(ThreadPoolExecutor.java:635)
	at java.base/java.lang.Thread.run(Thread.java:842)
Caused by: org.hibernate.exception.JDBCConnectionException: Unable to acquire JDBC Connection [HikariPool-1 - Connection is not available, request timed out after 30011ms.] [n/a]
	at org.hibernate.exception.internal.SQLExceptionTypeDelegate.convert(SQLExceptionTypeDelegate.java:51)
	at org.hibernate.exception.internal.StandardSQLExceptionConverter.convert(StandardSQLExceptionConverter.java:58)
	at org.hibernate.engine.jdbc.spi.SqlExceptionHelper.convert(SqlExceptionHelper.java:108)
	at org.hibernate.engine.jdbc.spi.SqlExceptionHelper.convert(SqlExceptionHelper.java:94)
	at org.hibernate.resource.jdbc.internal.LogicalConnectionManagedImpl.acquireConnectionIfNeeded(LogicalConnectionManagedImpl.java:116)
	at org.hibernate.resource.jdbc.internal.LogicalConnectionManagedImpl.getPhysicalConnection(LogicalConnectionManagedImpl.java:143)
	at org.hibernate.resource.jdbc.internal.LogicalConnectionManagedImpl.getConnectionForTransactionManagement(LogicalConnectionManagedImpl.java:273)
	at org.hibernate.resource.jdbc.internal.LogicalConnectionManagedImpl.begin(LogicalConnectionManagedImpl.java:281)
	at org.hibernate.resource.transaction.backend.jdbc.internal.JdbcResourceLocalTransactionCoordinatorImpl$TransactionDriverControlImpl.begin(JdbcResourceLocalTransactionCoordinatorImpl.java:232)
	at org.hibernate.engine.transaction.internal.TransactionImpl.begin(TransactionImpl.java:83)
	at org.springframework.orm.jpa.vendor.HibernateJpaDialect.beginTransaction(HibernateJpaDialect.java:176)
	at org.springframework.orm.jpa.JpaTransactionManager.doBegin(JpaTransactionManager.java:420)
	... 25 common frames omitted
Caused by: java.sql.SQLTransientConnectionException: HikariPool-1 - Connection is not available, request timed out after 30011ms.
	at com.zaxxer.hikari.pool.HikariPool.createTimeoutException(HikariPool.java:696)
	at com.zaxxer.hikari.pool.HikariPool.getConnection(HikariPool.java:181)
	at com.zaxxer.hikari.pool.HikariPool.getConnection(HikariPool.java:146)
	at com.zaxxer.hikari.HikariDataSource.getConnection(HikariDataSource.java:128)
	at org.hibernate.engine.jdbc.connections.internal.DatasourceConnectionProviderImpl.getConnection(DatasourceConnectionProviderImpl.java:122)
	at org.hibernate.internal.NonContextualJdbcConnectionAccess.obtainConnection(NonContextualJdbcConnectionAccess.java:46)
	at org.hibernate.resource.jdbc.internal.LogicalConnectionManagedImpl.acquireConnectionIfNeeded(LogicalConnectionManagedImpl.java:113)
	... 32 common frames omitted
Caused by: java.sql.SQLRecoverableException: Erreur d'E/S: The Network Adapter could not establish the connection (CONNECTION_ID=95dD/JD2Ss6fE3ZtEzV9Pg==)
	at oracle.jdbc.driver.T4CConnection.handleLogonNetException(T4CConnection.java:892)
	at oracle.jdbc.driver.T4CConnection.logon(T4CConnection.java:697)
	at oracle.jdbc.driver.PhysicalConnection.connect(PhysicalConnection.java:1047)
	at oracle.jdbc.driver.T4CDriverExtension.getConnection(T4CDriverExtension.java:89)
	at oracle.jdbc.driver.OracleDriver.connect(OracleDriver.java:732)
	at oracle.jdbc.driver.OracleDriver.connect(OracleDriver.java:648)
	at com.zaxxer.hikari.util.DriverDataSource.getConnection(DriverDataSource.java:138)
	at com.zaxxer.hikari.pool.PoolBase.newConnection(PoolBase.java:359)
	at com.zaxxer.hikari.pool.PoolBase.newPoolEntry(PoolBase.java:201)
	at com.zaxxer.hikari.pool.HikariPool.createPoolEntry(HikariPool.java:470)
	at com.zaxxer.hikari.pool.HikariPool$PoolEntryCreator.call(HikariPool.java:733)
	at com.zaxxer.hikari.pool.HikariPool$PoolEntryCreator.call(HikariPool.java:712)
	at java.base/java.util.concurrent.FutureTask.run(FutureTask.java:264)
	... 3 common frames omitted
Caused by: oracle.net.ns.NetException: The Network Adapter could not establish the connection (CONNECTION_ID=95dD/JD2Ss6fE3ZtEzV9Pg==)
	at oracle.net.nt.ConnStrategy.execute(ConnStrategy.java:715)
	at oracle.net.resolver.AddrResolution.resolveAndExecute(AddrResolution.java:584)
	at oracle.net.ns.NSProtocol.establishConnection(NSProtocol.java:964)
	at oracle.net.ns.NSProtocol.connect(NSProtocol.java:350)
	at oracle.jdbc.driver.T4CConnection.connect(T4CConnection.java:2441)
	at oracle.jdbc.driver.T4CConnection.logon(T4CConnection.java:656)
	... 14 common frames omitted
Caused by: java.io.IOException: Software caused connection abort: connect, socket connect lapse 4703 ms. 37.187.250.163 1521  30000 (1/1) true
	at oracle.net.nt.TcpNTAdapter.establishSocket(TcpNTAdapter.java:425)
	at oracle.net.nt.TcpNTAdapter.doLocalDNSLookupConnect(TcpNTAdapter.java:307)
	at oracle.net.nt.TcpNTAdapter.connect(TcpNTAdapter.java:269)
	at oracle.net.nt.ConnOption.connect(ConnOption.java:230)
	at oracle.net.nt.ConnStrategy.executeConnOption(ConnStrategy.java:1014)
	at oracle.net.nt.ConnStrategy.execute(ConnStrategy.java:673)
	... 19 common frames omitted
Caused by: java.net.SocketException: Software caused connection abort: connect
	at java.base/sun.nio.ch.Net.connect0(Native Method)
	at java.base/sun.nio.ch.Net.connect(Net.java:579)
	at java.base/sun.nio.ch.Net.connect(Net.java:586)
	at java.base/sun.nio.ch.SocketChannelImpl.connect(SocketChannelImpl.java:853)
	at java.base/java.nio.channels.SocketChannel.open(SocketChannel.java:285)
	at oracle.net.nt.TimeoutSocketChannel.connect(TimeoutSocketChannel.java:183)
	at oracle.net.nt.TimeoutSocketChannel.<init>(TimeoutSocketChannel.java:157)
	at oracle.net.nt.TcpNTAdapter.establishSocket(TcpNTAdapter.java:384)
	... 24 common frames omitted
2026-04-27 22:25:30.029 [scheduling-1] INFO  c.e.s.Scheduler.SignatureScheduler - === Début traitement automatique reception ===
2026-04-27 22:26:00.049 [scheduling-1] WARN  o.h.e.jdbc.spi.SqlExceptionHelper - SQL Error: 0, SQLState: 08006
2026-04-27 22:26:00.050 [scheduling-1] ERROR o.h.e.jdbc.spi.SqlExceptionHelper - HikariPool-1 - Connection is not available, request timed out after 30003ms.
2026-04-27 22:26:00.057 [scheduling-1] WARN  o.h.e.jdbc.spi.SqlExceptionHelper - SQL Error: 17002, SQLState: 08006
2026-04-27 22:26:00.058 [scheduling-1] ERROR o.h.e.jdbc.spi.SqlExceptionHelper - Erreur d'E/S: The Network Adapter could not establish the connection (CONNECTION_ID=5lKlOXxtS6GEAlEjD5wcuQ==)
2026-04-27 22:26:00.058 [scheduling-1] ERROR c.e.s.Scheduler.SignatureScheduler - Erreur dans le scheduler reception
org.springframework.dao.DataAccessResourceFailureException: Unable to acquire JDBC Connection [HikariPool-1 - Connection is not available, request timed out after 30003ms.] [n/a]
	at org.springframework.orm.jpa.vendor.HibernateJpaDialect.convertHibernateAccessException(HibernateJpaDialect.java:274)
	at org.springframework.orm.jpa.vendor.HibernateJpaDialect.translateExceptionIfPossible(HibernateJpaDialect.java:241)
	at org.springframework.orm.jpa.AbstractEntityManagerFactoryBean.translateExceptionIfPossible(AbstractEntityManagerFactoryBean.java:550)
	at org.springframework.dao.support.ChainedPersistenceExceptionTranslator.translateExceptionIfPossible(ChainedPersistenceExceptionTranslator.java:61)
	at org.springframework.dao.support.DataAccessUtils.translateIfNecessary(DataAccessUtils.java:335)
	at org.springframework.dao.support.PersistenceExceptionTranslationInterceptor.invoke(PersistenceExceptionTranslationInterceptor.java:152)
	at org.springframework.aop.framework.ReflectiveMethodInvocation.proceed(ReflectiveMethodInvocation.java:184)
	at org.springframework.data.jpa.repository.support.CrudMethodMetadataPostProcessor$CrudMethodMetadataPopulatingMethodInterceptor.invoke(CrudMethodMetadataPostProcessor.java:135)
	at org.springframework.aop.framework.ReflectiveMethodInvocation.proceed(ReflectiveMethodInvocation.java:184)
	at org.springframework.aop.interceptor.ExposeInvocationInterceptor.invoke(ExposeInvocationInterceptor.java:97)
	at org.springframework.aop.framework.ReflectiveMethodInvocation.proceed(ReflectiveMethodInvocation.java:184)
	at org.springframework.aop.framework.JdkDynamicAopProxy.invoke(JdkDynamicAopProxy.java:223)
	at jdk.proxy2/jdk.proxy2.$Proxy134.findPathScanAs(Unknown Source)
	at com.example.signature.service.ReceptionProcessingService.processReceptionFolders(ReceptionProcessingService.java:46)
	at com.example.signature.Scheduler.SignatureScheduler.processReceptionAuto(SignatureScheduler.java:43)
	at jdk.internal.reflect.GeneratedMethodAccessor27.invoke(Unknown Source)
	at java.base/jdk.internal.reflect.DelegatingMethodAccessorImpl.invoke(DelegatingMethodAccessorImpl.java:43)
	at java.base/java.lang.reflect.Method.invoke(Method.java:568)
	at org.springframework.scheduling.support.ScheduledMethodRunnable.runInternal(ScheduledMethodRunnable.java:130)
	at org.springframework.scheduling.support.ScheduledMethodRunnable.lambda$run$2(ScheduledMethodRunnable.java:124)
	at io.micrometer.observation.Observation.observe(Observation.java:499)
	at org.springframework.scheduling.support.ScheduledMethodRunnable.run(ScheduledMethodRunnable.java:124)
	at org.springframework.scheduling.support.DelegatingErrorHandlingRunnable.run(DelegatingErrorHandlingRunnable.java:54)
	at org.springframework.scheduling.concurrent.ReschedulingRunnable.run(ReschedulingRunnable.java:96)
	at java.base/java.util.concurrent.Executors$RunnableAdapter.call(Executors.java:539)
	at java.base/java.util.concurrent.FutureTask.run(FutureTask.java:264)
	at java.base/java.util.concurrent.ScheduledThreadPoolExecutor$ScheduledFutureTask.run(ScheduledThreadPoolExecutor.java:304)
	at java.base/java.util.concurrent.ThreadPoolExecutor.runWorker(ThreadPoolExecutor.java:1136)
	at java.base/java.util.concurrent.ThreadPoolExecutor$Worker.run(ThreadPoolExecutor.java:635)
	at java.base/java.lang.Thread.run(Thread.java:842)
Caused by: org.hibernate.exception.JDBCConnectionException: Unable to acquire JDBC Connection [HikariPool-1 - Connection is not available, request timed out after 30003ms.] [n/a]
	at org.hibernate.exception.internal.SQLExceptionTypeDelegate.convert(SQLExceptionTypeDelegate.java:51)
	at org.hibernate.exception.internal.StandardSQLExceptionConverter.convert(StandardSQLExceptionConverter.java:58)
	at org.hibernate.engine.jdbc.spi.SqlExceptionHelper.convert(SqlExceptionHelper.java:108)
	at org.hibernate.engine.jdbc.spi.SqlExceptionHelper.convert(SqlExceptionHelper.java:94)
	at org.hibernate.resource.jdbc.internal.LogicalConnectionManagedImpl.acquireConnectionIfNeeded(LogicalConnectionManagedImpl.java:116)
	at org.hibernate.resource.jdbc.internal.LogicalConnectionManagedImpl.getPhysicalConnection(LogicalConnectionManagedImpl.java:143)
	at org.hibernate.engine.jdbc.internal.StatementPreparerImpl.connection(StatementPreparerImpl.java:54)
	at org.hibernate.engine.jdbc.internal.StatementPreparerImpl$5.doPrepare(StatementPreparerImpl.java:153)
	at org.hibernate.engine.jdbc.internal.StatementPreparerImpl$StatementPreparationTemplate.prepareStatement(StatementPreparerImpl.java:183)
	at org.hibernate.engine.jdbc.internal.StatementPreparerImpl.prepareQueryStatement(StatementPreparerImpl.java:155)
	at org.hibernate.sql.exec.spi.JdbcSelectExecutor.lambda$list$0(JdbcSelectExecutor.java:85)
	at org.hibernate.sql.results.jdbc.internal.DeferredResultSetAccess.executeQuery(DeferredResultSetAccess.java:231)
	at org.hibernate.sql.results.jdbc.internal.DeferredResultSetAccess.getResultSet(DeferredResultSetAccess.java:167)
	at org.hibernate.sql.results.jdbc.internal.JdbcValuesResultSetImpl.advanceNext(JdbcValuesResultSetImpl.java:218)
	at org.hibernate.sql.results.jdbc.internal.JdbcValuesResultSetImpl.processNext(JdbcValuesResultSetImpl.java:98)
	at org.hibernate.sql.results.jdbc.internal.AbstractJdbcValues.next(AbstractJdbcValues.java:19)
	at org.hibernate.sql.results.internal.RowProcessingStateStandardImpl.next(RowProcessingStateStandardImpl.java:66)
	at org.hibernate.sql.results.spi.ListResultsConsumer.consume(ListResultsConsumer.java:202)
	at org.hibernate.sql.results.spi.ListResultsConsumer.consume(ListResultsConsumer.java:33)
	at org.hibernate.sql.exec.internal.JdbcSelectExecutorStandardImpl.doExecuteQuery(JdbcSelectExecutorStandardImpl.java:209)
	at org.hibernate.sql.exec.internal.JdbcSelectExecutorStandardImpl.executeQuery(JdbcSelectExecutorStandardImpl.java:83)
	at org.hibernate.sql.exec.spi.JdbcSelectExecutor.list(JdbcSelectExecutor.java:76)
	at org.hibernate.sql.exec.spi.JdbcSelectExecutor.list(JdbcSelectExecutor.java:65)
	at org.hibernate.query.sqm.internal.ConcreteSqmSelectQueryPlan.lambda$new$2(ConcreteSqmSelectQueryPlan.java:137)
	at org.hibernate.query.sqm.internal.ConcreteSqmSelectQueryPlan.withCacheableSqmInterpretation(ConcreteSqmSelectQueryPlan.java:362)
	at org.hibernate.query.sqm.internal.ConcreteSqmSelectQueryPlan.performList(ConcreteSqmSelectQueryPlan.java:303)
	at org.hibernate.query.sqm.internal.QuerySqmImpl.doList(QuerySqmImpl.java:509)
	at org.hibernate.query.spi.AbstractSelectionQuery.list(AbstractSelectionQuery.java:427)
	at org.hibernate.query.spi.AbstractSelectionQuery.getSingleResult(AbstractSelectionQuery.java:564)
	at jdk.internal.reflect.GeneratedMethodAccessor28.invoke(Unknown Source)
	at java.base/jdk.internal.reflect.DelegatingMethodAccessorImpl.invoke(DelegatingMethodAccessorImpl.java:43)
	at java.base/java.lang.reflect.Method.invoke(Method.java:568)
	at org.springframework.orm.jpa.SharedEntityManagerCreator$DeferredQueryInvocationHandler.invoke(SharedEntityManagerCreator.java:415)
	at jdk.proxy2/jdk.proxy2.$Proxy141.getSingleResult(Unknown Source)
	at org.springframework.data.jpa.repository.query.JpaQueryExecution$SingleEntityExecution.doExecute(JpaQueryExecution.java:223)
	at org.springframework.data.jpa.repository.query.JpaQueryExecution.execute(JpaQueryExecution.java:92)
	at org.springframework.data.jpa.repository.query.AbstractJpaQuery.doExecute(AbstractJpaQuery.java:149)
	at org.springframework.data.jpa.repository.query.AbstractJpaQuery.execute(AbstractJpaQuery.java:137)
	at org.springframework.data.repository.core.support.RepositoryMethodInvoker.doInvoke(RepositoryMethodInvoker.java:170)
	at org.springframework.data.repository.core.support.RepositoryMethodInvoker.invoke(RepositoryMethodInvoker.java:158)
	at org.springframework.data.repository.core.support.QueryExecutorMethodInterceptor.doInvoke(QueryExecutorMethodInterceptor.java:164)
	at org.springframework.data.repository.core.support.QueryExecutorMethodInterceptor.invoke(QueryExecutorMethodInterceptor.java:143)
	at org.springframework.aop.framework.ReflectiveMethodInvocation.proceed(ReflectiveMethodInvocation.java:184)
	at org.springframework.data.projection.DefaultMethodInvokingMethodInterceptor.invoke(DefaultMethodInvokingMethodInterceptor.java:70)
	at org.springframework.aop.framework.ReflectiveMethodInvocation.proceed(ReflectiveMethodInvocation.java:184)
	at org.springframework.transaction.interceptor.TransactionInterceptor$1.proceedWithInvocation(TransactionInterceptor.java:123)
	at org.springframework.transaction.interceptor.TransactionAspectSupport.invokeWithinTransaction(TransactionAspectSupport.java:392)
	at org.springframework.transaction.interceptor.TransactionInterceptor.invoke(TransactionInterceptor.java:119)
	at org.springframework.aop.framework.ReflectiveMethodInvocation.proceed(ReflectiveMethodInvocation.java:184)
	at org.springframework.dao.support.PersistenceExceptionTranslationInterceptor.invoke(PersistenceExceptionTranslationInterceptor.java:137)
	... 24 common frames omitted
Caused by: java.sql.SQLTransientConnectionException: HikariPool-1 - Connection is not available, request timed out after 30003ms.
	at com.zaxxer.hikari.pool.HikariPool.createTimeoutException(HikariPool.java:696)
	at com.zaxxer.hikari.pool.HikariPool.getConnection(HikariPool.java:181)
	at com.zaxxer.hikari.pool.HikariPool.getConnection(HikariPool.java:146)
	at com.zaxxer.hikari.HikariDataSource.getConnection(HikariDataSource.java:128)
	at org.hibernate.engine.jdbc.connections.internal.DatasourceConnectionProviderImpl.getConnection(DatasourceConnectionProviderImpl.java:122)
	at org.hibernate.internal.NonContextualJdbcConnectionAccess.obtainConnection(NonContextualJdbcConnectionAccess.java:46)
	at org.hibernate.resource.jdbc.internal.LogicalConnectionManagedImpl.acquireConnectionIfNeeded(LogicalConnectionManagedImpl.java:113)
	... 69 common frames omitted
Caused by: java.sql.SQLRecoverableException: Erreur d'E/S: The Network Adapter could not establish the connection (CONNECTION_ID=5lKlOXxtS6GEAlEjD5wcuQ==)
	at oracle.jdbc.driver.T4CConnection.handleLogonNetException(T4CConnection.java:892)
	at oracle.jdbc.driver.T4CConnection.logon(T4CConnection.java:697)
	at oracle.jdbc.driver.PhysicalConnection.connect(PhysicalConnection.java:1047)
	at oracle.jdbc.driver.T4CDriverExtension.getConnection(T4CDriverExtension.java:89)
	at oracle.jdbc.driver.OracleDriver.connect(OracleDriver.java:732)
	at oracle.jdbc.driver.OracleDriver.connect(OracleDriver.java:648)
	at com.zaxxer.hikari.util.DriverDataSource.getConnection(DriverDataSource.java:138)
	at com.zaxxer.hikari.pool.PoolBase.newConnection(PoolBase.java:359)
	at com.zaxxer.hikari.pool.PoolBase.newPoolEntry(PoolBase.java:201)
	at com.zaxxer.hikari.pool.HikariPool.createPoolEntry(HikariPool.java:470)
	at com.zaxxer.hikari.pool.HikariPool$PoolEntryCreator.call(HikariPool.java:733)
	at com.zaxxer.hikari.pool.HikariPool$PoolEntryCreator.call(HikariPool.java:712)
	at java.base/java.util.concurrent.FutureTask.run(FutureTask.java:264)
	... 3 common frames omitted
Caused by: oracle.net.ns.NetException: The Network Adapter could not establish the connection (CONNECTION_ID=5lKlOXxtS6GEAlEjD5wcuQ==)
	at oracle.net.nt.ConnStrategy.execute(ConnStrategy.java:715)
	at oracle.net.resolver.AddrResolution.resolveAndExecute(AddrResolution.java:584)
	at oracle.net.ns.NSProtocol.establishConnection(NSProtocol.java:964)
	at oracle.net.ns.NSProtocol.connect(NSProtocol.java:350)
	at oracle.jdbc.driver.T4CConnection.connect(T4CConnection.java:2441)
	at oracle.jdbc.driver.T4CConnection.logon(T4CConnection.java:656)
	... 14 common frames omitted
Caused by: java.io.IOException: Connection timed out: connect, socket connect lapse 21074 ms. 37.187.250.163 1521  30000 (1/1) true
	at oracle.net.nt.TcpNTAdapter.establishSocket(TcpNTAdapter.java:425)
	at oracle.net.nt.TcpNTAdapter.doLocalDNSLookupConnect(TcpNTAdapter.java:307)
	at oracle.net.nt.TcpNTAdapter.connect(TcpNTAdapter.java:269)
	at oracle.net.nt.ConnOption.connect(ConnOption.java:230)
	at oracle.net.nt.ConnStrategy.executeConnOption(ConnStrategy.java:1014)
	at oracle.net.nt.ConnStrategy.execute(ConnStrategy.java:673)
	... 19 common frames omitted
Caused by: java.net.ConnectException: Connection timed out: connect
	at java.base/sun.nio.ch.Net.connect0(Native Method)
	at java.base/sun.nio.ch.Net.connect(Net.java:579)
	at java.base/sun.nio.ch.Net.connect(Net.java:586)
	at java.base/sun.nio.ch.SocketChannelImpl.connect(SocketChannelImpl.java:853)
	at java.base/java.nio.channels.SocketChannel.open(SocketChannel.java:285)
	at oracle.net.nt.TimeoutSocketChannel.connect(TimeoutSocketChannel.java:183)
	at oracle.net.nt.TimeoutSocketChannel.<init>(TimeoutSocketChannel.java:157)
	at oracle.net.nt.TcpNTAdapter.establishSocket(TcpNTAdapter.java:384)
	... 24 common frames omitted
2026-04-27 22:26:00.066 [scheduling-1] INFO  c.e.s.Scheduler.SignatureScheduler - Début traitement automatique des signatures...
2026-04-27 22:26:30.077 [scheduling-1] WARN  o.h.e.jdbc.spi.SqlExceptionHelper - SQL Error: 0, SQLState: 08006
2026-04-27 22:26:30.078 [scheduling-1] ERROR o.h.e.jdbc.spi.SqlExceptionHelper - HikariPool-1 - Connection is not available, request timed out after 30009ms.
2026-04-27 22:26:30.079 [scheduling-1] WARN  o.h.e.jdbc.spi.SqlExceptionHelper - SQL Error: 17002, SQLState: 08006
2026-04-27 22:26:30.081 [scheduling-1] ERROR o.h.e.jdbc.spi.SqlExceptionHelper - Erreur d'E/S: The Network Adapter could not establish the connection (CONNECTION_ID=tF6A/c8dRty8y5zu6RcdWQ==)
2026-04-27 22:26:30.082 [scheduling-1] ERROR c.e.s.Scheduler.SignatureScheduler - Erreur dans le scheduler signature
org.springframework.transaction.CannotCreateTransactionException: Could not open JPA EntityManager for transaction
	at org.springframework.orm.jpa.JpaTransactionManager.doBegin(JpaTransactionManager.java:466)
	at org.springframework.transaction.support.AbstractPlatformTransactionManager.startTransaction(AbstractPlatformTransactionManager.java:531)
	at org.springframework.transaction.support.AbstractPlatformTransactionManager.getTransaction(AbstractPlatformTransactionManager.java:405)
	at org.springframework.transaction.interceptor.TransactionAspectSupport.createTransactionIfNecessary(TransactionAspectSupport.java:617)
	at org.springframework.transaction.interceptor.TransactionAspectSupport.invokeWithinTransaction(TransactionAspectSupport.java:386)
	at org.springframework.transaction.interceptor.TransactionInterceptor.invoke(TransactionInterceptor.java:119)
	at org.springframework.aop.framework.ReflectiveMethodInvocation.proceed(ReflectiveMethodInvocation.java:184)
	at org.springframework.aop.framework.CglibAopProxy$CglibMethodInvocation.proceed(CglibAopProxy.java:768)
	at org.springframework.aop.framework.CglibAopProxy$DynamicAdvisedInterceptor.intercept(CglibAopProxy.java:720)
	at com.example.signature.service.ImailSignatureService$$SpringCGLIB$$0.comparePendingSignatures(<generated>)
	at com.example.signature.Scheduler.SignatureScheduler.runSignatureCheck(SignatureScheduler.java:32)
	at jdk.internal.reflect.GeneratedMethodAccessor29.invoke(Unknown Source)
	at java.base/jdk.internal.reflect.DelegatingMethodAccessorImpl.invoke(DelegatingMethodAccessorImpl.java:43)
	at java.base/java.lang.reflect.Method.invoke(Method.java:568)
	at org.springframework.scheduling.support.ScheduledMethodRunnable.runInternal(ScheduledMethodRunnable.java:130)
	at org.springframework.scheduling.support.ScheduledMethodRunnable.lambda$run$2(ScheduledMethodRunnable.java:124)
	at io.micrometer.observation.Observation.observe(Observation.java:499)
	at org.springframework.scheduling.support.ScheduledMethodRunnable.run(ScheduledMethodRunnable.java:124)
	at org.springframework.scheduling.support.DelegatingErrorHandlingRunnable.run(DelegatingErrorHandlingRunnable.java:54)
	at org.springframework.scheduling.concurrent.ReschedulingRunnable.run(ReschedulingRunnable.java:96)
	at java.base/java.util.concurrent.Executors$RunnableAdapter.call(Executors.java:539)
	at java.base/java.util.concurrent.FutureTask.run(FutureTask.java:264)
	at java.base/java.util.concurrent.ScheduledThreadPoolExecutor$ScheduledFutureTask.run(ScheduledThreadPoolExecutor.java:304)
	at java.base/java.util.concurrent.ThreadPoolExecutor.runWorker(ThreadPoolExecutor.java:1136)
	at java.base/java.util.concurrent.ThreadPoolExecutor$Worker.run(ThreadPoolExecutor.java:635)
	at java.base/java.lang.Thread.run(Thread.java:842)
Caused by: org.hibernate.exception.JDBCConnectionException: Unable to acquire JDBC Connection [HikariPool-1 - Connection is not available, request timed out after 30009ms.] [n/a]
	at org.hibernate.exception.internal.SQLExceptionTypeDelegate.convert(SQLExceptionTypeDelegate.java:51)
	at org.hibernate.exception.internal.StandardSQLExceptionConverter.convert(StandardSQLExceptionConverter.java:58)
	at org.hibernate.engine.jdbc.spi.SqlExceptionHelper.convert(SqlExceptionHelper.java:108)
	at org.hibernate.engine.jdbc.spi.SqlExceptionHelper.convert(SqlExceptionHelper.java:94)
	at org.hibernate.resource.jdbc.internal.LogicalConnectionManagedImpl.acquireConnectionIfNeeded(LogicalConnectionManagedImpl.java:116)
	at org.hibernate.resource.jdbc.internal.LogicalConnectionManagedImpl.getPhysicalConnection(LogicalConnectionManagedImpl.java:143)
	at org.hibernate.resource.jdbc.internal.LogicalConnectionManagedImpl.getConnectionForTransactionManagement(LogicalConnectionManagedImpl.java:273)
	at org.hibernate.resource.jdbc.internal.LogicalConnectionManagedImpl.begin(LogicalConnectionManagedImpl.java:281)
	at org.hibernate.resource.transaction.backend.jdbc.internal.JdbcResourceLocalTransactionCoordinatorImpl$TransactionDriverControlImpl.begin(JdbcResourceLocalTransactionCoordinatorImpl.java:232)
	at org.hibernate.engine.transaction.internal.TransactionImpl.begin(TransactionImpl.java:83)
	at org.springframework.orm.jpa.vendor.HibernateJpaDialect.beginTransaction(HibernateJpaDialect.java:176)
	at org.springframework.orm.jpa.JpaTransactionManager.doBegin(JpaTransactionManager.java:420)
	... 25 common frames omitted
Caused by: java.sql.SQLTransientConnectionException: HikariPool-1 - Connection is not available, request timed out after 30009ms.
	at com.zaxxer.hikari.pool.HikariPool.createTimeoutException(HikariPool.java:696)
	at com.zaxxer.hikari.pool.HikariPool.getConnection(HikariPool.java:181)
	at com.zaxxer.hikari.pool.HikariPool.getConnection(HikariPool.java:146)
	at com.zaxxer.hikari.HikariDataSource.getConnection(HikariDataSource.java:128)
	at org.hibernate.engine.jdbc.connections.internal.DatasourceConnectionProviderImpl.getConnection(DatasourceConnectionProviderImpl.java:122)
	at org.hibernate.internal.NonContextualJdbcConnectionAccess.obtainConnection(NonContextualJdbcConnectionAccess.java:46)
	at org.hibernate.resource.jdbc.internal.LogicalConnectionManagedImpl.acquireConnectionIfNeeded(LogicalConnectionManagedImpl.java:113)
	... 32 common frames omitted
Caused by: java.sql.SQLRecoverableException: Erreur d'E/S: The Network Adapter could not establish the connection (CONNECTION_ID=tF6A/c8dRty8y5zu6RcdWQ==)
	at oracle.jdbc.driver.T4CConnection.handleLogonNetException(T4CConnection.java:892)
	at oracle.jdbc.driver.T4CConnection.logon(T4CConnection.java:697)
	at oracle.jdbc.driver.PhysicalConnection.connect(PhysicalConnection.java:1047)
	at oracle.jdbc.driver.T4CDriverExtension.getConnection(T4CDriverExtension.java:89)
	at oracle.jdbc.driver.OracleDriver.connect(OracleDriver.java:732)
	at oracle.jdbc.driver.OracleDriver.connect(OracleDriver.java:648)
	at com.zaxxer.hikari.util.DriverDataSource.getConnection(DriverDataSource.java:138)
	at com.zaxxer.hikari.pool.PoolBase.newConnection(PoolBase.java:359)
	at com.zaxxer.hikari.pool.PoolBase.newPoolEntry(PoolBase.java:201)
	at com.zaxxer.hikari.pool.HikariPool.createPoolEntry(HikariPool.java:470)
	at com.zaxxer.hikari.pool.HikariPool$PoolEntryCreator.call(HikariPool.java:733)
	at com.zaxxer.hikari.pool.HikariPool$PoolEntryCreator.call(HikariPool.java:712)
	at java.base/java.util.concurrent.FutureTask.run(FutureTask.java:264)
	... 3 common frames omitted
Caused by: oracle.net.ns.NetException: The Network Adapter could not establish the connection (CONNECTION_ID=tF6A/c8dRty8y5zu6RcdWQ==)
	at oracle.net.nt.ConnStrategy.execute(ConnStrategy.java:715)
	at oracle.net.resolver.AddrResolution.resolveAndExecute(AddrResolution.java:584)
	at oracle.net.ns.NSProtocol.establishConnection(NSProtocol.java:964)
	at oracle.net.ns.NSProtocol.connect(NSProtocol.java:350)
	at oracle.jdbc.driver.T4CConnection.connect(T4CConnection.java:2441)
	at oracle.jdbc.driver.T4CConnection.logon(T4CConnection.java:656)
	... 14 common frames omitted
Caused by: java.io.IOException: Connection timed out: connect, socket connect lapse 21038 ms. 37.187.250.163 1521  30000 (1/1) true
	at oracle.net.nt.TcpNTAdapter.establishSocket(TcpNTAdapter.java:425)
	at oracle.net.nt.TcpNTAdapter.doLocalDNSLookupConnect(TcpNTAdapter.java:307)
	at oracle.net.nt.TcpNTAdapter.connect(TcpNTAdapter.java:269)
	at oracle.net.nt.ConnOption.connect(ConnOption.java:230)
	at oracle.net.nt.ConnStrategy.executeConnOption(ConnStrategy.java:1014)
	at oracle.net.nt.ConnStrategy.execute(ConnStrategy.java:673)
	... 19 common frames omitted
Caused by: java.net.ConnectException: Connection timed out: connect
	at java.base/sun.nio.ch.Net.connect0(Native Method)
	at java.base/sun.nio.ch.Net.connect(Net.java:579)
	at java.base/sun.nio.ch.Net.connect(Net.java:586)
	at java.base/sun.nio.ch.SocketChannelImpl.connect(SocketChannelImpl.java:853)
	at java.base/java.nio.channels.SocketChannel.open(SocketChannel.java:285)
	at oracle.net.nt.TimeoutSocketChannel.connect(TimeoutSocketChannel.java:183)
	at oracle.net.nt.TimeoutSocketChannel.<init>(TimeoutSocketChannel.java:157)
	at oracle.net.nt.TcpNTAdapter.establishSocket(TcpNTAdapter.java:384)
	... 24 common frames omitted
2026-04-27 22:27:00.033 [scheduling-1] INFO  c.e.s.Scheduler.SignatureScheduler - === Début traitement automatique reception ===
2026-04-27 22:27:30.040 [scheduling-1] WARN  o.h.e.jdbc.spi.SqlExceptionHelper - SQL Error: 0, SQLState: 08006
2026-04-27 22:27:30.041 [scheduling-1] ERROR o.h.e.jdbc.spi.SqlExceptionHelper - HikariPool-1 - Connection is not available, request timed out after 30003ms.
2026-04-27 22:27:30.042 [scheduling-1] WARN  o.h.e.jdbc.spi.SqlExceptionHelper - SQL Error: 17002, SQLState: 08006
2026-04-27 22:27:30.042 [scheduling-1] ERROR o.h.e.jdbc.spi.SqlExceptionHelper - Erreur d'E/S: The Network Adapter could not establish the connection (CONNECTION_ID=bAxVAKq5TSWHm9nJaAFVXg==)
2026-04-27 22:27:30.043 [scheduling-1] ERROR c.e.s.Scheduler.SignatureScheduler - Erreur dans le scheduler reception
org.springframework.dao.DataAccessResourceFailureException: Unable to acquire JDBC Connection [HikariPool-1 - Connection is not available, request timed out after 30003ms.] [n/a]
	at org.springframework.orm.jpa.vendor.HibernateJpaDialect.convertHibernateAccessException(HibernateJpaDialect.java:274)
	at org.springframework.orm.jpa.vendor.HibernateJpaDialect.translateExceptionIfPossible(HibernateJpaDialect.java:241)
	at org.springframework.orm.jpa.AbstractEntityManagerFactoryBean.translateExceptionIfPossible(AbstractEntityManagerFactoryBean.java:550)
	at org.springframework.dao.support.ChainedPersistenceExceptionTranslator.translateExceptionIfPossible(ChainedPersistenceExceptionTranslator.java:61)
	at org.springframework.dao.support.DataAccessUtils.translateIfNecessary(DataAccessUtils.java:335)
	at org.springframework.dao.support.PersistenceExceptionTranslationInterceptor.invoke(PersistenceExceptionTranslationInterceptor.java:152)
	at org.springframework.aop.framework.ReflectiveMethodInvocation.proceed(ReflectiveMethodInvocation.java:184)
	at org.springframework.data.jpa.repository.support.CrudMethodMetadataPostProcessor$CrudMethodMetadataPopulatingMethodInterceptor.invoke(CrudMethodMetadataPostProcessor.java:135)
	at org.springframework.aop.framework.ReflectiveMethodInvocation.proceed(ReflectiveMethodInvocation.java:184)
	at org.springframework.aop.interceptor.ExposeInvocationInterceptor.invoke(ExposeInvocationInterceptor.java:97)
	at org.springframework.aop.framework.ReflectiveMethodInvocation.proceed(ReflectiveMethodInvocation.java:184)
	at org.springframework.aop.framework.JdkDynamicAopProxy.invoke(JdkDynamicAopProxy.java:223)
	at jdk.proxy2/jdk.proxy2.$Proxy134.findPathScanAs(Unknown Source)
	at com.example.signature.service.ReceptionProcessingService.processReceptionFolders(ReceptionProcessingService.java:46)
	at com.example.signature.Scheduler.SignatureScheduler.processReceptionAuto(SignatureScheduler.java:43)
	at jdk.internal.reflect.GeneratedMethodAccessor27.invoke(Unknown Source)
	at java.base/jdk.internal.reflect.DelegatingMethodAccessorImpl.invoke(DelegatingMethodAccessorImpl.java:43)
	at java.base/java.lang.reflect.Method.invoke(Method.java:568)
	at org.springframework.scheduling.support.ScheduledMethodRunnable.runInternal(ScheduledMethodRunnable.java:130)
	at org.springframework.scheduling.support.ScheduledMethodRunnable.lambda$run$2(ScheduledMethodRunnable.java:124)
	at io.micrometer.observation.Observation.observe(Observation.java:499)
	at org.springframework.scheduling.support.ScheduledMethodRunnable.run(ScheduledMethodRunnable.java:124)
	at org.springframework.scheduling.support.DelegatingErrorHandlingRunnable.run(DelegatingErrorHandlingRunnable.java:54)
	at org.springframework.scheduling.concurrent.ReschedulingRunnable.run(ReschedulingRunnable.java:96)
	at java.base/java.util.concurrent.Executors$RunnableAdapter.call(Executors.java:539)
	at java.base/java.util.concurrent.FutureTask.run(FutureTask.java:264)
	at java.base/java.util.concurrent.ScheduledThreadPoolExecutor$ScheduledFutureTask.run(ScheduledThreadPoolExecutor.java:304)
	at java.base/java.util.concurrent.ThreadPoolExecutor.runWorker(ThreadPoolExecutor.java:1136)
	at java.base/java.util.concurrent.ThreadPoolExecutor$Worker.run(ThreadPoolExecutor.java:635)
	at java.base/java.lang.Thread.run(Thread.java:842)
Caused by: org.hibernate.exception.JDBCConnectionException: Unable to acquire JDBC Connection [HikariPool-1 - Connection is not available, request timed out after 30003ms.] [n/a]
	at org.hibernate.exception.internal.SQLExceptionTypeDelegate.convert(SQLExceptionTypeDelegate.java:51)
	at org.hibernate.exception.internal.StandardSQLExceptionConverter.convert(StandardSQLExceptionConverter.java:58)
	at org.hibernate.engine.jdbc.spi.SqlExceptionHelper.convert(SqlExceptionHelper.java:108)
	at org.hibernate.engine.jdbc.spi.SqlExceptionHelper.convert(SqlExceptionHelper.java:94)
	at org.hibernate.resource.jdbc.internal.LogicalConnectionManagedImpl.acquireConnectionIfNeeded(LogicalConnectionManagedImpl.java:116)
	at org.hibernate.resource.jdbc.internal.LogicalConnectionManagedImpl.getPhysicalConnection(LogicalConnectionManagedImpl.java:143)
	at org.hibernate.engine.jdbc.internal.StatementPreparerImpl.connection(StatementPreparerImpl.java:54)
	at org.hibernate.engine.jdbc.internal.StatementPreparerImpl$5.doPrepare(StatementPreparerImpl.java:153)
	at org.hibernate.engine.jdbc.internal.StatementPreparerImpl$StatementPreparationTemplate.prepareStatement(StatementPreparerImpl.java:183)
	at org.hibernate.engine.jdbc.internal.StatementPreparerImpl.prepareQueryStatement(StatementPreparerImpl.java:155)
	at org.hibernate.sql.exec.spi.JdbcSelectExecutor.lambda$list$0(JdbcSelectExecutor.java:85)
	at org.hibernate.sql.results.jdbc.internal.DeferredResultSetAccess.executeQuery(DeferredResultSetAccess.java:231)
	at org.hibernate.sql.results.jdbc.internal.DeferredResultSetAccess.getResultSet(DeferredResultSetAccess.java:167)
	at org.hibernate.sql.results.jdbc.internal.JdbcValuesResultSetImpl.advanceNext(JdbcValuesResultSetImpl.java:218)
	at org.hibernate.sql.results.jdbc.internal.JdbcValuesResultSetImpl.processNext(JdbcValuesResultSetImpl.java:98)
	at org.hibernate.sql.results.jdbc.internal.AbstractJdbcValues.next(AbstractJdbcValues.java:19)
	at org.hibernate.sql.results.internal.RowProcessingStateStandardImpl.next(RowProcessingStateStandardImpl.java:66)
	at org.hibernate.sql.results.spi.ListResultsConsumer.consume(ListResultsConsumer.java:202)
	at org.hibernate.sql.results.spi.ListResultsConsumer.consume(ListResultsConsumer.java:33)
	at org.hibernate.sql.exec.internal.JdbcSelectExecutorStandardImpl.doExecuteQuery(JdbcSelectExecutorStandardImpl.java:209)
	at org.hibernate.sql.exec.internal.JdbcSelectExecutorStandardImpl.executeQuery(JdbcSelectExecutorStandardImpl.java:83)
	at org.hibernate.sql.exec.spi.JdbcSelectExecutor.list(JdbcSelectExecutor.java:76)
	at org.hibernate.sql.exec.spi.JdbcSelectExecutor.list(JdbcSelectExecutor.java:65)
	at org.hibernate.query.sqm.internal.ConcreteSqmSelectQueryPlan.lambda$new$2(ConcreteSqmSelectQueryPlan.java:137)
	at org.hibernate.query.sqm.internal.ConcreteSqmSelectQueryPlan.withCacheableSqmInterpretation(ConcreteSqmSelectQueryPlan.java:362)
	at org.hibernate.query.sqm.internal.ConcreteSqmSelectQueryPlan.performList(ConcreteSqmSelectQueryPlan.java:303)
	at org.hibernate.query.sqm.internal.QuerySqmImpl.doList(QuerySqmImpl.java:509)
	at org.hibernate.query.spi.AbstractSelectionQuery.list(AbstractSelectionQuery.java:427)
	at org.hibernate.query.spi.AbstractSelectionQuery.getSingleResult(AbstractSelectionQuery.java:564)
	at jdk.internal.reflect.GeneratedMethodAccessor28.invoke(Unknown Source)
	at java.base/jdk.internal.reflect.DelegatingMethodAccessorImpl.invoke(DelegatingMethodAccessorImpl.java:43)
	at java.base/java.lang.reflect.Method.invoke(Method.java:568)
	at org.springframework.orm.jpa.SharedEntityManagerCreator$DeferredQueryInvocationHandler.invoke(SharedEntityManagerCreator.java:415)
	at jdk.proxy2/jdk.proxy2.$Proxy141.getSingleResult(Unknown Source)
	at org.springframework.data.jpa.repository.query.JpaQueryExecution$SingleEntityExecution.doExecute(JpaQueryExecution.java:223)
	at org.springframework.data.jpa.repository.query.JpaQueryExecution.execute(JpaQueryExecution.java:92)
	at org.springframework.data.jpa.repository.query.AbstractJpaQuery.doExecute(AbstractJpaQuery.java:149)
	at org.springframework.data.jpa.repository.query.AbstractJpaQuery.execute(AbstractJpaQuery.java:137)
	at org.springframework.data.repository.core.support.RepositoryMethodInvoker.doInvoke(RepositoryMethodInvoker.java:170)
	at org.springframework.data.repository.core.support.RepositoryMethodInvoker.invoke(RepositoryMethodInvoker.java:158)
	at org.springframework.data.repository.core.support.QueryExecutorMethodInterceptor.doInvoke(QueryExecutorMethodInterceptor.java:164)
	at org.springframework.data.repository.core.support.QueryExecutorMethodInterceptor.invoke(QueryExecutorMethodInterceptor.java:143)
	at org.springframework.aop.framework.ReflectiveMethodInvocation.proceed(ReflectiveMethodInvocation.java:184)
	at org.springframework.data.projection.DefaultMethodInvokingMethodInterceptor.invoke(DefaultMethodInvokingMethodInterceptor.java:70)
	at org.springframework.aop.framework.ReflectiveMethodInvocation.proceed(ReflectiveMethodInvocation.java:184)
	at org.springframework.transaction.interceptor.TransactionInterceptor$1.proceedWithInvocation(TransactionInterceptor.java:123)
	at org.springframework.transaction.interceptor.TransactionAspectSupport.invokeWithinTransaction(TransactionAspectSupport.java:392)
	at org.springframework.transaction.interceptor.TransactionInterceptor.invoke(TransactionInterceptor.java:119)
	at org.springframework.aop.framework.ReflectiveMethodInvocation.proceed(ReflectiveMethodInvocation.java:184)
	at org.springframework.dao.support.PersistenceExceptionTranslationInterceptor.invoke(PersistenceExceptionTranslationInterceptor.java:137)
	... 24 common frames omitted
Caused by: java.sql.SQLTransientConnectionException: HikariPool-1 - Connection is not available, request timed out after 30003ms.
	at com.zaxxer.hikari.pool.HikariPool.createTimeoutException(HikariPool.java:696)
	at com.zaxxer.hikari.pool.HikariPool.getConnection(HikariPool.java:181)
	at com.zaxxer.hikari.pool.HikariPool.getConnection(HikariPool.java:146)
	at com.zaxxer.hikari.HikariDataSource.getConnection(HikariDataSource.java:128)
	at org.hibernate.engine.jdbc.connections.internal.DatasourceConnectionProviderImpl.getConnection(DatasourceConnectionProviderImpl.java:122)
	at org.hibernate.internal.NonContextualJdbcConnectionAccess.obtainConnection(NonContextualJdbcConnectionAccess.java:46)
	at org.hibernate.resource.jdbc.internal.LogicalConnectionManagedImpl.acquireConnectionIfNeeded(LogicalConnectionManagedImpl.java:113)
	... 69 common frames omitted
Caused by: java.sql.SQLRecoverableException: Erreur d'E/S: The Network Adapter could not establish the connection (CONNECTION_ID=bAxVAKq5TSWHm9nJaAFVXg==)
	at oracle.jdbc.driver.T4CConnection.handleLogonNetException(T4CConnection.java:892)
	at oracle.jdbc.driver.T4CConnection.logon(T4CConnection.java:697)
	at oracle.jdbc.driver.PhysicalConnection.connect(PhysicalConnection.java:1047)
	at oracle.jdbc.driver.T4CDriverExtension.getConnection(T4CDriverExtension.java:89)
	at oracle.jdbc.driver.OracleDriver.connect(OracleDriver.java:732)
	at oracle.jdbc.driver.OracleDriver.connect(OracleDriver.java:648)
	at com.zaxxer.hikari.util.DriverDataSource.getConnection(DriverDataSource.java:138)
	at com.zaxxer.hikari.pool.PoolBase.newConnection(PoolBase.java:359)
	at com.zaxxer.hikari.pool.PoolBase.newPoolEntry(PoolBase.java:201)
	at com.zaxxer.hikari.pool.HikariPool.createPoolEntry(HikariPool.java:470)
	at com.zaxxer.hikari.pool.HikariPool$PoolEntryCreator.call(HikariPool.java:733)
	at com.zaxxer.hikari.pool.HikariPool$PoolEntryCreator.call(HikariPool.java:712)
	at java.base/java.util.concurrent.FutureTask.run(FutureTask.java:264)
	... 3 common frames omitted
Caused by: oracle.net.ns.NetException: The Network Adapter could not establish the connection (CONNECTION_ID=bAxVAKq5TSWHm9nJaAFVXg==)
	at oracle.net.nt.ConnStrategy.execute(ConnStrategy.java:715)
	at oracle.net.resolver.AddrResolution.resolveAndExecute(AddrResolution.java:584)
	at oracle.net.ns.NSProtocol.establishConnection(NSProtocol.java:964)
	at oracle.net.ns.NSProtocol.connect(NSProtocol.java:350)
	at oracle.jdbc.driver.T4CConnection.connect(T4CConnection.java:2441)
	at oracle.jdbc.driver.T4CConnection.logon(T4CConnection.java:656)
	... 14 common frames omitted
Caused by: java.io.IOException: No route to host: connect, socket connect lapse 2 ms. 37.187.250.163 1521  30000 (1/1) true
	at oracle.net.nt.TcpNTAdapter.establishSocket(TcpNTAdapter.java:425)
	at oracle.net.nt.TcpNTAdapter.doLocalDNSLookupConnect(TcpNTAdapter.java:307)
	at oracle.net.nt.TcpNTAdapter.connect(TcpNTAdapter.java:269)
	at oracle.net.nt.ConnOption.connect(ConnOption.java:230)
	at oracle.net.nt.ConnStrategy.executeConnOption(ConnStrategy.java:1014)
	at oracle.net.nt.ConnStrategy.execute(ConnStrategy.java:673)
	... 19 common frames omitted
Caused by: java.net.NoRouteToHostException: No route to host: connect
	at java.base/sun.nio.ch.Net.connect0(Native Method)
	at java.base/sun.nio.ch.Net.connect(Net.java:579)
	at java.base/sun.nio.ch.Net.connect(Net.java:586)
	at java.base/sun.nio.ch.SocketChannelImpl.connect(SocketChannelImpl.java:853)
	at java.base/java.nio.channels.SocketChannel.open(SocketChannel.java:285)
	at oracle.net.nt.TimeoutSocketChannel.connect(TimeoutSocketChannel.java:183)
	at oracle.net.nt.TimeoutSocketChannel.<init>(TimeoutSocketChannel.java:157)
	at oracle.net.nt.TcpNTAdapter.establishSocket(TcpNTAdapter.java:384)
	... 24 common frames omitted
2026-04-27 22:27:30.047 [scheduling-1] INFO  c.e.s.Scheduler.SignatureScheduler - Début traitement automatique des signatures...
2026-04-27 22:28:00.049 [scheduling-1] WARN  o.h.e.jdbc.spi.SqlExceptionHelper - SQL Error: 0, SQLState: 08006
2026-04-27 22:28:00.050 [scheduling-1] ERROR o.h.e.jdbc.spi.SqlExceptionHelper - HikariPool-1 - Connection is not available, request timed out after 30001ms.
2026-04-27 22:28:00.051 [scheduling-1] WARN  o.h.e.jdbc.spi.SqlExceptionHelper - SQL Error: 17002, SQLState: 08006
2026-04-27 22:28:00.051 [scheduling-1] ERROR o.h.e.jdbc.spi.SqlExceptionHelper - Erreur d'E/S: The Network Adapter could not establish the connection (CONNECTION_ID=b66kNwoFQMWqnfME/OdSyg==)
2026-04-27 22:28:00.051 [scheduling-1] ERROR c.e.s.Scheduler.SignatureScheduler - Erreur dans le scheduler signature
org.springframework.transaction.CannotCreateTransactionException: Could not open JPA EntityManager for transaction
	at org.springframework.orm.jpa.JpaTransactionManager.doBegin(JpaTransactionManager.java:466)
	at org.springframework.transaction.support.AbstractPlatformTransactionManager.startTransaction(AbstractPlatformTransactionManager.java:531)
	at org.springframework.transaction.support.AbstractPlatformTransactionManager.getTransaction(AbstractPlatformTransactionManager.java:405)
	at org.springframework.transaction.interceptor.TransactionAspectSupport.createTransactionIfNecessary(TransactionAspectSupport.java:617)
	at org.springframework.transaction.interceptor.TransactionAspectSupport.invokeWithinTransaction(TransactionAspectSupport.java:386)
	at org.springframework.transaction.interceptor.TransactionInterceptor.invoke(TransactionInterceptor.java:119)
	at org.springframework.aop.framework.ReflectiveMethodInvocation.proceed(ReflectiveMethodInvocation.java:184)
	at org.springframework.aop.framework.CglibAopProxy$CglibMethodInvocation.proceed(CglibAopProxy.java:768)
	at org.springframework.aop.framework.CglibAopProxy$DynamicAdvisedInterceptor.intercept(CglibAopProxy.java:720)
	at com.example.signature.service.ImailSignatureService$$SpringCGLIB$$0.comparePendingSignatures(<generated>)
	at com.example.signature.Scheduler.SignatureScheduler.runSignatureCheck(SignatureScheduler.java:32)
	at jdk.internal.reflect.GeneratedMethodAccessor29.invoke(Unknown Source)
	at java.base/jdk.internal.reflect.DelegatingMethodAccessorImpl.invoke(DelegatingMethodAccessorImpl.java:43)
	at java.base/java.lang.reflect.Method.invoke(Method.java:568)
	at org.springframework.scheduling.support.ScheduledMethodRunnable.runInternal(ScheduledMethodRunnable.java:130)
	at org.springframework.scheduling.support.ScheduledMethodRunnable.lambda$run$2(ScheduledMethodRunnable.java:124)
	at io.micrometer.observation.Observation.observe(Observation.java:499)
	at org.springframework.scheduling.support.ScheduledMethodRunnable.run(ScheduledMethodRunnable.java:124)
	at org.springframework.scheduling.support.DelegatingErrorHandlingRunnable.run(DelegatingErrorHandlingRunnable.java:54)
	at org.springframework.scheduling.concurrent.ReschedulingRunnable.run(ReschedulingRunnable.java:96)
	at java.base/java.util.concurrent.Executors$RunnableAdapter.call(Executors.java:539)
	at java.base/java.util.concurrent.FutureTask.run(FutureTask.java:264)
	at java.base/java.util.concurrent.ScheduledThreadPoolExecutor$ScheduledFutureTask.run(ScheduledThreadPoolExecutor.java:304)
	at java.base/java.util.concurrent.ThreadPoolExecutor.runWorker(ThreadPoolExecutor.java:1136)
	at java.base/java.util.concurrent.ThreadPoolExecutor$Worker.run(ThreadPoolExecutor.java:635)
	at java.base/java.lang.Thread.run(Thread.java:842)
Caused by: org.hibernate.exception.JDBCConnectionException: Unable to acquire JDBC Connection [HikariPool-1 - Connection is not available, request timed out after 30001ms.] [n/a]
	at org.hibernate.exception.internal.SQLExceptionTypeDelegate.convert(SQLExceptionTypeDelegate.java:51)
	at org.hibernate.exception.internal.StandardSQLExceptionConverter.convert(StandardSQLExceptionConverter.java:58)
	at org.hibernate.engine.jdbc.spi.SqlExceptionHelper.convert(SqlExceptionHelper.java:108)
	at org.hibernate.engine.jdbc.spi.SqlExceptionHelper.convert(SqlExceptionHelper.java:94)
	at org.hibernate.resource.jdbc.internal.LogicalConnectionManagedImpl.acquireConnectionIfNeeded(LogicalConnectionManagedImpl.java:116)
	at org.hibernate.resource.jdbc.internal.LogicalConnectionManagedImpl.getPhysicalConnection(LogicalConnectionManagedImpl.java:143)
	at org.hibernate.resource.jdbc.internal.LogicalConnectionManagedImpl.getConnectionForTransactionManagement(LogicalConnectionManagedImpl.java:273)
	at org.hibernate.resource.jdbc.internal.LogicalConnectionManagedImpl.begin(LogicalConnectionManagedImpl.java:281)
	at org.hibernate.resource.transaction.backend.jdbc.internal.JdbcResourceLocalTransactionCoordinatorImpl$TransactionDriverControlImpl.begin(JdbcResourceLocalTransactionCoordinatorImpl.java:232)
	at org.hibernate.engine.transaction.internal.TransactionImpl.begin(TransactionImpl.java:83)
	at org.springframework.orm.jpa.vendor.HibernateJpaDialect.beginTransaction(HibernateJpaDialect.java:176)
	at org.springframework.orm.jpa.JpaTransactionManager.doBegin(JpaTransactionManager.java:420)
	... 25 common frames omitted
Caused by: java.sql.SQLTransientConnectionException: HikariPool-1 - Connection is not available, request timed out after 30001ms.
	at com.zaxxer.hikari.pool.HikariPool.createTimeoutException(HikariPool.java:696)
	at com.zaxxer.hikari.pool.HikariPool.getConnection(HikariPool.java:181)
	at com.zaxxer.hikari.pool.HikariPool.getConnection(HikariPool.java:146)
	at com.zaxxer.hikari.HikariDataSource.getConnection(HikariDataSource.java:128)
	at org.hibernate.engine.jdbc.connections.internal.DatasourceConnectionProviderImpl.getConnection(DatasourceConnectionProviderImpl.java:122)
	at org.hibernate.internal.NonContextualJdbcConnectionAccess.obtainConnection(NonContextualJdbcConnectionAccess.java:46)
	at org.hibernate.resource.jdbc.internal.LogicalConnectionManagedImpl.acquireConnectionIfNeeded(LogicalConnectionManagedImpl.java:113)
	... 32 common frames omitted
Caused by: java.sql.SQLRecoverableException: Erreur d'E/S: The Network Adapter could not establish the connection (CONNECTION_ID=b66kNwoFQMWqnfME/OdSyg==)
	at oracle.jdbc.driver.T4CConnection.handleLogonNetException(T4CConnection.java:892)
	at oracle.jdbc.driver.T4CConnection.logon(T4CConnection.java:697)
	at oracle.jdbc.driver.PhysicalConnection.connect(PhysicalConnection.java:1047)
	at oracle.jdbc.driver.T4CDriverExtension.getConnection(T4CDriverExtension.java:89)
	at oracle.jdbc.driver.OracleDriver.connect(OracleDriver.java:732)
	at oracle.jdbc.driver.OracleDriver.connect(OracleDriver.java:648)
	at com.zaxxer.hikari.util.DriverDataSource.getConnection(DriverDataSource.java:138)
	at com.zaxxer.hikari.pool.PoolBase.newConnection(PoolBase.java:359)
	at com.zaxxer.hikari.pool.PoolBase.newPoolEntry(PoolBase.java:201)
	at com.zaxxer.hikari.pool.HikariPool.createPoolEntry(HikariPool.java:470)
	at com.zaxxer.hikari.pool.HikariPool$PoolEntryCreator.call(HikariPool.java:733)
	at com.zaxxer.hikari.pool.HikariPool$PoolEntryCreator.call(HikariPool.java:712)
	at java.base/java.util.concurrent.FutureTask.run(FutureTask.java:264)
	... 3 common frames omitted
Caused by: oracle.net.ns.NetException: The Network Adapter could not establish the connection (CONNECTION_ID=b66kNwoFQMWqnfME/OdSyg==)
	at oracle.net.nt.ConnStrategy.execute(ConnStrategy.java:715)
	at oracle.net.resolver.AddrResolution.resolveAndExecute(AddrResolution.java:584)
	at oracle.net.ns.NSProtocol.establishConnection(NSProtocol.java:964)
	at oracle.net.ns.NSProtocol.connect(NSProtocol.java:350)
	at oracle.jdbc.driver.T4CConnection.connect(T4CConnection.java:2441)
	at oracle.jdbc.driver.T4CConnection.logon(T4CConnection.java:656)
	... 14 common frames omitted
Caused by: java.io.IOException: No route to host: connect, socket connect lapse 2 ms. 37.187.250.163 1521  30000 (1/1) true
	at oracle.net.nt.TcpNTAdapter.establishSocket(TcpNTAdapter.java:425)
	at oracle.net.nt.TcpNTAdapter.doLocalDNSLookupConnect(TcpNTAdapter.java:307)
	at oracle.net.nt.TcpNTAdapter.connect(TcpNTAdapter.java:269)
	at oracle.net.nt.ConnOption.connect(ConnOption.java:230)
	at oracle.net.nt.ConnStrategy.executeConnOption(ConnStrategy.java:1014)
	at oracle.net.nt.ConnStrategy.execute(ConnStrategy.java:673)
	... 19 common frames omitted
Caused by: java.net.NoRouteToHostException: No route to host: connect
	at java.base/sun.nio.ch.Net.connect0(Native Method)
	at java.base/sun.nio.ch.Net.connect(Net.java:579)
	at java.base/sun.nio.ch.Net.connect(Net.java:586)
	at java.base/sun.nio.ch.SocketChannelImpl.connect(SocketChannelImpl.java:853)
	at java.base/java.nio.channels.SocketChannel.open(SocketChannel.java:285)
	at oracle.net.nt.TimeoutSocketChannel.connect(TimeoutSocketChannel.java:183)
	at oracle.net.nt.TimeoutSocketChannel.<init>(TimeoutSocketChannel.java:157)
	at oracle.net.nt.TcpNTAdapter.establishSocket(TcpNTAdapter.java:384)
	... 24 common frames omitted
2026-04-27 22:28:00.054 [scheduling-1] INFO  c.e.s.Scheduler.SignatureScheduler - === Début traitement automatique reception ===
2026-04-27 22:28:30.065 [scheduling-1] WARN  o.h.e.jdbc.spi.SqlExceptionHelper - SQL Error: 0, SQLState: 08006
2026-04-27 22:28:30.065 [scheduling-1] ERROR o.h.e.jdbc.spi.SqlExceptionHelper - HikariPool-1 - Connection is not available, request timed out after 30007ms.
2026-04-27 22:28:30.065 [scheduling-1] WARN  o.h.e.jdbc.spi.SqlExceptionHelper - SQL Error: 17002, SQLState: 08006
2026-04-27 22:28:30.065 [scheduling-1] ERROR o.h.e.jdbc.spi.SqlExceptionHelper - Erreur d'E/S: The Network Adapter could not establish the connection (CONNECTION_ID=UYITavIRTVGFfMFjWnvQtA==)
2026-04-27 22:28:30.067 [scheduling-1] ERROR c.e.s.Scheduler.SignatureScheduler - Erreur dans le scheduler reception
org.springframework.dao.DataAccessResourceFailureException: Unable to acquire JDBC Connection [HikariPool-1 - Connection is not available, request timed out after 30007ms.] [n/a]
	at org.springframework.orm.jpa.vendor.HibernateJpaDialect.convertHibernateAccessException(HibernateJpaDialect.java:274)
	at org.springframework.orm.jpa.vendor.HibernateJpaDialect.translateExceptionIfPossible(HibernateJpaDialect.java:241)
	at org.springframework.orm.jpa.AbstractEntityManagerFactoryBean.translateExceptionIfPossible(AbstractEntityManagerFactoryBean.java:550)
	at org.springframework.dao.support.ChainedPersistenceExceptionTranslator.translateExceptionIfPossible(ChainedPersistenceExceptionTranslator.java:61)
	at org.springframework.dao.support.DataAccessUtils.translateIfNecessary(DataAccessUtils.java:335)
	at org.springframework.dao.support.PersistenceExceptionTranslationInterceptor.invoke(PersistenceExceptionTranslationInterceptor.java:152)
	at org.springframework.aop.framework.ReflectiveMethodInvocation.proceed(ReflectiveMethodInvocation.java:184)
	at org.springframework.data.jpa.repository.support.CrudMethodMetadataPostProcessor$CrudMethodMetadataPopulatingMethodInterceptor.invoke(CrudMethodMetadataPostProcessor.java:135)
	at org.springframework.aop.framework.ReflectiveMethodInvocation.proceed(ReflectiveMethodInvocation.java:184)
	at org.springframework.aop.interceptor.ExposeInvocationInterceptor.invoke(ExposeInvocationInterceptor.java:97)
	at org.springframework.aop.framework.ReflectiveMethodInvocation.proceed(ReflectiveMethodInvocation.java:184)
	at org.springframework.aop.framework.JdkDynamicAopProxy.invoke(JdkDynamicAopProxy.java:223)
	at jdk.proxy2/jdk.proxy2.$Proxy134.findPathScanAs(Unknown Source)
	at com.example.signature.service.ReceptionProcessingService.processReceptionFolders(ReceptionProcessingService.java:46)
	at com.example.signature.Scheduler.SignatureScheduler.processReceptionAuto(SignatureScheduler.java:43)
	at jdk.internal.reflect.GeneratedMethodAccessor27.invoke(Unknown Source)
	at java.base/jdk.internal.reflect.DelegatingMethodAccessorImpl.invoke(DelegatingMethodAccessorImpl.java:43)
	at java.base/java.lang.reflect.Method.invoke(Method.java:568)
	at org.springframework.scheduling.support.ScheduledMethodRunnable.runInternal(ScheduledMethodRunnable.java:130)
	at org.springframework.scheduling.support.ScheduledMethodRunnable.lambda$run$2(ScheduledMethodRunnable.java:124)
	at io.micrometer.observation.Observation.observe(Observation.java:499)
	at org.springframework.scheduling.support.ScheduledMethodRunnable.run(ScheduledMethodRunnable.java:124)
	at org.springframework.scheduling.support.DelegatingErrorHandlingRunnable.run(DelegatingErrorHandlingRunnable.java:54)
	at org.springframework.scheduling.concurrent.ReschedulingRunnable.run(ReschedulingRunnable.java:96)
	at java.base/java.util.concurrent.Executors$RunnableAdapter.call(Executors.java:539)
	at java.base/java.util.concurrent.FutureTask.run(FutureTask.java:264)
	at java.base/java.util.concurrent.ScheduledThreadPoolExecutor$ScheduledFutureTask.run(ScheduledThreadPoolExecutor.java:304)
	at java.base/java.util.concurrent.ThreadPoolExecutor.runWorker(ThreadPoolExecutor.java:1136)
	at java.base/java.util.concurrent.ThreadPoolExecutor$Worker.run(ThreadPoolExecutor.java:635)
	at java.base/java.lang.Thread.run(Thread.java:842)
Caused by: org.hibernate.exception.JDBCConnectionException: Unable to acquire JDBC Connection [HikariPool-1 - Connection is not available, request timed out after 30007ms.] [n/a]
	at org.hibernate.exception.internal.SQLExceptionTypeDelegate.convert(SQLExceptionTypeDelegate.java:51)
	at org.hibernate.exception.internal.StandardSQLExceptionConverter.convert(StandardSQLExceptionConverter.java:58)
	at org.hibernate.engine.jdbc.spi.SqlExceptionHelper.convert(SqlExceptionHelper.java:108)
	at org.hibernate.engine.jdbc.spi.SqlExceptionHelper.convert(SqlExceptionHelper.java:94)
	at org.hibernate.resource.jdbc.internal.LogicalConnectionManagedImpl.acquireConnectionIfNeeded(LogicalConnectionManagedImpl.java:116)
	at org.hibernate.resource.jdbc.internal.LogicalConnectionManagedImpl.getPhysicalConnection(LogicalConnectionManagedImpl.java:143)
	at org.hibernate.engine.jdbc.internal.StatementPreparerImpl.connection(StatementPreparerImpl.java:54)
	at org.hibernate.engine.jdbc.internal.StatementPreparerImpl$5.doPrepare(StatementPreparerImpl.java:153)
	at org.hibernate.engine.jdbc.internal.StatementPreparerImpl$StatementPreparationTemplate.prepareStatement(StatementPreparerImpl.java:183)
	at org.hibernate.engine.jdbc.internal.StatementPreparerImpl.prepareQueryStatement(StatementPreparerImpl.java:155)
	at org.hibernate.sql.exec.spi.JdbcSelectExecutor.lambda$list$0(JdbcSelectExecutor.java:85)
	at org.hibernate.sql.results.jdbc.internal.DeferredResultSetAccess.executeQuery(DeferredResultSetAccess.java:231)
	at org.hibernate.sql.results.jdbc.internal.DeferredResultSetAccess.getResultSet(DeferredResultSetAccess.java:167)
	at org.hibernate.sql.results.jdbc.internal.JdbcValuesResultSetImpl.advanceNext(JdbcValuesResultSetImpl.java:218)
	at org.hibernate.sql.results.jdbc.internal.JdbcValuesResultSetImpl.processNext(JdbcValuesResultSetImpl.java:98)
	at org.hibernate.sql.results.jdbc.internal.AbstractJdbcValues.next(AbstractJdbcValues.java:19)
	at org.hibernate.sql.results.internal.RowProcessingStateStandardImpl.next(RowProcessingStateStandardImpl.java:66)
	at org.hibernate.sql.results.spi.ListResultsConsumer.consume(ListResultsConsumer.java:202)
	at org.hibernate.sql.results.spi.ListResultsConsumer.consume(ListResultsConsumer.java:33)
	at org.hibernate.sql.exec.internal.JdbcSelectExecutorStandardImpl.doExecuteQuery(JdbcSelectExecutorStandardImpl.java:209)
	at org.hibernate.sql.exec.internal.JdbcSelectExecutorStandardImpl.executeQuery(JdbcSelectExecutorStandardImpl.java:83)
	at org.hibernate.sql.exec.spi.JdbcSelectExecutor.list(JdbcSelectExecutor.java:76)
	at org.hibernate.sql.exec.spi.JdbcSelectExecutor.list(JdbcSelectExecutor.java:65)
	at org.hibernate.query.sqm.internal.ConcreteSqmSelectQueryPlan.lambda$new$2(ConcreteSqmSelectQueryPlan.java:137)
	at org.hibernate.query.sqm.internal.ConcreteSqmSelectQueryPlan.withCacheableSqmInterpretation(ConcreteSqmSelectQueryPlan.java:362)
	at org.hibernate.query.sqm.internal.ConcreteSqmSelectQueryPlan.performList(ConcreteSqmSelectQueryPlan.java:303)
	at org.hibernate.query.sqm.internal.QuerySqmImpl.doList(QuerySqmImpl.java:509)
	at org.hibernate.query.spi.AbstractSelectionQuery.list(AbstractSelectionQuery.java:427)
	at org.hibernate.query.spi.AbstractSelectionQuery.getSingleResult(AbstractSelectionQuery.java:564)
	at jdk.internal.reflect.GeneratedMethodAccessor28.invoke(Unknown Source)
	at java.base/jdk.internal.reflect.DelegatingMethodAccessorImpl.invoke(DelegatingMethodAccessorImpl.java:43)
	at java.base/java.lang.reflect.Method.invoke(Method.java:568)
	at org.springframework.orm.jpa.SharedEntityManagerCreator$DeferredQueryInvocationHandler.invoke(SharedEntityManagerCreator.java:415)
	at jdk.proxy2/jdk.proxy2.$Proxy141.getSingleResult(Unknown Source)
	at org.springframework.data.jpa.repository.query.JpaQueryExecution$SingleEntityExecution.doExecute(JpaQueryExecution.java:223)
	at org.springframework.data.jpa.repository.query.JpaQueryExecution.execute(JpaQueryExecution.java:92)
	at org.springframework.data.jpa.repository.query.AbstractJpaQuery.doExecute(AbstractJpaQuery.java:149)
	at org.springframework.data.jpa.repository.query.AbstractJpaQuery.execute(AbstractJpaQuery.java:137)
	at org.springframework.data.repository.core.support.RepositoryMethodInvoker.doInvoke(RepositoryMethodInvoker.java:170)
	at org.springframework.data.repository.core.support.RepositoryMethodInvoker.invoke(RepositoryMethodInvoker.java:158)
	at org.springframework.data.repository.core.support.QueryExecutorMethodInterceptor.doInvoke(QueryExecutorMethodInterceptor.java:164)
	at org.springframework.data.repository.core.support.QueryExecutorMethodInterceptor.invoke(QueryExecutorMethodInterceptor.java:143)
	at org.springframework.aop.framework.ReflectiveMethodInvocation.proceed(ReflectiveMethodInvocation.java:184)
	at org.springframework.data.projection.DefaultMethodInvokingMethodInterceptor.invoke(DefaultMethodInvokingMethodInterceptor.java:70)
	at org.springframework.aop.framework.ReflectiveMethodInvocation.proceed(ReflectiveMethodInvocation.java:184)
	at org.springframework.transaction.interceptor.TransactionInterceptor$1.proceedWithInvocation(TransactionInterceptor.java:123)
	at org.springframework.transaction.interceptor.TransactionAspectSupport.invokeWithinTransaction(TransactionAspectSupport.java:392)
	at org.springframework.transaction.interceptor.TransactionInterceptor.invoke(TransactionInterceptor.java:119)
	at org.springframework.aop.framework.ReflectiveMethodInvocation.proceed(ReflectiveMethodInvocation.java:184)
	at org.springframework.dao.support.PersistenceExceptionTranslationInterceptor.invoke(PersistenceExceptionTranslationInterceptor.java:137)
	... 24 common frames omitted
Caused by: java.sql.SQLTransientConnectionException: HikariPool-1 - Connection is not available, request timed out after 30007ms.
	at com.zaxxer.hikari.pool.HikariPool.createTimeoutException(HikariPool.java:696)
	at com.zaxxer.hikari.pool.HikariPool.getConnection(HikariPool.java:181)
	at com.zaxxer.hikari.pool.HikariPool.getConnection(HikariPool.java:146)
	at com.zaxxer.hikari.HikariDataSource.getConnection(HikariDataSource.java:128)
	at org.hibernate.engine.jdbc.connections.internal.DatasourceConnectionProviderImpl.getConnection(DatasourceConnectionProviderImpl.java:122)
	at org.hibernate.internal.NonContextualJdbcConnectionAccess.obtainConnection(NonContextualJdbcConnectionAccess.java:46)
	at org.hibernate.resource.jdbc.internal.LogicalConnectionManagedImpl.acquireConnectionIfNeeded(LogicalConnectionManagedImpl.java:113)
	... 69 common frames omitted
Caused by: java.sql.SQLRecoverableException: Erreur d'E/S: The Network Adapter could not establish the connection (CONNECTION_ID=UYITavIRTVGFfMFjWnvQtA==)
	at oracle.jdbc.driver.T4CConnection.handleLogonNetException(T4CConnection.java:892)
	at oracle.jdbc.driver.T4CConnection.logon(T4CConnection.java:697)
	at oracle.jdbc.driver.PhysicalConnection.connect(PhysicalConnection.java:1047)
	at oracle.jdbc.driver.T4CDriverExtension.getConnection(T4CDriverExtension.java:89)
	at oracle.jdbc.driver.OracleDriver.connect(OracleDriver.java:732)
	at oracle.jdbc.driver.OracleDriver.connect(OracleDriver.java:648)
	at com.zaxxer.hikari.util.DriverDataSource.getConnection(DriverDataSource.java:138)
	at com.zaxxer.hikari.pool.PoolBase.newConnection(PoolBase.java:359)
	at com.zaxxer.hikari.pool.PoolBase.newPoolEntry(PoolBase.java:201)
	at com.zaxxer.hikari.pool.HikariPool.createPoolEntry(HikariPool.java:470)
	at com.zaxxer.hikari.pool.HikariPool$PoolEntryCreator.call(HikariPool.java:733)
	at com.zaxxer.hikari.pool.HikariPool$PoolEntryCreator.call(HikariPool.java:712)
	at java.base/java.util.concurrent.FutureTask.run(FutureTask.java:264)
	... 3 common frames omitted
Caused by: oracle.net.ns.NetException: The Network Adapter could not establish the connection (CONNECTION_ID=UYITavIRTVGFfMFjWnvQtA==)
	at oracle.net.nt.ConnStrategy.execute(ConnStrategy.java:715)
	at oracle.net.resolver.AddrResolution.resolveAndExecute(AddrResolution.java:584)
	at oracle.net.ns.NSProtocol.establishConnection(NSProtocol.java:964)
	at oracle.net.ns.NSProtocol.connect(NSProtocol.java:350)
	at oracle.jdbc.driver.T4CConnection.connect(T4CConnection.java:2441)
	at oracle.jdbc.driver.T4CConnection.logon(T4CConnection.java:656)
	... 14 common frames omitted
Caused by: java.io.IOException: Connection timed out: connect, socket connect lapse 21045 ms. 37.187.250.163 1521  30000 (1/1) true
	at oracle.net.nt.TcpNTAdapter.establishSocket(TcpNTAdapter.java:425)
	at oracle.net.nt.TcpNTAdapter.doLocalDNSLookupConnect(TcpNTAdapter.java:307)
	at oracle.net.nt.TcpNTAdapter.connect(TcpNTAdapter.java:269)
	at oracle.net.nt.ConnOption.connect(ConnOption.java:230)
	at oracle.net.nt.ConnStrategy.executeConnOption(ConnStrategy.java:1014)
	at oracle.net.nt.ConnStrategy.execute(ConnStrategy.java:673)
	... 19 common frames omitted
Caused by: java.net.ConnectException: Connection timed out: connect
	at java.base/sun.nio.ch.Net.connect0(Native Method)
	at java.base/sun.nio.ch.Net.connect(Net.java:579)
	at java.base/sun.nio.ch.Net.connect(Net.java:586)
	at java.base/sun.nio.ch.SocketChannelImpl.connect(SocketChannelImpl.java:853)
	at java.base/java.nio.channels.SocketChannel.open(SocketChannel.java:285)
	at oracle.net.nt.TimeoutSocketChannel.connect(TimeoutSocketChannel.java:183)
	at oracle.net.nt.TimeoutSocketChannel.<init>(TimeoutSocketChannel.java:157)
	at oracle.net.nt.TcpNTAdapter.establishSocket(TcpNTAdapter.java:384)
	... 24 common frames omitted
2026-04-27 22:29:00.009 [scheduling-1] INFO  c.e.s.Scheduler.SignatureScheduler - === Début traitement automatique reception ===
2026-04-27 22:29:30.022 [scheduling-1] WARN  o.h.e.jdbc.spi.SqlExceptionHelper - SQL Error: 0, SQLState: 08006
2026-04-27 22:29:30.022 [scheduling-1] ERROR o.h.e.jdbc.spi.SqlExceptionHelper - HikariPool-1 - Connection is not available, request timed out after 30010ms.
2026-04-27 22:29:30.023 [scheduling-1] WARN  o.h.e.jdbc.spi.SqlExceptionHelper - SQL Error: 17002, SQLState: 08006
2026-04-27 22:29:30.023 [scheduling-1] ERROR o.h.e.jdbc.spi.SqlExceptionHelper - Erreur d'E/S: The Network Adapter could not establish the connection (CONNECTION_ID=ROsCJ6d7Raabumyo88VsWQ==)
2026-04-27 22:29:30.024 [scheduling-1] ERROR c.e.s.Scheduler.SignatureScheduler - Erreur dans le scheduler reception
org.springframework.dao.DataAccessResourceFailureException: Unable to acquire JDBC Connection [HikariPool-1 - Connection is not available, request timed out after 30010ms.] [n/a]
	at org.springframework.orm.jpa.vendor.HibernateJpaDialect.convertHibernateAccessException(HibernateJpaDialect.java:274)
	at org.springframework.orm.jpa.vendor.HibernateJpaDialect.translateExceptionIfPossible(HibernateJpaDialect.java:241)
	at org.springframework.orm.jpa.AbstractEntityManagerFactoryBean.translateExceptionIfPossible(AbstractEntityManagerFactoryBean.java:550)
	at org.springframework.dao.support.ChainedPersistenceExceptionTranslator.translateExceptionIfPossible(ChainedPersistenceExceptionTranslator.java:61)
	at org.springframework.dao.support.DataAccessUtils.translateIfNecessary(DataAccessUtils.java:335)
	at org.springframework.dao.support.PersistenceExceptionTranslationInterceptor.invoke(PersistenceExceptionTranslationInterceptor.java:152)
	at org.springframework.aop.framework.ReflectiveMethodInvocation.proceed(ReflectiveMethodInvocation.java:184)
	at org.springframework.data.jpa.repository.support.CrudMethodMetadataPostProcessor$CrudMethodMetadataPopulatingMethodInterceptor.invoke(CrudMethodMetadataPostProcessor.java:135)
	at org.springframework.aop.framework.ReflectiveMethodInvocation.proceed(ReflectiveMethodInvocation.java:184)
	at org.springframework.aop.interceptor.ExposeInvocationInterceptor.invoke(ExposeInvocationInterceptor.java:97)
	at org.springframework.aop.framework.ReflectiveMethodInvocation.proceed(ReflectiveMethodInvocation.java:184)
	at org.springframework.aop.framework.JdkDynamicAopProxy.invoke(JdkDynamicAopProxy.java:223)
	at jdk.proxy2/jdk.proxy2.$Proxy134.findPathScanAs(Unknown Source)
	at com.example.signature.service.ReceptionProcessingService.processReceptionFolders(ReceptionProcessingService.java:46)
	at com.example.signature.Scheduler.SignatureScheduler.processReceptionAuto(SignatureScheduler.java:43)
	at jdk.internal.reflect.GeneratedMethodAccessor27.invoke(Unknown Source)
	at java.base/jdk.internal.reflect.DelegatingMethodAccessorImpl.invoke(DelegatingMethodAccessorImpl.java:43)
	at java.base/java.lang.reflect.Method.invoke(Method.java:568)
	at org.springframework.scheduling.support.ScheduledMethodRunnable.runInternal(ScheduledMethodRunnable.java:130)
	at org.springframework.scheduling.support.ScheduledMethodRunnable.lambda$run$2(ScheduledMethodRunnable.java:124)
	at io.micrometer.observation.Observation.observe(Observation.java:499)
	at org.springframework.scheduling.support.ScheduledMethodRunnable.run(ScheduledMethodRunnable.java:124)
	at org.springframework.scheduling.support.DelegatingErrorHandlingRunnable.run(DelegatingErrorHandlingRunnable.java:54)
	at org.springframework.scheduling.concurrent.ReschedulingRunnable.run(ReschedulingRunnable.java:96)
	at java.base/java.util.concurrent.Executors$RunnableAdapter.call(Executors.java:539)
	at java.base/java.util.concurrent.FutureTask.run(FutureTask.java:264)
	at java.base/java.util.concurrent.ScheduledThreadPoolExecutor$ScheduledFutureTask.run(ScheduledThreadPoolExecutor.java:304)
	at java.base/java.util.concurrent.ThreadPoolExecutor.runWorker(ThreadPoolExecutor.java:1136)
	at java.base/java.util.concurrent.ThreadPoolExecutor$Worker.run(ThreadPoolExecutor.java:635)
	at java.base/java.lang.Thread.run(Thread.java:842)
Caused by: org.hibernate.exception.JDBCConnectionException: Unable to acquire JDBC Connection [HikariPool-1 - Connection is not available, request timed out after 30010ms.] [n/a]
	at org.hibernate.exception.internal.SQLExceptionTypeDelegate.convert(SQLExceptionTypeDelegate.java:51)
	at org.hibernate.exception.internal.StandardSQLExceptionConverter.convert(StandardSQLExceptionConverter.java:58)
	at org.hibernate.engine.jdbc.spi.SqlExceptionHelper.convert(SqlExceptionHelper.java:108)
	at org.hibernate.engine.jdbc.spi.SqlExceptionHelper.convert(SqlExceptionHelper.java:94)
	at org.hibernate.resource.jdbc.internal.LogicalConnectionManagedImpl.acquireConnectionIfNeeded(LogicalConnectionManagedImpl.java:116)
	at org.hibernate.resource.jdbc.internal.LogicalConnectionManagedImpl.getPhysicalConnection(LogicalConnectionManagedImpl.java:143)
	at org.hibernate.engine.jdbc.internal.StatementPreparerImpl.connection(StatementPreparerImpl.java:54)
	at org.hibernate.engine.jdbc.internal.StatementPreparerImpl$5.doPrepare(StatementPreparerImpl.java:153)
	at org.hibernate.engine.jdbc.internal.StatementPreparerImpl$StatementPreparationTemplate.prepareStatement(StatementPreparerImpl.java:183)
	at org.hibernate.engine.jdbc.internal.StatementPreparerImpl.prepareQueryStatement(StatementPreparerImpl.java:155)
	at org.hibernate.sql.exec.spi.JdbcSelectExecutor.lambda$list$0(JdbcSelectExecutor.java:85)
	at org.hibernate.sql.results.jdbc.internal.DeferredResultSetAccess.executeQuery(DeferredResultSetAccess.java:231)
	at org.hibernate.sql.results.jdbc.internal.DeferredResultSetAccess.getResultSet(DeferredResultSetAccess.java:167)
	at org.hibernate.sql.results.jdbc.internal.JdbcValuesResultSetImpl.advanceNext(JdbcValuesResultSetImpl.java:218)
	at org.hibernate.sql.results.jdbc.internal.JdbcValuesResultSetImpl.processNext(JdbcValuesResultSetImpl.java:98)
	at org.hibernate.sql.results.jdbc.internal.AbstractJdbcValues.next(AbstractJdbcValues.java:19)
	at org.hibernate.sql.results.internal.RowProcessingStateStandardImpl.next(RowProcessingStateStandardImpl.java:66)
	at org.hibernate.sql.results.spi.ListResultsConsumer.consume(ListResultsConsumer.java:202)
	at org.hibernate.sql.results.spi.ListResultsConsumer.consume(ListResultsConsumer.java:33)
	at org.hibernate.sql.exec.internal.JdbcSelectExecutorStandardImpl.doExecuteQuery(JdbcSelectExecutorStandardImpl.java:209)
	at org.hibernate.sql.exec.internal.JdbcSelectExecutorStandardImpl.executeQuery(JdbcSelectExecutorStandardImpl.java:83)
	at org.hibernate.sql.exec.spi.JdbcSelectExecutor.list(JdbcSelectExecutor.java:76)
	at org.hibernate.sql.exec.spi.JdbcSelectExecutor.list(JdbcSelectExecutor.java:65)
	at org.hibernate.query.sqm.internal.ConcreteSqmSelectQueryPlan.lambda$new$2(ConcreteSqmSelectQueryPlan.java:137)
	at org.hibernate.query.sqm.internal.ConcreteSqmSelectQueryPlan.withCacheableSqmInterpretation(ConcreteSqmSelectQueryPlan.java:362)
	at org.hibernate.query.sqm.internal.ConcreteSqmSelectQueryPlan.performList(ConcreteSqmSelectQueryPlan.java:303)
	at org.hibernate.query.sqm.internal.QuerySqmImpl.doList(QuerySqmImpl.java:509)
	at org.hibernate.query.spi.AbstractSelectionQuery.list(AbstractSelectionQuery.java:427)
	at org.hibernate.query.spi.AbstractSelectionQuery.getSingleResult(AbstractSelectionQuery.java:564)
	at jdk.internal.reflect.GeneratedMethodAccessor28.invoke(Unknown Source)
	at java.base/jdk.internal.reflect.DelegatingMethodAccessorImpl.invoke(DelegatingMethodAccessorImpl.java:43)
	at java.base/java.lang.reflect.Method.invoke(Method.java:568)
	at org.springframework.orm.jpa.SharedEntityManagerCreator$DeferredQueryInvocationHandler.invoke(SharedEntityManagerCreator.java:415)
	at jdk.proxy2/jdk.proxy2.$Proxy141.getSingleResult(Unknown Source)
	at org.springframework.data.jpa.repository.query.JpaQueryExecution$SingleEntityExecution.doExecute(JpaQueryExecution.java:223)
	at org.springframework.data.jpa.repository.query.JpaQueryExecution.execute(JpaQueryExecution.java:92)
	at org.springframework.data.jpa.repository.query.AbstractJpaQuery.doExecute(AbstractJpaQuery.java:149)
	at org.springframework.data.jpa.repository.query.AbstractJpaQuery.execute(AbstractJpaQuery.java:137)
	at org.springframework.data.repository.core.support.RepositoryMethodInvoker.doInvoke(RepositoryMethodInvoker.java:170)
	at org.springframework.data.repository.core.support.RepositoryMethodInvoker.invoke(RepositoryMethodInvoker.java:158)
	at org.springframework.data.repository.core.support.QueryExecutorMethodInterceptor.doInvoke(QueryExecutorMethodInterceptor.java:164)
	at org.springframework.data.repository.core.support.QueryExecutorMethodInterceptor.invoke(QueryExecutorMethodInterceptor.java:143)
	at org.springframework.aop.framework.ReflectiveMethodInvocation.proceed(ReflectiveMethodInvocation.java:184)
	at org.springframework.data.projection.DefaultMethodInvokingMethodInterceptor.invoke(DefaultMethodInvokingMethodInterceptor.java:70)
	at org.springframework.aop.framework.ReflectiveMethodInvocation.proceed(ReflectiveMethodInvocation.java:184)
	at org.springframework.transaction.interceptor.TransactionInterceptor$1.proceedWithInvocation(TransactionInterceptor.java:123)
	at org.springframework.transaction.interceptor.TransactionAspectSupport.invokeWithinTransaction(TransactionAspectSupport.java:392)
	at org.springframework.transaction.interceptor.TransactionInterceptor.invoke(TransactionInterceptor.java:119)
	at org.springframework.aop.framework.ReflectiveMethodInvocation.proceed(ReflectiveMethodInvocation.java:184)
	at org.springframework.dao.support.PersistenceExceptionTranslationInterceptor.invoke(PersistenceExceptionTranslationInterceptor.java:137)
	... 24 common frames omitted
Caused by: java.sql.SQLTransientConnectionException: HikariPool-1 - Connection is not available, request timed out after 30010ms.
	at com.zaxxer.hikari.pool.HikariPool.createTimeoutException(HikariPool.java:696)
	at com.zaxxer.hikari.pool.HikariPool.getConnection(HikariPool.java:181)
	at com.zaxxer.hikari.pool.HikariPool.getConnection(HikariPool.java:146)
	at com.zaxxer.hikari.HikariDataSource.getConnection(HikariDataSource.java:128)
	at org.hibernate.engine.jdbc.connections.internal.DatasourceConnectionProviderImpl.getConnection(DatasourceConnectionProviderImpl.java:122)
	at org.hibernate.internal.NonContextualJdbcConnectionAccess.obtainConnection(NonContextualJdbcConnectionAccess.java:46)
	at org.hibernate.resource.jdbc.internal.LogicalConnectionManagedImpl.acquireConnectionIfNeeded(LogicalConnectionManagedImpl.java:113)
	... 69 common frames omitted
Caused by: java.sql.SQLRecoverableException: Erreur d'E/S: The Network Adapter could not establish the connection (CONNECTION_ID=ROsCJ6d7Raabumyo88VsWQ==)
	at oracle.jdbc.driver.T4CConnection.handleLogonNetException(T4CConnection.java:892)
	at oracle.jdbc.driver.T4CConnection.logon(T4CConnection.java:697)
	at oracle.jdbc.driver.PhysicalConnection.connect(PhysicalConnection.java:1047)
	at oracle.jdbc.driver.T4CDriverExtension.getConnection(T4CDriverExtension.java:89)
	at oracle.jdbc.driver.OracleDriver.connect(OracleDriver.java:732)
	at oracle.jdbc.driver.OracleDriver.connect(OracleDriver.java:648)
	at com.zaxxer.hikari.util.DriverDataSource.getConnection(DriverDataSource.java:138)
	at com.zaxxer.hikari.pool.PoolBase.newConnection(PoolBase.java:359)
	at com.zaxxer.hikari.pool.PoolBase.newPoolEntry(PoolBase.java:201)
	at com.zaxxer.hikari.pool.HikariPool.createPoolEntry(HikariPool.java:470)
	at com.zaxxer.hikari.pool.HikariPool$PoolEntryCreator.call(HikariPool.java:733)
	at com.zaxxer.hikari.pool.HikariPool$PoolEntryCreator.call(HikariPool.java:712)
	at java.base/java.util.concurrent.FutureTask.run(FutureTask.java:264)
	... 3 common frames omitted
Caused by: oracle.net.ns.NetException: The Network Adapter could not establish the connection (CONNECTION_ID=ROsCJ6d7Raabumyo88VsWQ==)
	at oracle.net.nt.ConnStrategy.execute(ConnStrategy.java:715)
	at oracle.net.resolver.AddrResolution.resolveAndExecute(AddrResolution.java:584)
	at oracle.net.ns.NSProtocol.establishConnection(NSProtocol.java:964)
	at oracle.net.ns.NSProtocol.connect(NSProtocol.java:350)
	at oracle.jdbc.driver.T4CConnection.connect(T4CConnection.java:2441)
	at oracle.jdbc.driver.T4CConnection.logon(T4CConnection.java:656)
	... 14 common frames omitted
Caused by: java.io.IOException: Connection timed out: connect, socket connect lapse 21055 ms. 37.187.250.163 1521  30000 (1/1) true
	at oracle.net.nt.TcpNTAdapter.establishSocket(TcpNTAdapter.java:425)
	at oracle.net.nt.TcpNTAdapter.doLocalDNSLookupConnect(TcpNTAdapter.java:307)
	at oracle.net.nt.TcpNTAdapter.connect(TcpNTAdapter.java:269)
	at oracle.net.nt.ConnOption.connect(ConnOption.java:230)
	at oracle.net.nt.ConnStrategy.executeConnOption(ConnStrategy.java:1014)
	at oracle.net.nt.ConnStrategy.execute(ConnStrategy.java:673)
	... 19 common frames omitted
Caused by: java.net.ConnectException: Connection timed out: connect
	at java.base/sun.nio.ch.Net.connect0(Native Method)
	at java.base/sun.nio.ch.Net.connect(Net.java:579)
	at java.base/sun.nio.ch.Net.connect(Net.java:586)
	at java.base/sun.nio.ch.SocketChannelImpl.connect(SocketChannelImpl.java:853)
	at java.base/java.nio.channels.SocketChannel.open(SocketChannel.java:285)
	at oracle.net.nt.TimeoutSocketChannel.connect(TimeoutSocketChannel.java:183)
	at oracle.net.nt.TimeoutSocketChannel.<init>(TimeoutSocketChannel.java:157)
	at oracle.net.nt.TcpNTAdapter.establishSocket(TcpNTAdapter.java:384)
	... 24 common frames omitted
2026-04-27 22:29:30.027 [scheduling-1] INFO  c.e.s.Scheduler.SignatureScheduler - Début traitement automatique des signatures...
2026-04-27 22:30:00.034 [scheduling-1] WARN  o.h.e.jdbc.spi.SqlExceptionHelper - SQL Error: 0, SQLState: 08006
2026-04-27 22:30:00.035 [scheduling-1] ERROR o.h.e.jdbc.spi.SqlExceptionHelper - HikariPool-1 - Connection is not available, request timed out after 30006ms.
2026-04-27 22:30:00.035 [scheduling-1] WARN  o.h.e.jdbc.spi.SqlExceptionHelper - SQL Error: 17002, SQLState: 08006
2026-04-27 22:30:00.035 [scheduling-1] ERROR o.h.e.jdbc.spi.SqlExceptionHelper - Erreur d'E/S: The Network Adapter could not establish the connection (CONNECTION_ID=3i5PGKzIRZqBwwNrae7JwQ==)
2026-04-27 22:30:00.035 [scheduling-1] ERROR c.e.s.Scheduler.SignatureScheduler - Erreur dans le scheduler signature
org.springframework.transaction.CannotCreateTransactionException: Could not open JPA EntityManager for transaction
	at org.springframework.orm.jpa.JpaTransactionManager.doBegin(JpaTransactionManager.java:466)
	at org.springframework.transaction.support.AbstractPlatformTransactionManager.startTransaction(AbstractPlatformTransactionManager.java:531)
	at org.springframework.transaction.support.AbstractPlatformTransactionManager.getTransaction(AbstractPlatformTransactionManager.java:405)
	at org.springframework.transaction.interceptor.TransactionAspectSupport.createTransactionIfNecessary(TransactionAspectSupport.java:617)
	at org.springframework.transaction.interceptor.TransactionAspectSupport.invokeWithinTransaction(TransactionAspectSupport.java:386)
	at org.springframework.transaction.interceptor.TransactionInterceptor.invoke(TransactionInterceptor.java:119)
	at org.springframework.aop.framework.ReflectiveMethodInvocation.proceed(ReflectiveMethodInvocation.java:184)
	at org.springframework.aop.framework.CglibAopProxy$CglibMethodInvocation.proceed(CglibAopProxy.java:768)
	at org.springframework.aop.framework.CglibAopProxy$DynamicAdvisedInterceptor.intercept(CglibAopProxy.java:720)
	at com.example.signature.service.ImailSignatureService$$SpringCGLIB$$0.comparePendingSignatures(<generated>)
	at com.example.signature.Scheduler.SignatureScheduler.runSignatureCheck(SignatureScheduler.java:32)
	at jdk.internal.reflect.GeneratedMethodAccessor29.invoke(Unknown Source)
	at java.base/jdk.internal.reflect.DelegatingMethodAccessorImpl.invoke(DelegatingMethodAccessorImpl.java:43)
	at java.base/java.lang.reflect.Method.invoke(Method.java:568)
	at org.springframework.scheduling.support.ScheduledMethodRunnable.runInternal(ScheduledMethodRunnable.java:130)
	at org.springframework.scheduling.support.ScheduledMethodRunnable.lambda$run$2(ScheduledMethodRunnable.java:124)
	at io.micrometer.observation.Observation.observe(Observation.java:499)
	at org.springframework.scheduling.support.ScheduledMethodRunnable.run(ScheduledMethodRunnable.java:124)
	at org.springframework.scheduling.support.DelegatingErrorHandlingRunnable.run(DelegatingErrorHandlingRunnable.java:54)
	at org.springframework.scheduling.concurrent.ReschedulingRunnable.run(ReschedulingRunnable.java:96)
	at java.base/java.util.concurrent.Executors$RunnableAdapter.call(Executors.java:539)
	at java.base/java.util.concurrent.FutureTask.run(FutureTask.java:264)
	at java.base/java.util.concurrent.ScheduledThreadPoolExecutor$ScheduledFutureTask.run(ScheduledThreadPoolExecutor.java:304)
	at java.base/java.util.concurrent.ThreadPoolExecutor.runWorker(ThreadPoolExecutor.java:1136)
	at java.base/java.util.concurrent.ThreadPoolExecutor$Worker.run(ThreadPoolExecutor.java:635)
	at java.base/java.lang.Thread.run(Thread.java:842)
Caused by: org.hibernate.exception.JDBCConnectionException: Unable to acquire JDBC Connection [HikariPool-1 - Connection is not available, request timed out after 30006ms.] [n/a]
	at org.hibernate.exception.internal.SQLExceptionTypeDelegate.convert(SQLExceptionTypeDelegate.java:51)
	at org.hibernate.exception.internal.StandardSQLExceptionConverter.convert(StandardSQLExceptionConverter.java:58)
	at org.hibernate.engine.jdbc.spi.SqlExceptionHelper.convert(SqlExceptionHelper.java:108)
	at org.hibernate.engine.jdbc.spi.SqlExceptionHelper.convert(SqlExceptionHelper.java:94)
	at org.hibernate.resource.jdbc.internal.LogicalConnectionManagedImpl.acquireConnectionIfNeeded(LogicalConnectionManagedImpl.java:116)
	at org.hibernate.resource.jdbc.internal.LogicalConnectionManagedImpl.getPhysicalConnection(LogicalConnectionManagedImpl.java:143)
	at org.hibernate.resource.jdbc.internal.LogicalConnectionManagedImpl.getConnectionForTransactionManagement(LogicalConnectionManagedImpl.java:273)
	at org.hibernate.resource.jdbc.internal.LogicalConnectionManagedImpl.begin(LogicalConnectionManagedImpl.java:281)
	at org.hibernate.resource.transaction.backend.jdbc.internal.JdbcResourceLocalTransactionCoordinatorImpl$TransactionDriverControlImpl.begin(JdbcResourceLocalTransactionCoordinatorImpl.java:232)
	at org.hibernate.engine.transaction.internal.TransactionImpl.begin(TransactionImpl.java:83)
	at org.springframework.orm.jpa.vendor.HibernateJpaDialect.beginTransaction(HibernateJpaDialect.java:176)
	at org.springframework.orm.jpa.JpaTransactionManager.doBegin(JpaTransactionManager.java:420)
	... 25 common frames omitted
Caused by: java.sql.SQLTransientConnectionException: HikariPool-1 - Connection is not available, request timed out after 30006ms.
	at com.zaxxer.hikari.pool.HikariPool.createTimeoutException(HikariPool.java:696)
	at com.zaxxer.hikari.pool.HikariPool.getConnection(HikariPool.java:181)
	at com.zaxxer.hikari.pool.HikariPool.getConnection(HikariPool.java:146)
	at com.zaxxer.hikari.HikariDataSource.getConnection(HikariDataSource.java:128)
	at org.hibernate.engine.jdbc.connections.internal.DatasourceConnectionProviderImpl.getConnection(DatasourceConnectionProviderImpl.java:122)
	at org.hibernate.internal.NonContextualJdbcConnectionAccess.obtainConnection(NonContextualJdbcConnectionAccess.java:46)
	at org.hibernate.resource.jdbc.internal.LogicalConnectionManagedImpl.acquireConnectionIfNeeded(LogicalConnectionManagedImpl.java:113)
	... 32 common frames omitted
Caused by: java.sql.SQLRecoverableException: Erreur d'E/S: The Network Adapter could not establish the connection (CONNECTION_ID=3i5PGKzIRZqBwwNrae7JwQ==)
	at oracle.jdbc.driver.T4CConnection.handleLogonNetException(T4CConnection.java:892)
	at oracle.jdbc.driver.T4CConnection.logon(T4CConnection.java:697)
	at oracle.jdbc.driver.PhysicalConnection.connect(PhysicalConnection.java:1047)
	at oracle.jdbc.driver.T4CDriverExtension.getConnection(T4CDriverExtension.java:89)
	at oracle.jdbc.driver.OracleDriver.connect(OracleDriver.java:732)
	at oracle.jdbc.driver.OracleDriver.connect(OracleDriver.java:648)
	at com.zaxxer.hikari.util.DriverDataSource.getConnection(DriverDataSource.java:138)
	at com.zaxxer.hikari.pool.PoolBase.newConnection(PoolBase.java:359)
	at com.zaxxer.hikari.pool.PoolBase.newPoolEntry(PoolBase.java:201)
	at com.zaxxer.hikari.pool.HikariPool.createPoolEntry(HikariPool.java:470)
	at com.zaxxer.hikari.pool.HikariPool$PoolEntryCreator.call(HikariPool.java:733)
	at com.zaxxer.hikari.pool.HikariPool$PoolEntryCreator.call(HikariPool.java:712)
	at java.base/java.util.concurrent.FutureTask.run(FutureTask.java:264)
	... 3 common frames omitted
Caused by: oracle.net.ns.NetException: The Network Adapter could not establish the connection (CONNECTION_ID=3i5PGKzIRZqBwwNrae7JwQ==)
	at oracle.net.nt.ConnStrategy.execute(ConnStrategy.java:715)
	at oracle.net.resolver.AddrResolution.resolveAndExecute(AddrResolution.java:584)
	at oracle.net.ns.NSProtocol.establishConnection(NSProtocol.java:964)
	at oracle.net.ns.NSProtocol.connect(NSProtocol.java:350)
	at oracle.jdbc.driver.T4CConnection.connect(T4CConnection.java:2441)
	at oracle.jdbc.driver.T4CConnection.logon(T4CConnection.java:656)
	... 14 common frames omitted
Caused by: java.io.IOException: Connection timed out: connect, socket connect lapse 21047 ms. 37.187.250.163 1521  30000 (1/1) true
	at oracle.net.nt.TcpNTAdapter.establishSocket(TcpNTAdapter.java:425)
	at oracle.net.nt.TcpNTAdapter.doLocalDNSLookupConnect(TcpNTAdapter.java:307)
	at oracle.net.nt.TcpNTAdapter.connect(TcpNTAdapter.java:269)
	at oracle.net.nt.ConnOption.connect(ConnOption.java:230)
	at oracle.net.nt.ConnStrategy.executeConnOption(ConnStrategy.java:1014)
	at oracle.net.nt.ConnStrategy.execute(ConnStrategy.java:673)
	... 19 common frames omitted
Caused by: java.net.ConnectException: Connection timed out: connect
	at java.base/sun.nio.ch.Net.connect0(Native Method)
	at java.base/sun.nio.ch.Net.connect(Net.java:579)
	at java.base/sun.nio.ch.Net.connect(Net.java:586)
	at java.base/sun.nio.ch.SocketChannelImpl.connect(SocketChannelImpl.java:853)
	at java.base/java.nio.channels.SocketChannel.open(SocketChannel.java:285)
	at oracle.net.nt.TimeoutSocketChannel.connect(TimeoutSocketChannel.java:183)
	at oracle.net.nt.TimeoutSocketChannel.<init>(TimeoutSocketChannel.java:157)
	at oracle.net.nt.TcpNTAdapter.establishSocket(TcpNTAdapter.java:384)
	... 24 common frames omitted
2026-04-27 22:30:00.043 [scheduling-1] INFO  c.e.s.Scheduler.SignatureScheduler - === Début traitement automatique reception ===
2026-04-27 22:30:30.050 [scheduling-1] WARN  o.h.e.jdbc.spi.SqlExceptionHelper - SQL Error: 0, SQLState: 08006
2026-04-27 22:30:30.051 [scheduling-1] ERROR o.h.e.jdbc.spi.SqlExceptionHelper - HikariPool-1 - Connection is not available, request timed out after 30005ms.
2026-04-27 22:30:30.052 [scheduling-1] WARN  o.h.e.jdbc.spi.SqlExceptionHelper - SQL Error: 17002, SQLState: 08006
2026-04-27 22:30:30.052 [scheduling-1] ERROR o.h.e.jdbc.spi.SqlExceptionHelper - Erreur d'E/S: The Network Adapter could not establish the connection (CONNECTION_ID=cZuCQDc9SuyRy0PMcbETmg==)
2026-04-27 22:30:30.053 [scheduling-1] ERROR c.e.s.Scheduler.SignatureScheduler - Erreur dans le scheduler reception
org.springframework.dao.DataAccessResourceFailureException: Unable to acquire JDBC Connection [HikariPool-1 - Connection is not available, request timed out after 30005ms.] [n/a]
	at org.springframework.orm.jpa.vendor.HibernateJpaDialect.convertHibernateAccessException(HibernateJpaDialect.java:274)
	at org.springframework.orm.jpa.vendor.HibernateJpaDialect.translateExceptionIfPossible(HibernateJpaDialect.java:241)
	at org.springframework.orm.jpa.AbstractEntityManagerFactoryBean.translateExceptionIfPossible(AbstractEntityManagerFactoryBean.java:550)
	at org.springframework.dao.support.ChainedPersistenceExceptionTranslator.translateExceptionIfPossible(ChainedPersistenceExceptionTranslator.java:61)
	at org.springframework.dao.support.DataAccessUtils.translateIfNecessary(DataAccessUtils.java:335)
	at org.springframework.dao.support.PersistenceExceptionTranslationInterceptor.invoke(PersistenceExceptionTranslationInterceptor.java:152)
	at org.springframework.aop.framework.ReflectiveMethodInvocation.proceed(ReflectiveMethodInvocation.java:184)
	at org.springframework.data.jpa.repository.support.CrudMethodMetadataPostProcessor$CrudMethodMetadataPopulatingMethodInterceptor.invoke(CrudMethodMetadataPostProcessor.java:135)
	at org.springframework.aop.framework.ReflectiveMethodInvocation.proceed(ReflectiveMethodInvocation.java:184)
	at org.springframework.aop.interceptor.ExposeInvocationInterceptor.invoke(ExposeInvocationInterceptor.java:97)
	at org.springframework.aop.framework.ReflectiveMethodInvocation.proceed(ReflectiveMethodInvocation.java:184)
	at org.springframework.aop.framework.JdkDynamicAopProxy.invoke(JdkDynamicAopProxy.java:223)
	at jdk.proxy2/jdk.proxy2.$Proxy134.findPathScanAs(Unknown Source)
	at com.example.signature.service.ReceptionProcessingService.processReceptionFolders(ReceptionProcessingService.java:46)
	at com.example.signature.Scheduler.SignatureScheduler.processReceptionAuto(SignatureScheduler.java:43)
	at jdk.internal.reflect.GeneratedMethodAccessor27.invoke(Unknown Source)
	at java.base/jdk.internal.reflect.DelegatingMethodAccessorImpl.invoke(DelegatingMethodAccessorImpl.java:43)
	at java.base/java.lang.reflect.Method.invoke(Method.java:568)
	at org.springframework.scheduling.support.ScheduledMethodRunnable.runInternal(ScheduledMethodRunnable.java:130)
	at org.springframework.scheduling.support.ScheduledMethodRunnable.lambda$run$2(ScheduledMethodRunnable.java:124)
	at io.micrometer.observation.Observation.observe(Observation.java:499)
	at org.springframework.scheduling.support.ScheduledMethodRunnable.run(ScheduledMethodRunnable.java:124)
	at org.springframework.scheduling.support.DelegatingErrorHandlingRunnable.run(DelegatingErrorHandlingRunnable.java:54)
	at org.springframework.scheduling.concurrent.ReschedulingRunnable.run(ReschedulingRunnable.java:96)
	at java.base/java.util.concurrent.Executors$RunnableAdapter.call(Executors.java:539)
	at java.base/java.util.concurrent.FutureTask.run(FutureTask.java:264)
	at java.base/java.util.concurrent.ScheduledThreadPoolExecutor$ScheduledFutureTask.run(ScheduledThreadPoolExecutor.java:304)
	at java.base/java.util.concurrent.ThreadPoolExecutor.runWorker(ThreadPoolExecutor.java:1136)
	at java.base/java.util.concurrent.ThreadPoolExecutor$Worker.run(ThreadPoolExecutor.java:635)
	at java.base/java.lang.Thread.run(Thread.java:842)
Caused by: org.hibernate.exception.JDBCConnectionException: Unable to acquire JDBC Connection [HikariPool-1 - Connection is not available, request timed out after 30005ms.] [n/a]
	at org.hibernate.exception.internal.SQLExceptionTypeDelegate.convert(SQLExceptionTypeDelegate.java:51)
	at org.hibernate.exception.internal.StandardSQLExceptionConverter.convert(StandardSQLExceptionConverter.java:58)
	at org.hibernate.engine.jdbc.spi.SqlExceptionHelper.convert(SqlExceptionHelper.java:108)
	at org.hibernate.engine.jdbc.spi.SqlExceptionHelper.convert(SqlExceptionHelper.java:94)
	at org.hibernate.resource.jdbc.internal.LogicalConnectionManagedImpl.acquireConnectionIfNeeded(LogicalConnectionManagedImpl.java:116)
	at org.hibernate.resource.jdbc.internal.LogicalConnectionManagedImpl.getPhysicalConnection(LogicalConnectionManagedImpl.java:143)
	at org.hibernate.engine.jdbc.internal.StatementPreparerImpl.connection(StatementPreparerImpl.java:54)
	at org.hibernate.engine.jdbc.internal.StatementPreparerImpl$5.doPrepare(StatementPreparerImpl.java:153)
	at org.hibernate.engine.jdbc.internal.StatementPreparerImpl$StatementPreparationTemplate.prepareStatement(StatementPreparerImpl.java:183)
	at org.hibernate.engine.jdbc.internal.StatementPreparerImpl.prepareQueryStatement(StatementPreparerImpl.java:155)
	at org.hibernate.sql.exec.spi.JdbcSelectExecutor.lambda$list$0(JdbcSelectExecutor.java:85)
	at org.hibernate.sql.results.jdbc.internal.DeferredResultSetAccess.executeQuery(DeferredResultSetAccess.java:231)
	at org.hibernate.sql.results.jdbc.internal.DeferredResultSetAccess.getResultSet(DeferredResultSetAccess.java:167)
	at org.hibernate.sql.results.jdbc.internal.JdbcValuesResultSetImpl.advanceNext(JdbcValuesResultSetImpl.java:218)
	at org.hibernate.sql.results.jdbc.internal.JdbcValuesResultSetImpl.processNext(JdbcValuesResultSetImpl.java:98)
	at org.hibernate.sql.results.jdbc.internal.AbstractJdbcValues.next(AbstractJdbcValues.java:19)
	at org.hibernate.sql.results.internal.RowProcessingStateStandardImpl.next(RowProcessingStateStandardImpl.java:66)
	at org.hibernate.sql.results.spi.ListResultsConsumer.consume(ListResultsConsumer.java:202)
	at org.hibernate.sql.results.spi.ListResultsConsumer.consume(ListResultsConsumer.java:33)
	at org.hibernate.sql.exec.internal.JdbcSelectExecutorStandardImpl.doExecuteQuery(JdbcSelectExecutorStandardImpl.java:209)
	at org.hibernate.sql.exec.internal.JdbcSelectExecutorStandardImpl.executeQuery(JdbcSelectExecutorStandardImpl.java:83)
	at org.hibernate.sql.exec.spi.JdbcSelectExecutor.list(JdbcSelectExecutor.java:76)
	at org.hibernate.sql.exec.spi.JdbcSelectExecutor.list(JdbcSelectExecutor.java:65)
	at org.hibernate.query.sqm.internal.ConcreteSqmSelectQueryPlan.lambda$new$2(ConcreteSqmSelectQueryPlan.java:137)
	at org.hibernate.query.sqm.internal.ConcreteSqmSelectQueryPlan.withCacheableSqmInterpretation(ConcreteSqmSelectQueryPlan.java:362)
	at org.hibernate.query.sqm.internal.ConcreteSqmSelectQueryPlan.performList(ConcreteSqmSelectQueryPlan.java:303)
	at org.hibernate.query.sqm.internal.QuerySqmImpl.doList(QuerySqmImpl.java:509)
	at org.hibernate.query.spi.AbstractSelectionQuery.list(AbstractSelectionQuery.java:427)
	at org.hibernate.query.spi.AbstractSelectionQuery.getSingleResult(AbstractSelectionQuery.java:564)
	at jdk.internal.reflect.GeneratedMethodAccessor28.invoke(Unknown Source)
	at java.base/jdk.internal.reflect.DelegatingMethodAccessorImpl.invoke(DelegatingMethodAccessorImpl.java:43)
	at java.base/java.lang.reflect.Method.invoke(Method.java:568)
	at org.springframework.orm.jpa.SharedEntityManagerCreator$DeferredQueryInvocationHandler.invoke(SharedEntityManagerCreator.java:415)
	at jdk.proxy2/jdk.proxy2.$Proxy141.getSingleResult(Unknown Source)
	at org.springframework.data.jpa.repository.query.JpaQueryExecution$SingleEntityExecution.doExecute(JpaQueryExecution.java:223)
	at org.springframework.data.jpa.repository.query.JpaQueryExecution.execute(JpaQueryExecution.java:92)
	at org.springframework.data.jpa.repository.query.AbstractJpaQuery.doExecute(AbstractJpaQuery.java:149)
	at org.springframework.data.jpa.repository.query.AbstractJpaQuery.execute(AbstractJpaQuery.java:137)
	at org.springframework.data.repository.core.support.RepositoryMethodInvoker.doInvoke(RepositoryMethodInvoker.java:170)
	at org.springframework.data.repository.core.support.RepositoryMethodInvoker.invoke(RepositoryMethodInvoker.java:158)
	at org.springframework.data.repository.core.support.QueryExecutorMethodInterceptor.doInvoke(QueryExecutorMethodInterceptor.java:164)
	at org.springframework.data.repository.core.support.QueryExecutorMethodInterceptor.invoke(QueryExecutorMethodInterceptor.java:143)
	at org.springframework.aop.framework.ReflectiveMethodInvocation.proceed(ReflectiveMethodInvocation.java:184)
	at org.springframework.data.projection.DefaultMethodInvokingMethodInterceptor.invoke(DefaultMethodInvokingMethodInterceptor.java:70)
	at org.springframework.aop.framework.ReflectiveMethodInvocation.proceed(ReflectiveMethodInvocation.java:184)
	at org.springframework.transaction.interceptor.TransactionInterceptor$1.proceedWithInvocation(TransactionInterceptor.java:123)
	at org.springframework.transaction.interceptor.TransactionAspectSupport.invokeWithinTransaction(TransactionAspectSupport.java:392)
	at org.springframework.transaction.interceptor.TransactionInterceptor.invoke(TransactionInterceptor.java:119)
	at org.springframework.aop.framework.ReflectiveMethodInvocation.proceed(ReflectiveMethodInvocation.java:184)
	at org.springframework.dao.support.PersistenceExceptionTranslationInterceptor.invoke(PersistenceExceptionTranslationInterceptor.java:137)
	... 24 common frames omitted
Caused by: java.sql.SQLTransientConnectionException: HikariPool-1 - Connection is not available, request timed out after 30005ms.
	at com.zaxxer.hikari.pool.HikariPool.createTimeoutException(HikariPool.java:696)
	at com.zaxxer.hikari.pool.HikariPool.getConnection(HikariPool.java:181)
	at com.zaxxer.hikari.pool.HikariPool.getConnection(HikariPool.java:146)
	at com.zaxxer.hikari.HikariDataSource.getConnection(HikariDataSource.java:128)
	at org.hibernate.engine.jdbc.connections.internal.DatasourceConnectionProviderImpl.getConnection(DatasourceConnectionProviderImpl.java:122)
	at org.hibernate.internal.NonContextualJdbcConnectionAccess.obtainConnection(NonContextualJdbcConnectionAccess.java:46)
	at org.hibernate.resource.jdbc.internal.LogicalConnectionManagedImpl.acquireConnectionIfNeeded(LogicalConnectionManagedImpl.java:113)
	... 69 common frames omitted
Caused by: java.sql.SQLRecoverableException: Erreur d'E/S: The Network Adapter could not establish the connection (CONNECTION_ID=cZuCQDc9SuyRy0PMcbETmg==)
	at oracle.jdbc.driver.T4CConnection.handleLogonNetException(T4CConnection.java:892)
	at oracle.jdbc.driver.T4CConnection.logon(T4CConnection.java:697)
	at oracle.jdbc.driver.PhysicalConnection.connect(PhysicalConnection.java:1047)
	at oracle.jdbc.driver.T4CDriverExtension.getConnection(T4CDriverExtension.java:89)
	at oracle.jdbc.driver.OracleDriver.connect(OracleDriver.java:732)
	at oracle.jdbc.driver.OracleDriver.connect(OracleDriver.java:648)
	at com.zaxxer.hikari.util.DriverDataSource.getConnection(DriverDataSource.java:138)
	at com.zaxxer.hikari.pool.PoolBase.newConnection(PoolBase.java:359)
	at com.zaxxer.hikari.pool.PoolBase.newPoolEntry(PoolBase.java:201)
	at com.zaxxer.hikari.pool.HikariPool.createPoolEntry(HikariPool.java:470)
	at com.zaxxer.hikari.pool.HikariPool$PoolEntryCreator.call(HikariPool.java:733)
	at com.zaxxer.hikari.pool.HikariPool$PoolEntryCreator.call(HikariPool.java:712)
	at java.base/java.util.concurrent.FutureTask.run(FutureTask.java:264)
	... 3 common frames omitted
Caused by: oracle.net.ns.NetException: The Network Adapter could not establish the connection (CONNECTION_ID=cZuCQDc9SuyRy0PMcbETmg==)
	at oracle.net.nt.ConnStrategy.execute(ConnStrategy.java:715)
	at oracle.net.resolver.AddrResolution.resolveAndExecute(AddrResolution.java:584)
	at oracle.net.ns.NSProtocol.establishConnection(NSProtocol.java:964)
	at oracle.net.ns.NSProtocol.connect(NSProtocol.java:350)
	at oracle.jdbc.driver.T4CConnection.connect(T4CConnection.java:2441)
	at oracle.jdbc.driver.T4CConnection.logon(T4CConnection.java:656)
	... 14 common frames omitted
Caused by: java.io.IOException: Connection timed out: connect, socket connect lapse 21024 ms. 37.187.250.163 1521  30000 (1/1) true
	at oracle.net.nt.TcpNTAdapter.establishSocket(TcpNTAdapter.java:425)
	at oracle.net.nt.TcpNTAdapter.doLocalDNSLookupConnect(TcpNTAdapter.java:307)
	at oracle.net.nt.TcpNTAdapter.connect(TcpNTAdapter.java:269)
	at oracle.net.nt.ConnOption.connect(ConnOption.java:230)
	at oracle.net.nt.ConnStrategy.executeConnOption(ConnStrategy.java:1014)
	at oracle.net.nt.ConnStrategy.execute(ConnStrategy.java:673)
	... 19 common frames omitted
Caused by: java.net.ConnectException: Connection timed out: connect
	at java.base/sun.nio.ch.Net.connect0(Native Method)
	at java.base/sun.nio.ch.Net.connect(Net.java:579)
	at java.base/sun.nio.ch.Net.connect(Net.java:586)
	at java.base/sun.nio.ch.SocketChannelImpl.connect(SocketChannelImpl.java:853)
	at java.base/java.nio.channels.SocketChannel.open(SocketChannel.java:285)
	at oracle.net.nt.TimeoutSocketChannel.connect(TimeoutSocketChannel.java:183)
	at oracle.net.nt.TimeoutSocketChannel.<init>(TimeoutSocketChannel.java:157)
	at oracle.net.nt.TcpNTAdapter.establishSocket(TcpNTAdapter.java:384)
	... 24 common frames omitted
2026-04-27 22:31:00.004 [scheduling-1] INFO  c.e.s.Scheduler.SignatureScheduler - Début traitement automatique des signatures...
2026-04-27 22:31:30.018 [scheduling-1] WARN  o.h.e.jdbc.spi.SqlExceptionHelper - SQL Error: 0, SQLState: 08006
2026-04-27 22:31:30.019 [scheduling-1] ERROR o.h.e.jdbc.spi.SqlExceptionHelper - HikariPool-1 - Connection is not available, request timed out after 30013ms.
2026-04-27 22:31:30.019 [scheduling-1] WARN  o.h.e.jdbc.spi.SqlExceptionHelper - SQL Error: 17002, SQLState: 08006
2026-04-27 22:31:30.019 [scheduling-1] ERROR o.h.e.jdbc.spi.SqlExceptionHelper - Erreur d'E/S: The Network Adapter could not establish the connection (CONNECTION_ID=iS9FABpXT2WijjeGwg3duA==)
2026-04-27 22:31:30.020 [scheduling-1] ERROR c.e.s.Scheduler.SignatureScheduler - Erreur dans le scheduler signature
org.springframework.transaction.CannotCreateTransactionException: Could not open JPA EntityManager for transaction
	at org.springframework.orm.jpa.JpaTransactionManager.doBegin(JpaTransactionManager.java:466)
	at org.springframework.transaction.support.AbstractPlatformTransactionManager.startTransaction(AbstractPlatformTransactionManager.java:531)
	at org.springframework.transaction.support.AbstractPlatformTransactionManager.getTransaction(AbstractPlatformTransactionManager.java:405)
	at org.springframework.transaction.interceptor.TransactionAspectSupport.createTransactionIfNecessary(TransactionAspectSupport.java:617)
	at org.springframework.transaction.interceptor.TransactionAspectSupport.invokeWithinTransaction(TransactionAspectSupport.java:386)
	at org.springframework.transaction.interceptor.TransactionInterceptor.invoke(TransactionInterceptor.java:119)
	at org.springframework.aop.framework.ReflectiveMethodInvocation.proceed(ReflectiveMethodInvocation.java:184)
	at org.springframework.aop.framework.CglibAopProxy$CglibMethodInvocation.proceed(CglibAopProxy.java:768)
	at org.springframework.aop.framework.CglibAopProxy$DynamicAdvisedInterceptor.intercept(CglibAopProxy.java:720)
	at com.example.signature.service.ImailSignatureService$$SpringCGLIB$$0.comparePendingSignatures(<generated>)
	at com.example.signature.Scheduler.SignatureScheduler.runSignatureCheck(SignatureScheduler.java:32)
	at jdk.internal.reflect.GeneratedMethodAccessor29.invoke(Unknown Source)
	at java.base/jdk.internal.reflect.DelegatingMethodAccessorImpl.invoke(DelegatingMethodAccessorImpl.java:43)
	at java.base/java.lang.reflect.Method.invoke(Method.java:568)
	at org.springframework.scheduling.support.ScheduledMethodRunnable.runInternal(ScheduledMethodRunnable.java:130)
	at org.springframework.scheduling.support.ScheduledMethodRunnable.lambda$run$2(ScheduledMethodRunnable.java:124)
	at io.micrometer.observation.Observation.observe(Observation.java:499)
	at org.springframework.scheduling.support.ScheduledMethodRunnable.run(ScheduledMethodRunnable.java:124)
	at org.springframework.scheduling.support.DelegatingErrorHandlingRunnable.run(DelegatingErrorHandlingRunnable.java:54)
	at org.springframework.scheduling.concurrent.ReschedulingRunnable.run(ReschedulingRunnable.java:96)
	at java.base/java.util.concurrent.Executors$RunnableAdapter.call(Executors.java:539)
	at java.base/java.util.concurrent.FutureTask.run(FutureTask.java:264)
	at java.base/java.util.concurrent.ScheduledThreadPoolExecutor$ScheduledFutureTask.run(ScheduledThreadPoolExecutor.java:304)
	at java.base/java.util.concurrent.ThreadPoolExecutor.runWorker(ThreadPoolExecutor.java:1136)
	at java.base/java.util.concurrent.ThreadPoolExecutor$Worker.run(ThreadPoolExecutor.java:635)
	at java.base/java.lang.Thread.run(Thread.java:842)
Caused by: org.hibernate.exception.JDBCConnectionException: Unable to acquire JDBC Connection [HikariPool-1 - Connection is not available, request timed out after 30013ms.] [n/a]
	at org.hibernate.exception.internal.SQLExceptionTypeDelegate.convert(SQLExceptionTypeDelegate.java:51)
	at org.hibernate.exception.internal.StandardSQLExceptionConverter.convert(StandardSQLExceptionConverter.java:58)
	at org.hibernate.engine.jdbc.spi.SqlExceptionHelper.convert(SqlExceptionHelper.java:108)
	at org.hibernate.engine.jdbc.spi.SqlExceptionHelper.convert(SqlExceptionHelper.java:94)
	at org.hibernate.resource.jdbc.internal.LogicalConnectionManagedImpl.acquireConnectionIfNeeded(LogicalConnectionManagedImpl.java:116)
	at org.hibernate.resource.jdbc.internal.LogicalConnectionManagedImpl.getPhysicalConnection(LogicalConnectionManagedImpl.java:143)
	at org.hibernate.resource.jdbc.internal.LogicalConnectionManagedImpl.getConnectionForTransactionManagement(LogicalConnectionManagedImpl.java:273)
	at org.hibernate.resource.jdbc.internal.LogicalConnectionManagedImpl.begin(LogicalConnectionManagedImpl.java:281)
	at org.hibernate.resource.transaction.backend.jdbc.internal.JdbcResourceLocalTransactionCoordinatorImpl$TransactionDriverControlImpl.begin(JdbcResourceLocalTransactionCoordinatorImpl.java:232)
	at org.hibernate.engine.transaction.internal.TransactionImpl.begin(TransactionImpl.java:83)
	at org.springframework.orm.jpa.vendor.HibernateJpaDialect.beginTransaction(HibernateJpaDialect.java:176)
	at org.springframework.orm.jpa.JpaTransactionManager.doBegin(JpaTransactionManager.java:420)
	... 25 common frames omitted
Caused by: java.sql.SQLTransientConnectionException: HikariPool-1 - Connection is not available, request timed out after 30013ms.
	at com.zaxxer.hikari.pool.HikariPool.createTimeoutException(HikariPool.java:696)
	at com.zaxxer.hikari.pool.HikariPool.getConnection(HikariPool.java:181)
	at com.zaxxer.hikari.pool.HikariPool.getConnection(HikariPool.java:146)
	at com.zaxxer.hikari.HikariDataSource.getConnection(HikariDataSource.java:128)
	at org.hibernate.engine.jdbc.connections.internal.DatasourceConnectionProviderImpl.getConnection(DatasourceConnectionProviderImpl.java:122)
	at org.hibernate.internal.NonContextualJdbcConnectionAccess.obtainConnection(NonContextualJdbcConnectionAccess.java:46)
	at org.hibernate.resource.jdbc.internal.LogicalConnectionManagedImpl.acquireConnectionIfNeeded(LogicalConnectionManagedImpl.java:113)
	... 32 common frames omitted
Caused by: java.sql.SQLRecoverableException: Erreur d'E/S: The Network Adapter could not establish the connection (CONNECTION_ID=iS9FABpXT2WijjeGwg3duA==)
	at oracle.jdbc.driver.T4CConnection.handleLogonNetException(T4CConnection.java:892)
	at oracle.jdbc.driver.T4CConnection.logon(T4CConnection.java:697)
	at oracle.jdbc.driver.PhysicalConnection.connect(PhysicalConnection.java:1047)
	at oracle.jdbc.driver.T4CDriverExtension.getConnection(T4CDriverExtension.java:89)
	at oracle.jdbc.driver.OracleDriver.connect(OracleDriver.java:732)
	at oracle.jdbc.driver.OracleDriver.connect(OracleDriver.java:648)
	at com.zaxxer.hikari.util.DriverDataSource.getConnection(DriverDataSource.java:138)
	at com.zaxxer.hikari.pool.PoolBase.newConnection(PoolBase.java:359)
	at com.zaxxer.hikari.pool.PoolBase.newPoolEntry(PoolBase.java:201)
	at com.zaxxer.hikari.pool.HikariPool.createPoolEntry(HikariPool.java:470)
	at com.zaxxer.hikari.pool.HikariPool$PoolEntryCreator.call(HikariPool.java:733)
	at com.zaxxer.hikari.pool.HikariPool$PoolEntryCreator.call(HikariPool.java:712)
	at java.base/java.util.concurrent.FutureTask.run(FutureTask.java:264)
	... 3 common frames omitted
Caused by: oracle.net.ns.NetException: The Network Adapter could not establish the connection (CONNECTION_ID=iS9FABpXT2WijjeGwg3duA==)
	at oracle.net.nt.ConnStrategy.execute(ConnStrategy.java:715)
	at oracle.net.resolver.AddrResolution.resolveAndExecute(AddrResolution.java:584)
	at oracle.net.ns.NSProtocol.establishConnection(NSProtocol.java:964)
	at oracle.net.ns.NSProtocol.connect(NSProtocol.java:350)
	at oracle.jdbc.driver.T4CConnection.connect(T4CConnection.java:2441)
	at oracle.jdbc.driver.T4CConnection.logon(T4CConnection.java:656)
	... 14 common frames omitted
Caused by: java.io.IOException: Connection timed out: connect, socket connect lapse 21037 ms. 37.187.250.163 1521  30000 (1/1) true
	at oracle.net.nt.TcpNTAdapter.establishSocket(TcpNTAdapter.java:425)
	at oracle.net.nt.TcpNTAdapter.doLocalDNSLookupConnect(TcpNTAdapter.java:307)
	at oracle.net.nt.TcpNTAdapter.connect(TcpNTAdapter.java:269)
	at oracle.net.nt.ConnOption.connect(ConnOption.java:230)
	at oracle.net.nt.ConnStrategy.executeConnOption(ConnStrategy.java:1014)
	at oracle.net.nt.ConnStrategy.execute(ConnStrategy.java:673)
	... 19 common frames omitted
Caused by: java.net.ConnectException: Connection timed out: connect
	at java.base/sun.nio.ch.Net.connect0(Native Method)
	at java.base/sun.nio.ch.Net.connect(Net.java:579)
	at java.base/sun.nio.ch.Net.connect(Net.java:586)
	at java.base/sun.nio.ch.SocketChannelImpl.connect(SocketChannelImpl.java:853)
	at java.base/java.nio.channels.SocketChannel.open(SocketChannel.java:285)
	at oracle.net.nt.TimeoutSocketChannel.connect(TimeoutSocketChannel.java:183)
	at oracle.net.nt.TimeoutSocketChannel.<init>(TimeoutSocketChannel.java:157)
	at oracle.net.nt.TcpNTAdapter.establishSocket(TcpNTAdapter.java:384)
	... 24 common frames omitted
2026-04-27 22:31:30.022 [scheduling-1] INFO  c.e.s.Scheduler.SignatureScheduler - === Début traitement automatique reception ===
2026-04-27 22:32:00.037 [scheduling-1] WARN  o.h.e.jdbc.spi.SqlExceptionHelper - SQL Error: 0, SQLState: 08006
2026-04-27 22:32:00.038 [scheduling-1] ERROR o.h.e.jdbc.spi.SqlExceptionHelper - HikariPool-1 - Connection is not available, request timed out after 30013ms.
2026-04-27 22:32:00.038 [scheduling-1] WARN  o.h.e.jdbc.spi.SqlExceptionHelper - SQL Error: 17002, SQLState: 08006
2026-04-27 22:32:00.038 [scheduling-1] ERROR o.h.e.jdbc.spi.SqlExceptionHelper - Erreur d'E/S: The Network Adapter could not establish the connection (CONNECTION_ID=cnkeiDiVQ/eWpgD8Ryd7Vw==)
2026-04-27 22:32:00.039 [scheduling-1] ERROR c.e.s.Scheduler.SignatureScheduler - Erreur dans le scheduler reception
org.springframework.dao.DataAccessResourceFailureException: Unable to acquire JDBC Connection [HikariPool-1 - Connection is not available, request timed out after 30013ms.] [n/a]
	at org.springframework.orm.jpa.vendor.HibernateJpaDialect.convertHibernateAccessException(HibernateJpaDialect.java:274)
	at org.springframework.orm.jpa.vendor.HibernateJpaDialect.translateExceptionIfPossible(HibernateJpaDialect.java:241)
	at org.springframework.orm.jpa.AbstractEntityManagerFactoryBean.translateExceptionIfPossible(AbstractEntityManagerFactoryBean.java:550)
	at org.springframework.dao.support.ChainedPersistenceExceptionTranslator.translateExceptionIfPossible(ChainedPersistenceExceptionTranslator.java:61)
	at org.springframework.dao.support.DataAccessUtils.translateIfNecessary(DataAccessUtils.java:335)
	at org.springframework.dao.support.PersistenceExceptionTranslationInterceptor.invoke(PersistenceExceptionTranslationInterceptor.java:152)
	at org.springframework.aop.framework.ReflectiveMethodInvocation.proceed(ReflectiveMethodInvocation.java:184)
	at org.springframework.data.jpa.repository.support.CrudMethodMetadataPostProcessor$CrudMethodMetadataPopulatingMethodInterceptor.invoke(CrudMethodMetadataPostProcessor.java:135)
	at org.springframework.aop.framework.ReflectiveMethodInvocation.proceed(ReflectiveMethodInvocation.java:184)
	at org.springframework.aop.interceptor.ExposeInvocationInterceptor.invoke(ExposeInvocationInterceptor.java:97)
	at org.springframework.aop.framework.ReflectiveMethodInvocation.proceed(ReflectiveMethodInvocation.java:184)
	at org.springframework.aop.framework.JdkDynamicAopProxy.invoke(JdkDynamicAopProxy.java:223)
	at jdk.proxy2/jdk.proxy2.$Proxy134.findPathScanAs(Unknown Source)
	at com.example.signature.service.ReceptionProcessingService.processReceptionFolders(ReceptionProcessingService.java:46)
	at com.example.signature.Scheduler.SignatureScheduler.processReceptionAuto(SignatureScheduler.java:43)
	at jdk.internal.reflect.GeneratedMethodAccessor27.invoke(Unknown Source)
	at java.base/jdk.internal.reflect.DelegatingMethodAccessorImpl.invoke(DelegatingMethodAccessorImpl.java:43)
	at java.base/java.lang.reflect.Method.invoke(Method.java:568)
	at org.springframework.scheduling.support.ScheduledMethodRunnable.runInternal(ScheduledMethodRunnable.java:130)
	at org.springframework.scheduling.support.ScheduledMethodRunnable.lambda$run$2(ScheduledMethodRunnable.java:124)
	at io.micrometer.observation.Observation.observe(Observation.java:499)
	at org.springframework.scheduling.support.ScheduledMethodRunnable.run(ScheduledMethodRunnable.java:124)
	at org.springframework.scheduling.support.DelegatingErrorHandlingRunnable.run(DelegatingErrorHandlingRunnable.java:54)
	at org.springframework.scheduling.concurrent.ReschedulingRunnable.run(ReschedulingRunnable.java:96)
	at java.base/java.util.concurrent.Executors$RunnableAdapter.call(Executors.java:539)
	at java.base/java.util.concurrent.FutureTask.run(FutureTask.java:264)
	at java.base/java.util.concurrent.ScheduledThreadPoolExecutor$ScheduledFutureTask.run(ScheduledThreadPoolExecutor.java:304)
	at java.base/java.util.concurrent.ThreadPoolExecutor.runWorker(ThreadPoolExecutor.java:1136)
	at java.base/java.util.concurrent.ThreadPoolExecutor$Worker.run(ThreadPoolExecutor.java:635)
	at java.base/java.lang.Thread.run(Thread.java:842)
Caused by: org.hibernate.exception.JDBCConnectionException: Unable to acquire JDBC Connection [HikariPool-1 - Connection is not available, request timed out after 30013ms.] [n/a]
	at org.hibernate.exception.internal.SQLExceptionTypeDelegate.convert(SQLExceptionTypeDelegate.java:51)
	at org.hibernate.exception.internal.StandardSQLExceptionConverter.convert(StandardSQLExceptionConverter.java:58)
	at org.hibernate.engine.jdbc.spi.SqlExceptionHelper.convert(SqlExceptionHelper.java:108)
	at org.hibernate.engine.jdbc.spi.SqlExceptionHelper.convert(SqlExceptionHelper.java:94)
	at org.hibernate.resource.jdbc.internal.LogicalConnectionManagedImpl.acquireConnectionIfNeeded(LogicalConnectionManagedImpl.java:116)
	at org.hibernate.resource.jdbc.internal.LogicalConnectionManagedImpl.getPhysicalConnection(LogicalConnectionManagedImpl.java:143)
	at org.hibernate.engine.jdbc.internal.StatementPreparerImpl.connection(StatementPreparerImpl.java:54)
	at org.hibernate.engine.jdbc.internal.StatementPreparerImpl$5.doPrepare(StatementPreparerImpl.java:153)
	at org.hibernate.engine.jdbc.internal.StatementPreparerImpl$StatementPreparationTemplate.prepareStatement(StatementPreparerImpl.java:183)
	at org.hibernate.engine.jdbc.internal.StatementPreparerImpl.prepareQueryStatement(StatementPreparerImpl.java:155)
	at org.hibernate.sql.exec.spi.JdbcSelectExecutor.lambda$list$0(JdbcSelectExecutor.java:85)
	at org.hibernate.sql.results.jdbc.internal.DeferredResultSetAccess.executeQuery(DeferredResultSetAccess.java:231)
	at org.hibernate.sql.results.jdbc.internal.DeferredResultSetAccess.getResultSet(DeferredResultSetAccess.java:167)
	at org.hibernate.sql.results.jdbc.internal.JdbcValuesResultSetImpl.advanceNext(JdbcValuesResultSetImpl.java:218)
	at org.hibernate.sql.results.jdbc.internal.JdbcValuesResultSetImpl.processNext(JdbcValuesResultSetImpl.java:98)
	at org.hibernate.sql.results.jdbc.internal.AbstractJdbcValues.next(AbstractJdbcValues.java:19)
	at org.hibernate.sql.results.internal.RowProcessingStateStandardImpl.next(RowProcessingStateStandardImpl.java:66)
	at org.hibernate.sql.results.spi.ListResultsConsumer.consume(ListResultsConsumer.java:202)
	at org.hibernate.sql.results.spi.ListResultsConsumer.consume(ListResultsConsumer.java:33)
	at org.hibernate.sql.exec.internal.JdbcSelectExecutorStandardImpl.doExecuteQuery(JdbcSelectExecutorStandardImpl.java:209)
	at org.hibernate.sql.exec.internal.JdbcSelectExecutorStandardImpl.executeQuery(JdbcSelectExecutorStandardImpl.java:83)
	at org.hibernate.sql.exec.spi.JdbcSelectExecutor.list(JdbcSelectExecutor.java:76)
	at org.hibernate.sql.exec.spi.JdbcSelectExecutor.list(JdbcSelectExecutor.java:65)
	at org.hibernate.query.sqm.internal.ConcreteSqmSelectQueryPlan.lambda$new$2(ConcreteSqmSelectQueryPlan.java:137)
	at org.hibernate.query.sqm.internal.ConcreteSqmSelectQueryPlan.withCacheableSqmInterpretation(ConcreteSqmSelectQueryPlan.java:362)
	at org.hibernate.query.sqm.internal.ConcreteSqmSelectQueryPlan.performList(ConcreteSqmSelectQueryPlan.java:303)
	at org.hibernate.query.sqm.internal.QuerySqmImpl.doList(QuerySqmImpl.java:509)
	at org.hibernate.query.spi.AbstractSelectionQuery.list(AbstractSelectionQuery.java:427)
	at org.hibernate.query.spi.AbstractSelectionQuery.getSingleResult(AbstractSelectionQuery.java:564)
	at jdk.internal.reflect.GeneratedMethodAccessor28.invoke(Unknown Source)
	at java.base/jdk.internal.reflect.DelegatingMethodAccessorImpl.invoke(DelegatingMethodAccessorImpl.java:43)
	at java.base/java.lang.reflect.Method.invoke(Method.java:568)
	at org.springframework.orm.jpa.SharedEntityManagerCreator$DeferredQueryInvocationHandler.invoke(SharedEntityManagerCreator.java:415)
	at jdk.proxy2/jdk.proxy2.$Proxy141.getSingleResult(Unknown Source)
	at org.springframework.data.jpa.repository.query.JpaQueryExecution$SingleEntityExecution.doExecute(JpaQueryExecution.java:223)
	at org.springframework.data.jpa.repository.query.JpaQueryExecution.execute(JpaQueryExecution.java:92)
	at org.springframework.data.jpa.repository.query.AbstractJpaQuery.doExecute(AbstractJpaQuery.java:149)
	at org.springframework.data.jpa.repository.query.AbstractJpaQuery.execute(AbstractJpaQuery.java:137)
	at org.springframework.data.repository.core.support.RepositoryMethodInvoker.doInvoke(RepositoryMethodInvoker.java:170)
	at org.springframework.data.repository.core.support.RepositoryMethodInvoker.invoke(RepositoryMethodInvoker.java:158)
	at org.springframework.data.repository.core.support.QueryExecutorMethodInterceptor.doInvoke(QueryExecutorMethodInterceptor.java:164)
	at org.springframework.data.repository.core.support.QueryExecutorMethodInterceptor.invoke(QueryExecutorMethodInterceptor.java:143)
	at org.springframework.aop.framework.ReflectiveMethodInvocation.proceed(ReflectiveMethodInvocation.java:184)
	at org.springframework.data.projection.DefaultMethodInvokingMethodInterceptor.invoke(DefaultMethodInvokingMethodInterceptor.java:70)
	at org.springframework.aop.framework.ReflectiveMethodInvocation.proceed(ReflectiveMethodInvocation.java:184)
	at org.springframework.transaction.interceptor.TransactionInterceptor$1.proceedWithInvocation(TransactionInterceptor.java:123)
	at org.springframework.transaction.interceptor.TransactionAspectSupport.invokeWithinTransaction(TransactionAspectSupport.java:392)
	at org.springframework.transaction.interceptor.TransactionInterceptor.invoke(TransactionInterceptor.java:119)
	at org.springframework.aop.framework.ReflectiveMethodInvocation.proceed(ReflectiveMethodInvocation.java:184)
	at org.springframework.dao.support.PersistenceExceptionTranslationInterceptor.invoke(PersistenceExceptionTranslationInterceptor.java:137)
	... 24 common frames omitted
Caused by: java.sql.SQLTransientConnectionException: HikariPool-1 - Connection is not available, request timed out after 30013ms.
	at com.zaxxer.hikari.pool.HikariPool.createTimeoutException(HikariPool.java:696)
	at com.zaxxer.hikari.pool.HikariPool.getConnection(HikariPool.java:181)
	at com.zaxxer.hikari.pool.HikariPool.getConnection(HikariPool.java:146)
	at com.zaxxer.hikari.HikariDataSource.getConnection(HikariDataSource.java:128)
	at org.hibernate.engine.jdbc.connections.internal.DatasourceConnectionProviderImpl.getConnection(DatasourceConnectionProviderImpl.java:122)
	at org.hibernate.internal.NonContextualJdbcConnectionAccess.obtainConnection(NonContextualJdbcConnectionAccess.java:46)
	at org.hibernate.resource.jdbc.internal.LogicalConnectionManagedImpl.acquireConnectionIfNeeded(LogicalConnectionManagedImpl.java:113)
	... 69 common frames omitted
Caused by: java.sql.SQLRecoverableException: Erreur d'E/S: The Network Adapter could not establish the connection (CONNECTION_ID=cnkeiDiVQ/eWpgD8Ryd7Vw==)
	at oracle.jdbc.driver.T4CConnection.handleLogonNetException(T4CConnection.java:892)
	at oracle.jdbc.driver.T4CConnection.logon(T4CConnection.java:697)
	at oracle.jdbc.driver.PhysicalConnection.connect(PhysicalConnection.java:1047)
	at oracle.jdbc.driver.T4CDriverExtension.getConnection(T4CDriverExtension.java:89)
	at oracle.jdbc.driver.OracleDriver.connect(OracleDriver.java:732)
	at oracle.jdbc.driver.OracleDriver.connect(OracleDriver.java:648)
	at com.zaxxer.hikari.util.DriverDataSource.getConnection(DriverDataSource.java:138)
	at com.zaxxer.hikari.pool.PoolBase.newConnection(PoolBase.java:359)
	at com.zaxxer.hikari.pool.PoolBase.newPoolEntry(PoolBase.java:201)
	at com.zaxxer.hikari.pool.HikariPool.createPoolEntry(HikariPool.java:470)
	at com.zaxxer.hikari.pool.HikariPool$PoolEntryCreator.call(HikariPool.java:733)
	at com.zaxxer.hikari.pool.HikariPool$PoolEntryCreator.call(HikariPool.java:712)
	at java.base/java.util.concurrent.FutureTask.run(FutureTask.java:264)
	... 3 common frames omitted
Caused by: oracle.net.ns.NetException: The Network Adapter could not establish the connection (CONNECTION_ID=cnkeiDiVQ/eWpgD8Ryd7Vw==)
	at oracle.net.nt.ConnStrategy.execute(ConnStrategy.java:715)
	at oracle.net.resolver.AddrResolution.resolveAndExecute(AddrResolution.java:584)
	at oracle.net.ns.NSProtocol.establishConnection(NSProtocol.java:964)
	at oracle.net.ns.NSProtocol.connect(NSProtocol.java:350)
	at oracle.jdbc.driver.T4CConnection.connect(T4CConnection.java:2441)
	at oracle.jdbc.driver.T4CConnection.logon(T4CConnection.java:656)
	... 14 common frames omitted
Caused by: java.io.IOException: Connection timed out: connect, socket connect lapse 21030 ms. 37.187.250.163 1521  30000 (1/1) true
	at oracle.net.nt.TcpNTAdapter.establishSocket(TcpNTAdapter.java:425)
	at oracle.net.nt.TcpNTAdapter.doLocalDNSLookupConnect(TcpNTAdapter.java:307)
	at oracle.net.nt.TcpNTAdapter.connect(TcpNTAdapter.java:269)
	at oracle.net.nt.ConnOption.connect(ConnOption.java:230)
	at oracle.net.nt.ConnStrategy.executeConnOption(ConnStrategy.java:1014)
	at oracle.net.nt.ConnStrategy.execute(ConnStrategy.java:673)
	... 19 common frames omitted
Caused by: java.net.ConnectException: Connection timed out: connect
	at java.base/sun.nio.ch.Net.connect0(Native Method)
	at java.base/sun.nio.ch.Net.connect(Net.java:579)
	at java.base/sun.nio.ch.Net.connect(Net.java:586)
	at java.base/sun.nio.ch.SocketChannelImpl.connect(SocketChannelImpl.java:853)
	at java.base/java.nio.channels.SocketChannel.open(SocketChannel.java:285)
	at oracle.net.nt.TimeoutSocketChannel.connect(TimeoutSocketChannel.java:183)
	at oracle.net.nt.TimeoutSocketChannel.<init>(TimeoutSocketChannel.java:157)
	at oracle.net.nt.TcpNTAdapter.establishSocket(TcpNTAdapter.java:384)
	... 24 common frames omitted
2026-04-27 22:32:00.111 [scheduling-1] INFO  c.e.s.Scheduler.SignatureScheduler - Début traitement automatique des signatures...
2026-04-27 22:32:30.119 [scheduling-1] WARN  o.h.e.jdbc.spi.SqlExceptionHelper - SQL Error: 0, SQLState: 08006
2026-04-27 22:32:30.120 [scheduling-1] ERROR o.h.e.jdbc.spi.SqlExceptionHelper - HikariPool-1 - Connection is not available, request timed out after 30002ms.
2026-04-27 22:32:30.120 [scheduling-1] WARN  o.h.e.jdbc.spi.SqlExceptionHelper - SQL Error: 17002, SQLState: 08006
2026-04-27 22:32:30.120 [scheduling-1] ERROR o.h.e.jdbc.spi.SqlExceptionHelper - Erreur d'E/S: The Network Adapter could not establish the connection (CONNECTION_ID=IOKtaOf4RruzForJLW+Okg==)
2026-04-27 22:32:30.121 [scheduling-1] ERROR c.e.s.Scheduler.SignatureScheduler - Erreur dans le scheduler signature
org.springframework.transaction.CannotCreateTransactionException: Could not open JPA EntityManager for transaction
	at org.springframework.orm.jpa.JpaTransactionManager.doBegin(JpaTransactionManager.java:466)
	at org.springframework.transaction.support.AbstractPlatformTransactionManager.startTransaction(AbstractPlatformTransactionManager.java:531)
	at org.springframework.transaction.support.AbstractPlatformTransactionManager.getTransaction(AbstractPlatformTransactionManager.java:405)
	at org.springframework.transaction.interceptor.TransactionAspectSupport.createTransactionIfNecessary(TransactionAspectSupport.java:617)
	at org.springframework.transaction.interceptor.TransactionAspectSupport.invokeWithinTransaction(TransactionAspectSupport.java:386)
	at org.springframework.transaction.interceptor.TransactionInterceptor.invoke(TransactionInterceptor.java:119)
	at org.springframework.aop.framework.ReflectiveMethodInvocation.proceed(ReflectiveMethodInvocation.java:184)
	at org.springframework.aop.framework.CglibAopProxy$CglibMethodInvocation.proceed(CglibAopProxy.java:768)
	at org.springframework.aop.framework.CglibAopProxy$DynamicAdvisedInterceptor.intercept(CglibAopProxy.java:720)
	at com.example.signature.service.ImailSignatureService$$SpringCGLIB$$0.comparePendingSignatures(<generated>)
	at com.example.signature.Scheduler.SignatureScheduler.runSignatureCheck(SignatureScheduler.java:32)
	at jdk.internal.reflect.GeneratedMethodAccessor29.invoke(Unknown Source)
	at java.base/jdk.internal.reflect.DelegatingMethodAccessorImpl.invoke(DelegatingMethodAccessorImpl.java:43)
	at java.base/java.lang.reflect.Method.invoke(Method.java:568)
	at org.springframework.scheduling.support.ScheduledMethodRunnable.runInternal(ScheduledMethodRunnable.java:130)
	at org.springframework.scheduling.support.ScheduledMethodRunnable.lambda$run$2(ScheduledMethodRunnable.java:124)
	at io.micrometer.observation.Observation.observe(Observation.java:499)
	at org.springframework.scheduling.support.ScheduledMethodRunnable.run(ScheduledMethodRunnable.java:124)
	at org.springframework.scheduling.support.DelegatingErrorHandlingRunnable.run(DelegatingErrorHandlingRunnable.java:54)
	at org.springframework.scheduling.concurrent.ReschedulingRunnable.run(ReschedulingRunnable.java:96)
	at java.base/java.util.concurrent.Executors$RunnableAdapter.call(Executors.java:539)
	at java.base/java.util.concurrent.FutureTask.run(FutureTask.java:264)
	at java.base/java.util.concurrent.ScheduledThreadPoolExecutor$ScheduledFutureTask.run(ScheduledThreadPoolExecutor.java:304)
	at java.base/java.util.concurrent.ThreadPoolExecutor.runWorker(ThreadPoolExecutor.java:1136)
	at java.base/java.util.concurrent.ThreadPoolExecutor$Worker.run(ThreadPoolExecutor.java:635)
	at java.base/java.lang.Thread.run(Thread.java:842)
Caused by: org.hibernate.exception.JDBCConnectionException: Unable to acquire JDBC Connection [HikariPool-1 - Connection is not available, request timed out after 30002ms.] [n/a]
	at org.hibernate.exception.internal.SQLExceptionTypeDelegate.convert(SQLExceptionTypeDelegate.java:51)
	at org.hibernate.exception.internal.StandardSQLExceptionConverter.convert(StandardSQLExceptionConverter.java:58)
	at org.hibernate.engine.jdbc.spi.SqlExceptionHelper.convert(SqlExceptionHelper.java:108)
	at org.hibernate.engine.jdbc.spi.SqlExceptionHelper.convert(SqlExceptionHelper.java:94)
	at org.hibernate.resource.jdbc.internal.LogicalConnectionManagedImpl.acquireConnectionIfNeeded(LogicalConnectionManagedImpl.java:116)
	at org.hibernate.resource.jdbc.internal.LogicalConnectionManagedImpl.getPhysicalConnection(LogicalConnectionManagedImpl.java:143)
	at org.hibernate.resource.jdbc.internal.LogicalConnectionManagedImpl.getConnectionForTransactionManagement(LogicalConnectionManagedImpl.java:273)
	at org.hibernate.resource.jdbc.internal.LogicalConnectionManagedImpl.begin(LogicalConnectionManagedImpl.java:281)
	at org.hibernate.resource.transaction.backend.jdbc.internal.JdbcResourceLocalTransactionCoordinatorImpl$TransactionDriverControlImpl.begin(JdbcResourceLocalTransactionCoordinatorImpl.java:232)
	at org.hibernate.engine.transaction.internal.TransactionImpl.begin(TransactionImpl.java:83)
	at org.springframework.orm.jpa.vendor.HibernateJpaDialect.beginTransaction(HibernateJpaDialect.java:176)
	at org.springframework.orm.jpa.JpaTransactionManager.doBegin(JpaTransactionManager.java:420)
	... 25 common frames omitted
Caused by: java.sql.SQLTransientConnectionException: HikariPool-1 - Connection is not available, request timed out after 30002ms.
	at com.zaxxer.hikari.pool.HikariPool.createTimeoutException(HikariPool.java:696)
	at com.zaxxer.hikari.pool.HikariPool.getConnection(HikariPool.java:181)
	at com.zaxxer.hikari.pool.HikariPool.getConnection(HikariPool.java:146)
	at com.zaxxer.hikari.HikariDataSource.getConnection(HikariDataSource.java:128)
	at org.hibernate.engine.jdbc.connections.internal.DatasourceConnectionProviderImpl.getConnection(DatasourceConnectionProviderImpl.java:122)
	at org.hibernate.internal.NonContextualJdbcConnectionAccess.obtainConnection(NonContextualJdbcConnectionAccess.java:46)
	at org.hibernate.resource.jdbc.internal.LogicalConnectionManagedImpl.acquireConnectionIfNeeded(LogicalConnectionManagedImpl.java:113)
	... 32 common frames omitted
Caused by: java.sql.SQLRecoverableException: Erreur d'E/S: The Network Adapter could not establish the connection (CONNECTION_ID=IOKtaOf4RruzForJLW+Okg==)
	at oracle.jdbc.driver.T4CConnection.handleLogonNetException(T4CConnection.java:892)
	at oracle.jdbc.driver.T4CConnection.logon(T4CConnection.java:697)
	at oracle.jdbc.driver.PhysicalConnection.connect(PhysicalConnection.java:1047)
	at oracle.jdbc.driver.T4CDriverExtension.getConnection(T4CDriverExtension.java:89)
	at oracle.jdbc.driver.OracleDriver.connect(OracleDriver.java:732)
	at oracle.jdbc.driver.OracleDriver.connect(OracleDriver.java:648)
	at com.zaxxer.hikari.util.DriverDataSource.getConnection(DriverDataSource.java:138)
	at com.zaxxer.hikari.pool.PoolBase.newConnection(PoolBase.java:359)
	at com.zaxxer.hikari.pool.PoolBase.newPoolEntry(PoolBase.java:201)
	at com.zaxxer.hikari.pool.HikariPool.createPoolEntry(HikariPool.java:470)
	at com.zaxxer.hikari.pool.HikariPool$PoolEntryCreator.call(HikariPool.java:733)
	at com.zaxxer.hikari.pool.HikariPool$PoolEntryCreator.call(HikariPool.java:712)
	at java.base/java.util.concurrent.FutureTask.run(FutureTask.java:264)
	... 3 common frames omitted
Caused by: oracle.net.ns.NetException: The Network Adapter could not establish the connection (CONNECTION_ID=IOKtaOf4RruzForJLW+Okg==)
	at oracle.net.nt.ConnStrategy.execute(ConnStrategy.java:715)
	at oracle.net.resolver.AddrResolution.resolveAndExecute(AddrResolution.java:584)
	at oracle.net.ns.NSProtocol.establishConnection(NSProtocol.java:964)
	at oracle.net.ns.NSProtocol.connect(NSProtocol.java:350)
	at oracle.jdbc.driver.T4CConnection.connect(T4CConnection.java:2441)
	at oracle.jdbc.driver.T4CConnection.logon(T4CConnection.java:656)
	... 14 common frames omitted
Caused by: java.io.IOException: Connection timed out: connect, socket connect lapse 21034 ms. 37.187.250.163 1521  30000 (1/1) true
	at oracle.net.nt.TcpNTAdapter.establishSocket(TcpNTAdapter.java:425)
	at oracle.net.nt.TcpNTAdapter.doLocalDNSLookupConnect(TcpNTAdapter.java:307)
	at oracle.net.nt.TcpNTAdapter.connect(TcpNTAdapter.java:269)
	at oracle.net.nt.ConnOption.connect(ConnOption.java:230)
	at oracle.net.nt.ConnStrategy.executeConnOption(ConnStrategy.java:1014)
	at oracle.net.nt.ConnStrategy.execute(ConnStrategy.java:673)
	... 19 common frames omitted
Caused by: java.net.ConnectException: Connection timed out: connect
	at java.base/sun.nio.ch.Net.connect0(Native Method)
	at java.base/sun.nio.ch.Net.connect(Net.java:579)
	at java.base/sun.nio.ch.Net.connect(Net.java:586)
	at java.base/sun.nio.ch.SocketChannelImpl.connect(SocketChannelImpl.java:853)
	at java.base/java.nio.channels.SocketChannel.open(SocketChannel.java:285)
	at oracle.net.nt.TimeoutSocketChannel.connect(TimeoutSocketChannel.java:183)
	at oracle.net.nt.TimeoutSocketChannel.<init>(TimeoutSocketChannel.java:157)
	at oracle.net.nt.TcpNTAdapter.establishSocket(TcpNTAdapter.java:384)
	... 24 common frames omitted
2026-04-27 22:33:00.007 [scheduling-1] INFO  c.e.s.Scheduler.SignatureScheduler - === Début traitement automatique reception ===
2026-04-27 22:33:30.027 [scheduling-1] WARN  o.h.e.jdbc.spi.SqlExceptionHelper - SQL Error: 0, SQLState: 08006
2026-04-27 22:33:30.028 [scheduling-1] ERROR o.h.e.jdbc.spi.SqlExceptionHelper - HikariPool-1 - Connection is not available, request timed out after 30017ms.
2026-04-27 22:33:30.028 [scheduling-1] WARN  o.h.e.jdbc.spi.SqlExceptionHelper - SQL Error: 17002, SQLState: 08006
2026-04-27 22:33:30.028 [scheduling-1] ERROR o.h.e.jdbc.spi.SqlExceptionHelper - Erreur d'E/S: The Network Adapter could not establish the connection (CONNECTION_ID=+iuevtEpR12iMnrLcwtZJw==)
2026-04-27 22:33:30.028 [scheduling-1] ERROR c.e.s.Scheduler.SignatureScheduler - Erreur dans le scheduler reception
org.springframework.dao.DataAccessResourceFailureException: Unable to acquire JDBC Connection [HikariPool-1 - Connection is not available, request timed out after 30017ms.] [n/a]
	at org.springframework.orm.jpa.vendor.HibernateJpaDialect.convertHibernateAccessException(HibernateJpaDialect.java:274)
	at org.springframework.orm.jpa.vendor.HibernateJpaDialect.translateExceptionIfPossible(HibernateJpaDialect.java:241)
	at org.springframework.orm.jpa.AbstractEntityManagerFactoryBean.translateExceptionIfPossible(AbstractEntityManagerFactoryBean.java:550)
	at org.springframework.dao.support.ChainedPersistenceExceptionTranslator.translateExceptionIfPossible(ChainedPersistenceExceptionTranslator.java:61)
	at org.springframework.dao.support.DataAccessUtils.translateIfNecessary(DataAccessUtils.java:335)
	at org.springframework.dao.support.PersistenceExceptionTranslationInterceptor.invoke(PersistenceExceptionTranslationInterceptor.java:152)
	at org.springframework.aop.framework.ReflectiveMethodInvocation.proceed(ReflectiveMethodInvocation.java:184)
	at org.springframework.data.jpa.repository.support.CrudMethodMetadataPostProcessor$CrudMethodMetadataPopulatingMethodInterceptor.invoke(CrudMethodMetadataPostProcessor.java:135)
	at org.springframework.aop.framework.ReflectiveMethodInvocation.proceed(ReflectiveMethodInvocation.java:184)
	at org.springframework.aop.interceptor.ExposeInvocationInterceptor.invoke(ExposeInvocationInterceptor.java:97)
	at org.springframework.aop.framework.ReflectiveMethodInvocation.proceed(ReflectiveMethodInvocation.java:184)
	at org.springframework.aop.framework.JdkDynamicAopProxy.invoke(JdkDynamicAopProxy.java:223)
	at jdk.proxy2/jdk.proxy2.$Proxy134.findPathScanAs(Unknown Source)
	at com.example.signature.service.ReceptionProcessingService.processReceptionFolders(ReceptionProcessingService.java:46)
	at com.example.signature.Scheduler.SignatureScheduler.processReceptionAuto(SignatureScheduler.java:43)
	at jdk.internal.reflect.GeneratedMethodAccessor27.invoke(Unknown Source)
	at java.base/jdk.internal.reflect.DelegatingMethodAccessorImpl.invoke(DelegatingMethodAccessorImpl.java:43)
	at java.base/java.lang.reflect.Method.invoke(Method.java:568)
	at org.springframework.scheduling.support.ScheduledMethodRunnable.runInternal(ScheduledMethodRunnable.java:130)
	at org.springframework.scheduling.support.ScheduledMethodRunnable.lambda$run$2(ScheduledMethodRunnable.java:124)
	at io.micrometer.observation.Observation.observe(Observation.java:499)
	at org.springframework.scheduling.support.ScheduledMethodRunnable.run(ScheduledMethodRunnable.java:124)
	at org.springframework.scheduling.support.DelegatingErrorHandlingRunnable.run(DelegatingErrorHandlingRunnable.java:54)
	at org.springframework.scheduling.concurrent.ReschedulingRunnable.run(ReschedulingRunnable.java:96)
	at java.base/java.util.concurrent.Executors$RunnableAdapter.call(Executors.java:539)
	at java.base/java.util.concurrent.FutureTask.run(FutureTask.java:264)
	at java.base/java.util.concurrent.ScheduledThreadPoolExecutor$ScheduledFutureTask.run(ScheduledThreadPoolExecutor.java:304)
	at java.base/java.util.concurrent.ThreadPoolExecutor.runWorker(ThreadPoolExecutor.java:1136)
	at java.base/java.util.concurrent.ThreadPoolExecutor$Worker.run(ThreadPoolExecutor.java:635)
	at java.base/java.lang.Thread.run(Thread.java:842)
Caused by: org.hibernate.exception.JDBCConnectionException: Unable to acquire JDBC Connection [HikariPool-1 - Connection is not available, request timed out after 30017ms.] [n/a]
	at org.hibernate.exception.internal.SQLExceptionTypeDelegate.convert(SQLExceptionTypeDelegate.java:51)
	at org.hibernate.exception.internal.StandardSQLExceptionConverter.convert(StandardSQLExceptionConverter.java:58)
	at org.hibernate.engine.jdbc.spi.SqlExceptionHelper.convert(SqlExceptionHelper.java:108)
	at org.hibernate.engine.jdbc.spi.SqlExceptionHelper.convert(SqlExceptionHelper.java:94)
	at org.hibernate.resource.jdbc.internal.LogicalConnectionManagedImpl.acquireConnectionIfNeeded(LogicalConnectionManagedImpl.java:116)
	at org.hibernate.resource.jdbc.internal.LogicalConnectionManagedImpl.getPhysicalConnection(LogicalConnectionManagedImpl.java:143)
	at org.hibernate.engine.jdbc.internal.StatementPreparerImpl.connection(StatementPreparerImpl.java:54)
	at org.hibernate.engine.jdbc.internal.StatementPreparerImpl$5.doPrepare(StatementPreparerImpl.java:153)
	at org.hibernate.engine.jdbc.internal.StatementPreparerImpl$StatementPreparationTemplate.prepareStatement(StatementPreparerImpl.java:183)
	at org.hibernate.engine.jdbc.internal.StatementPreparerImpl.prepareQueryStatement(StatementPreparerImpl.java:155)
	at org.hibernate.sql.exec.spi.JdbcSelectExecutor.lambda$list$0(JdbcSelectExecutor.java:85)
	at org.hibernate.sql.results.jdbc.internal.DeferredResultSetAccess.executeQuery(DeferredResultSetAccess.java:231)
	at org.hibernate.sql.results.jdbc.internal.DeferredResultSetAccess.getResultSet(DeferredResultSetAccess.java:167)
	at org.hibernate.sql.results.jdbc.internal.JdbcValuesResultSetImpl.advanceNext(JdbcValuesResultSetImpl.java:218)
	at org.hibernate.sql.results.jdbc.internal.JdbcValuesResultSetImpl.processNext(JdbcValuesResultSetImpl.java:98)
	at org.hibernate.sql.results.jdbc.internal.AbstractJdbcValues.next(AbstractJdbcValues.java:19)
	at org.hibernate.sql.results.internal.RowProcessingStateStandardImpl.next(RowProcessingStateStandardImpl.java:66)
	at org.hibernate.sql.results.spi.ListResultsConsumer.consume(ListResultsConsumer.java:202)
	at org.hibernate.sql.results.spi.ListResultsConsumer.consume(ListResultsConsumer.java:33)
	at org.hibernate.sql.exec.internal.JdbcSelectExecutorStandardImpl.doExecuteQuery(JdbcSelectExecutorStandardImpl.java:209)
	at org.hibernate.sql.exec.internal.JdbcSelectExecutorStandardImpl.executeQuery(JdbcSelectExecutorStandardImpl.java:83)
	at org.hibernate.sql.exec.spi.JdbcSelectExecutor.list(JdbcSelectExecutor.java:76)
	at org.hibernate.sql.exec.spi.JdbcSelectExecutor.list(JdbcSelectExecutor.java:65)
	at org.hibernate.query.sqm.internal.ConcreteSqmSelectQueryPlan.lambda$new$2(ConcreteSqmSelectQueryPlan.java:137)
	at org.hibernate.query.sqm.internal.ConcreteSqmSelectQueryPlan.withCacheableSqmInterpretation(ConcreteSqmSelectQueryPlan.java:362)
	at org.hibernate.query.sqm.internal.ConcreteSqmSelectQueryPlan.performList(ConcreteSqmSelectQueryPlan.java:303)
	at org.hibernate.query.sqm.internal.QuerySqmImpl.doList(QuerySqmImpl.java:509)
	at org.hibernate.query.spi.AbstractSelectionQuery.list(AbstractSelectionQuery.java:427)
	at org.hibernate.query.spi.AbstractSelectionQuery.getSingleResult(AbstractSelectionQuery.java:564)
	at jdk.internal.reflect.GeneratedMethodAccessor28.invoke(Unknown Source)
	at java.base/jdk.internal.reflect.DelegatingMethodAccessorImpl.invoke(DelegatingMethodAccessorImpl.java:43)
	at java.base/java.lang.reflect.Method.invoke(Method.java:568)
	at org.springframework.orm.jpa.SharedEntityManagerCreator$DeferredQueryInvocationHandler.invoke(SharedEntityManagerCreator.java:415)
	at jdk.proxy2/jdk.proxy2.$Proxy141.getSingleResult(Unknown Source)
	at org.springframework.data.jpa.repository.query.JpaQueryExecution$SingleEntityExecution.doExecute(JpaQueryExecution.java:223)
	at org.springframework.data.jpa.repository.query.JpaQueryExecution.execute(JpaQueryExecution.java:92)
	at org.springframework.data.jpa.repository.query.AbstractJpaQuery.doExecute(AbstractJpaQuery.java:149)
	at org.springframework.data.jpa.repository.query.AbstractJpaQuery.execute(AbstractJpaQuery.java:137)
	at org.springframework.data.repository.core.support.RepositoryMethodInvoker.doInvoke(RepositoryMethodInvoker.java:170)
	at org.springframework.data.repository.core.support.RepositoryMethodInvoker.invoke(RepositoryMethodInvoker.java:158)
	at org.springframework.data.repository.core.support.QueryExecutorMethodInterceptor.doInvoke(QueryExecutorMethodInterceptor.java:164)
	at org.springframework.data.repository.core.support.QueryExecutorMethodInterceptor.invoke(QueryExecutorMethodInterceptor.java:143)
	at org.springframework.aop.framework.ReflectiveMethodInvocation.proceed(ReflectiveMethodInvocation.java:184)
	at org.springframework.data.projection.DefaultMethodInvokingMethodInterceptor.invoke(DefaultMethodInvokingMethodInterceptor.java:70)
	at org.springframework.aop.framework.ReflectiveMethodInvocation.proceed(ReflectiveMethodInvocation.java:184)
	at org.springframework.transaction.interceptor.TransactionInterceptor$1.proceedWithInvocation(TransactionInterceptor.java:123)
	at org.springframework.transaction.interceptor.TransactionAspectSupport.invokeWithinTransaction(TransactionAspectSupport.java:392)
	at org.springframework.transaction.interceptor.TransactionInterceptor.invoke(TransactionInterceptor.java:119)
	at org.springframework.aop.framework.ReflectiveMethodInvocation.proceed(ReflectiveMethodInvocation.java:184)
	at org.springframework.dao.support.PersistenceExceptionTranslationInterceptor.invoke(PersistenceExceptionTranslationInterceptor.java:137)
	... 24 common frames omitted
Caused by: java.sql.SQLTransientConnectionException: HikariPool-1 - Connection is not available, request timed out after 30017ms.
	at com.zaxxer.hikari.pool.HikariPool.createTimeoutException(HikariPool.java:696)
	at com.zaxxer.hikari.pool.HikariPool.getConnection(HikariPool.java:181)
	at com.zaxxer.hikari.pool.HikariPool.getConnection(HikariPool.java:146)
	at com.zaxxer.hikari.HikariDataSource.getConnection(HikariDataSource.java:128)
	at org.hibernate.engine.jdbc.connections.internal.DatasourceConnectionProviderImpl.getConnection(DatasourceConnectionProviderImpl.java:122)
	at org.hibernate.internal.NonContextualJdbcConnectionAccess.obtainConnection(NonContextualJdbcConnectionAccess.java:46)
	at org.hibernate.resource.jdbc.internal.LogicalConnectionManagedImpl.acquireConnectionIfNeeded(LogicalConnectionManagedImpl.java:113)
	... 69 common frames omitted
Caused by: java.sql.SQLRecoverableException: Erreur d'E/S: The Network Adapter could not establish the connection (CONNECTION_ID=+iuevtEpR12iMnrLcwtZJw==)
	at oracle.jdbc.driver.T4CConnection.handleLogonNetException(T4CConnection.java:892)
	at oracle.jdbc.driver.T4CConnection.logon(T4CConnection.java:697)
	at oracle.jdbc.driver.PhysicalConnection.connect(PhysicalConnection.java:1047)
	at oracle.jdbc.driver.T4CDriverExtension.getConnection(T4CDriverExtension.java:89)
	at oracle.jdbc.driver.OracleDriver.connect(OracleDriver.java:732)
	at oracle.jdbc.driver.OracleDriver.connect(OracleDriver.java:648)
	at com.zaxxer.hikari.util.DriverDataSource.getConnection(DriverDataSource.java:138)
	at com.zaxxer.hikari.pool.PoolBase.newConnection(PoolBase.java:359)
	at com.zaxxer.hikari.pool.PoolBase.newPoolEntry(PoolBase.java:201)
	at com.zaxxer.hikari.pool.HikariPool.createPoolEntry(HikariPool.java:470)
	at com.zaxxer.hikari.pool.HikariPool$PoolEntryCreator.call(HikariPool.java:733)
	at com.zaxxer.hikari.pool.HikariPool$PoolEntryCreator.call(HikariPool.java:712)
	at java.base/java.util.concurrent.FutureTask.run(FutureTask.java:264)
	... 3 common frames omitted
Caused by: oracle.net.ns.NetException: The Network Adapter could not establish the connection (CONNECTION_ID=+iuevtEpR12iMnrLcwtZJw==)
	at oracle.net.nt.ConnStrategy.execute(ConnStrategy.java:715)
	at oracle.net.resolver.AddrResolution.resolveAndExecute(AddrResolution.java:584)
	at oracle.net.ns.NSProtocol.establishConnection(NSProtocol.java:964)
	at oracle.net.ns.NSProtocol.connect(NSProtocol.java:350)
	at oracle.jdbc.driver.T4CConnection.connect(T4CConnection.java:2441)
	at oracle.jdbc.driver.T4CConnection.logon(T4CConnection.java:656)
	... 14 common frames omitted
Caused by: java.io.IOException: Network is unreachable: connect, socket connect lapse 1 ms. 37.187.250.163 1521  30000 (1/1) true
	at oracle.net.nt.TcpNTAdapter.establishSocket(TcpNTAdapter.java:425)
	at oracle.net.nt.TcpNTAdapter.doLocalDNSLookupConnect(TcpNTAdapter.java:307)
	at oracle.net.nt.TcpNTAdapter.connect(TcpNTAdapter.java:269)
	at oracle.net.nt.ConnOption.connect(ConnOption.java:230)
	at oracle.net.nt.ConnStrategy.executeConnOption(ConnStrategy.java:1014)
	at oracle.net.nt.ConnStrategy.execute(ConnStrategy.java:673)
	... 19 common frames omitted
Caused by: java.net.SocketException: Network is unreachable: connect
	at java.base/sun.nio.ch.Net.connect0(Native Method)
	at java.base/sun.nio.ch.Net.connect(Net.java:579)
	at java.base/sun.nio.ch.Net.connect(Net.java:586)
	at java.base/sun.nio.ch.SocketChannelImpl.connect(SocketChannelImpl.java:853)
	at java.base/java.nio.channels.SocketChannel.open(SocketChannel.java:285)
	at oracle.net.nt.TimeoutSocketChannel.connect(TimeoutSocketChannel.java:183)
	at oracle.net.nt.TimeoutSocketChannel.<init>(TimeoutSocketChannel.java:157)
	at oracle.net.nt.TcpNTAdapter.establishSocket(TcpNTAdapter.java:384)
	... 24 common frames omitted
2026-04-27 22:33:30.030 [scheduling-1] INFO  c.e.s.Scheduler.SignatureScheduler - Début traitement automatique des signatures...
2026-04-27 22:34:00.036 [scheduling-1] WARN  o.h.e.jdbc.spi.SqlExceptionHelper - SQL Error: 0, SQLState: 08006
2026-04-27 22:34:00.036 [scheduling-1] ERROR o.h.e.jdbc.spi.SqlExceptionHelper - HikariPool-1 - Connection is not available, request timed out after 30005ms.
2026-04-27 22:34:00.036 [scheduling-1] WARN  o.h.e.jdbc.spi.SqlExceptionHelper - SQL Error: 17002, SQLState: 08006
2026-04-27 22:34:00.036 [scheduling-1] ERROR o.h.e.jdbc.spi.SqlExceptionHelper - Erreur d'E/S: The Network Adapter could not establish the connection (CONNECTION_ID=UfG0iyUjTeWCjzPsD8OQzg==)
2026-04-27 22:34:00.036 [scheduling-1] ERROR c.e.s.Scheduler.SignatureScheduler - Erreur dans le scheduler signature
org.springframework.transaction.CannotCreateTransactionException: Could not open JPA EntityManager for transaction
	at org.springframework.orm.jpa.JpaTransactionManager.doBegin(JpaTransactionManager.java:466)
	at org.springframework.transaction.support.AbstractPlatformTransactionManager.startTransaction(AbstractPlatformTransactionManager.java:531)
	at org.springframework.transaction.support.AbstractPlatformTransactionManager.getTransaction(AbstractPlatformTransactionManager.java:405)
	at org.springframework.transaction.interceptor.TransactionAspectSupport.createTransactionIfNecessary(TransactionAspectSupport.java:617)
	at org.springframework.transaction.interceptor.TransactionAspectSupport.invokeWithinTransaction(TransactionAspectSupport.java:386)
	at org.springframework.transaction.interceptor.TransactionInterceptor.invoke(TransactionInterceptor.java:119)
	at org.springframework.aop.framework.ReflectiveMethodInvocation.proceed(ReflectiveMethodInvocation.java:184)
	at org.springframework.aop.framework.CglibAopProxy$CglibMethodInvocation.proceed(CglibAopProxy.java:768)
	at org.springframework.aop.framework.CglibAopProxy$DynamicAdvisedInterceptor.intercept(CglibAopProxy.java:720)
	at com.example.signature.service.ImailSignatureService$$SpringCGLIB$$0.comparePendingSignatures(<generated>)
	at com.example.signature.Scheduler.SignatureScheduler.runSignatureCheck(SignatureScheduler.java:32)
	at jdk.internal.reflect.GeneratedMethodAccessor29.invoke(Unknown Source)
	at java.base/jdk.internal.reflect.DelegatingMethodAccessorImpl.invoke(DelegatingMethodAccessorImpl.java:43)
	at java.base/java.lang.reflect.Method.invoke(Method.java:568)
	at org.springframework.scheduling.support.ScheduledMethodRunnable.runInternal(ScheduledMethodRunnable.java:130)
	at org.springframework.scheduling.support.ScheduledMethodRunnable.lambda$run$2(ScheduledMethodRunnable.java:124)
	at io.micrometer.observation.Observation.observe(Observation.java:499)
	at org.springframework.scheduling.support.ScheduledMethodRunnable.run(ScheduledMethodRunnable.java:124)
	at org.springframework.scheduling.support.DelegatingErrorHandlingRunnable.run(DelegatingErrorHandlingRunnable.java:54)
	at org.springframework.scheduling.concurrent.ReschedulingRunnable.run(ReschedulingRunnable.java:96)
	at java.base/java.util.concurrent.Executors$RunnableAdapter.call(Executors.java:539)
	at java.base/java.util.concurrent.FutureTask.run(FutureTask.java:264)
	at java.base/java.util.concurrent.ScheduledThreadPoolExecutor$ScheduledFutureTask.run(ScheduledThreadPoolExecutor.java:304)
	at java.base/java.util.concurrent.ThreadPoolExecutor.runWorker(ThreadPoolExecutor.java:1136)
	at java.base/java.util.concurrent.ThreadPoolExecutor$Worker.run(ThreadPoolExecutor.java:635)
	at java.base/java.lang.Thread.run(Thread.java:842)
Caused by: org.hibernate.exception.JDBCConnectionException: Unable to acquire JDBC Connection [HikariPool-1 - Connection is not available, request timed out after 30005ms.] [n/a]
	at org.hibernate.exception.internal.SQLExceptionTypeDelegate.convert(SQLExceptionTypeDelegate.java:51)
	at org.hibernate.exception.internal.StandardSQLExceptionConverter.convert(StandardSQLExceptionConverter.java:58)
	at org.hibernate.engine.jdbc.spi.SqlExceptionHelper.convert(SqlExceptionHelper.java:108)
	at org.hibernate.engine.jdbc.spi.SqlExceptionHelper.convert(SqlExceptionHelper.java:94)
	at org.hibernate.resource.jdbc.internal.LogicalConnectionManagedImpl.acquireConnectionIfNeeded(LogicalConnectionManagedImpl.java:116)
	at org.hibernate.resource.jdbc.internal.LogicalConnectionManagedImpl.getPhysicalConnection(LogicalConnectionManagedImpl.java:143)
	at org.hibernate.resource.jdbc.internal.LogicalConnectionManagedImpl.getConnectionForTransactionManagement(LogicalConnectionManagedImpl.java:273)
	at org.hibernate.resource.jdbc.internal.LogicalConnectionManagedImpl.begin(LogicalConnectionManagedImpl.java:281)
	at org.hibernate.resource.transaction.backend.jdbc.internal.JdbcResourceLocalTransactionCoordinatorImpl$TransactionDriverControlImpl.begin(JdbcResourceLocalTransactionCoordinatorImpl.java:232)
	at org.hibernate.engine.transaction.internal.TransactionImpl.begin(TransactionImpl.java:83)
	at org.springframework.orm.jpa.vendor.HibernateJpaDialect.beginTransaction(HibernateJpaDialect.java:176)
	at org.springframework.orm.jpa.JpaTransactionManager.doBegin(JpaTransactionManager.java:420)
	... 25 common frames omitted
Caused by: java.sql.SQLTransientConnectionException: HikariPool-1 - Connection is not available, request timed out after 30005ms.
	at com.zaxxer.hikari.pool.HikariPool.createTimeoutException(HikariPool.java:696)
	at com.zaxxer.hikari.pool.HikariPool.getConnection(HikariPool.java:181)
	at com.zaxxer.hikari.pool.HikariPool.getConnection(HikariPool.java:146)
	at com.zaxxer.hikari.HikariDataSource.getConnection(HikariDataSource.java:128)
	at org.hibernate.engine.jdbc.connections.internal.DatasourceConnectionProviderImpl.getConnection(DatasourceConnectionProviderImpl.java:122)
	at org.hibernate.internal.NonContextualJdbcConnectionAccess.obtainConnection(NonContextualJdbcConnectionAccess.java:46)
	at org.hibernate.resource.jdbc.internal.LogicalConnectionManagedImpl.acquireConnectionIfNeeded(LogicalConnectionManagedImpl.java:113)
	... 32 common frames omitted
Caused by: java.sql.SQLRecoverableException: Erreur d'E/S: The Network Adapter could not establish the connection (CONNECTION_ID=UfG0iyUjTeWCjzPsD8OQzg==)
	at oracle.jdbc.driver.T4CConnection.handleLogonNetException(T4CConnection.java:892)
	at oracle.jdbc.driver.T4CConnection.logon(T4CConnection.java:697)
	at oracle.jdbc.driver.PhysicalConnection.connect(PhysicalConnection.java:1047)
	at oracle.jdbc.driver.T4CDriverExtension.getConnection(T4CDriverExtension.java:89)
	at oracle.jdbc.driver.OracleDriver.connect(OracleDriver.java:732)
	at oracle.jdbc.driver.OracleDriver.connect(OracleDriver.java:648)
	at com.zaxxer.hikari.util.DriverDataSource.getConnection(DriverDataSource.java:138)
	at com.zaxxer.hikari.pool.PoolBase.newConnection(PoolBase.java:359)
	at com.zaxxer.hikari.pool.PoolBase.newPoolEntry(PoolBase.java:201)
	at com.zaxxer.hikari.pool.HikariPool.createPoolEntry(HikariPool.java:470)
	at com.zaxxer.hikari.pool.HikariPool$PoolEntryCreator.call(HikariPool.java:733)
	at com.zaxxer.hikari.pool.HikariPool$PoolEntryCreator.call(HikariPool.java:712)
	at java.base/java.util.concurrent.FutureTask.run(FutureTask.java:264)
	... 3 common frames omitted
Caused by: oracle.net.ns.NetException: The Network Adapter could not establish the connection (CONNECTION_ID=UfG0iyUjTeWCjzPsD8OQzg==)
	at oracle.net.nt.ConnStrategy.execute(ConnStrategy.java:715)
	at oracle.net.resolver.AddrResolution.resolveAndExecute(AddrResolution.java:584)
	at oracle.net.ns.NSProtocol.establishConnection(NSProtocol.java:964)
	at oracle.net.ns.NSProtocol.connect(NSProtocol.java:350)
	at oracle.jdbc.driver.T4CConnection.connect(T4CConnection.java:2441)
	at oracle.jdbc.driver.T4CConnection.logon(T4CConnection.java:656)
	... 14 common frames omitted
Caused by: java.io.IOException: Network is unreachable: connect, socket connect lapse 4 ms. 37.187.250.163 1521  30000 (1/1) true
	at oracle.net.nt.TcpNTAdapter.establishSocket(TcpNTAdapter.java:425)
	at oracle.net.nt.TcpNTAdapter.doLocalDNSLookupConnect(TcpNTAdapter.java:307)
	at oracle.net.nt.TcpNTAdapter.connect(TcpNTAdapter.java:269)
	at oracle.net.nt.ConnOption.connect(ConnOption.java:230)
	at oracle.net.nt.ConnStrategy.executeConnOption(ConnStrategy.java:1014)
	at oracle.net.nt.ConnStrategy.execute(ConnStrategy.java:673)
	... 19 common frames omitted
Caused by: java.net.SocketException: Network is unreachable: connect
	at java.base/sun.nio.ch.Net.connect0(Native Method)
	at java.base/sun.nio.ch.Net.connect(Net.java:579)
	at java.base/sun.nio.ch.Net.connect(Net.java:586)
	at java.base/sun.nio.ch.SocketChannelImpl.connect(SocketChannelImpl.java:853)
	at java.base/java.nio.channels.SocketChannel.open(SocketChannel.java:285)
	at oracle.net.nt.TimeoutSocketChannel.connect(TimeoutSocketChannel.java:183)
	at oracle.net.nt.TimeoutSocketChannel.<init>(TimeoutSocketChannel.java:157)
	at oracle.net.nt.TcpNTAdapter.establishSocket(TcpNTAdapter.java:384)
	... 24 common frames omitted
2026-04-27 22:34:00.036 [scheduling-1] INFO  c.e.s.Scheduler.SignatureScheduler - === Début traitement automatique reception ===
2026-04-27 22:34:30.048 [scheduling-1] WARN  o.h.e.jdbc.spi.SqlExceptionHelper - SQL Error: 0, SQLState: 08006
2026-04-27 22:34:30.049 [scheduling-1] ERROR o.h.e.jdbc.spi.SqlExceptionHelper - HikariPool-1 - Connection is not available, request timed out after 30005ms.
2026-04-27 22:34:30.049 [scheduling-1] WARN  o.h.e.jdbc.spi.SqlExceptionHelper - SQL Error: 17002, SQLState: 08006
2026-04-27 22:34:30.049 [scheduling-1] ERROR o.h.e.jdbc.spi.SqlExceptionHelper - Erreur d'E/S: The Network Adapter could not establish the connection (CONNECTION_ID=X2isVAvdSRiv9MKpnfISYg==)
2026-04-27 22:34:30.049 [scheduling-1] ERROR c.e.s.Scheduler.SignatureScheduler - Erreur dans le scheduler reception
org.springframework.dao.DataAccessResourceFailureException: Unable to acquire JDBC Connection [HikariPool-1 - Connection is not available, request timed out after 30005ms.] [n/a]
	at org.springframework.orm.jpa.vendor.HibernateJpaDialect.convertHibernateAccessException(HibernateJpaDialect.java:274)
	at org.springframework.orm.jpa.vendor.HibernateJpaDialect.translateExceptionIfPossible(HibernateJpaDialect.java:241)
	at org.springframework.orm.jpa.AbstractEntityManagerFactoryBean.translateExceptionIfPossible(AbstractEntityManagerFactoryBean.java:550)
	at org.springframework.dao.support.ChainedPersistenceExceptionTranslator.translateExceptionIfPossible(ChainedPersistenceExceptionTranslator.java:61)
	at org.springframework.dao.support.DataAccessUtils.translateIfNecessary(DataAccessUtils.java:335)
	at org.springframework.dao.support.PersistenceExceptionTranslationInterceptor.invoke(PersistenceExceptionTranslationInterceptor.java:152)
	at org.springframework.aop.framework.ReflectiveMethodInvocation.proceed(ReflectiveMethodInvocation.java:184)
	at org.springframework.data.jpa.repository.support.CrudMethodMetadataPostProcessor$CrudMethodMetadataPopulatingMethodInterceptor.invoke(CrudMethodMetadataPostProcessor.java:135)
	at org.springframework.aop.framework.ReflectiveMethodInvocation.proceed(ReflectiveMethodInvocation.java:184)
	at org.springframework.aop.interceptor.ExposeInvocationInterceptor.invoke(ExposeInvocationInterceptor.java:97)
	at org.springframework.aop.framework.ReflectiveMethodInvocation.proceed(ReflectiveMethodInvocation.java:184)
	at org.springframework.aop.framework.JdkDynamicAopProxy.invoke(JdkDynamicAopProxy.java:223)
	at jdk.proxy2/jdk.proxy2.$Proxy134.findPathScanAs(Unknown Source)
	at com.example.signature.service.ReceptionProcessingService.processReceptionFolders(ReceptionProcessingService.java:46)
	at com.example.signature.Scheduler.SignatureScheduler.processReceptionAuto(SignatureScheduler.java:43)
	at jdk.internal.reflect.GeneratedMethodAccessor27.invoke(Unknown Source)
	at java.base/jdk.internal.reflect.DelegatingMethodAccessorImpl.invoke(DelegatingMethodAccessorImpl.java:43)
	at java.base/java.lang.reflect.Method.invoke(Method.java:568)
	at org.springframework.scheduling.support.ScheduledMethodRunnable.runInternal(ScheduledMethodRunnable.java:130)
	at org.springframework.scheduling.support.ScheduledMethodRunnable.lambda$run$2(ScheduledMethodRunnable.java:124)
	at io.micrometer.observation.Observation.observe(Observation.java:499)
	at org.springframework.scheduling.support.ScheduledMethodRunnable.run(ScheduledMethodRunnable.java:124)
	at org.springframework.scheduling.support.DelegatingErrorHandlingRunnable.run(DelegatingErrorHandlingRunnable.java:54)
	at org.springframework.scheduling.concurrent.ReschedulingRunnable.run(ReschedulingRunnable.java:96)
	at java.base/java.util.concurrent.Executors$RunnableAdapter.call(Executors.java:539)
	at java.base/java.util.concurrent.FutureTask.run(FutureTask.java:264)
	at java.base/java.util.concurrent.ScheduledThreadPoolExecutor$ScheduledFutureTask.run(ScheduledThreadPoolExecutor.java:304)
	at java.base/java.util.concurrent.ThreadPoolExecutor.runWorker(ThreadPoolExecutor.java:1136)
	at java.base/java.util.concurrent.ThreadPoolExecutor$Worker.run(ThreadPoolExecutor.java:635)
	at java.base/java.lang.Thread.run(Thread.java:842)
Caused by: org.hibernate.exception.JDBCConnectionException: Unable to acquire JDBC Connection [HikariPool-1 - Connection is not available, request timed out after 30005ms.] [n/a]
	at org.hibernate.exception.internal.SQLExceptionTypeDelegate.convert(SQLExceptionTypeDelegate.java:51)
	at org.hibernate.exception.internal.StandardSQLExceptionConverter.convert(StandardSQLExceptionConverter.java:58)
	at org.hibernate.engine.jdbc.spi.SqlExceptionHelper.convert(SqlExceptionHelper.java:108)
	at org.hibernate.engine.jdbc.spi.SqlExceptionHelper.convert(SqlExceptionHelper.java:94)
	at org.hibernate.resource.jdbc.internal.LogicalConnectionManagedImpl.acquireConnectionIfNeeded(LogicalConnectionManagedImpl.java:116)
	at org.hibernate.resource.jdbc.internal.LogicalConnectionManagedImpl.getPhysicalConnection(LogicalConnectionManagedImpl.java:143)
	at org.hibernate.engine.jdbc.internal.StatementPreparerImpl.connection(StatementPreparerImpl.java:54)
	at org.hibernate.engine.jdbc.internal.StatementPreparerImpl$5.doPrepare(StatementPreparerImpl.java:153)
	at org.hibernate.engine.jdbc.internal.StatementPreparerImpl$StatementPreparationTemplate.prepareStatement(StatementPreparerImpl.java:183)
	at org.hibernate.engine.jdbc.internal.StatementPreparerImpl.prepareQueryStatement(StatementPreparerImpl.java:155)
	at org.hibernate.sql.exec.spi.JdbcSelectExecutor.lambda$list$0(JdbcSelectExecutor.java:85)
	at org.hibernate.sql.results.jdbc.internal.DeferredResultSetAccess.executeQuery(DeferredResultSetAccess.java:231)
	at org.hibernate.sql.results.jdbc.internal.DeferredResultSetAccess.getResultSet(DeferredResultSetAccess.java:167)
	at org.hibernate.sql.results.jdbc.internal.JdbcValuesResultSetImpl.advanceNext(JdbcValuesResultSetImpl.java:218)
	at org.hibernate.sql.results.jdbc.internal.JdbcValuesResultSetImpl.processNext(JdbcValuesResultSetImpl.java:98)
	at org.hibernate.sql.results.jdbc.internal.AbstractJdbcValues.next(AbstractJdbcValues.java:19)
	at org.hibernate.sql.results.internal.RowProcessingStateStandardImpl.next(RowProcessingStateStandardImpl.java:66)
	at org.hibernate.sql.results.spi.ListResultsConsumer.consume(ListResultsConsumer.java:202)
	at org.hibernate.sql.results.spi.ListResultsConsumer.consume(ListResultsConsumer.java:33)
	at org.hibernate.sql.exec.internal.JdbcSelectExecutorStandardImpl.doExecuteQuery(JdbcSelectExecutorStandardImpl.java:209)
	at org.hibernate.sql.exec.internal.JdbcSelectExecutorStandardImpl.executeQuery(JdbcSelectExecutorStandardImpl.java:83)
	at org.hibernate.sql.exec.spi.JdbcSelectExecutor.list(JdbcSelectExecutor.java:76)
	at org.hibernate.sql.exec.spi.JdbcSelectExecutor.list(JdbcSelectExecutor.java:65)
	at org.hibernate.query.sqm.internal.ConcreteSqmSelectQueryPlan.lambda$new$2(ConcreteSqmSelectQueryPlan.java:137)
	at org.hibernate.query.sqm.internal.ConcreteSqmSelectQueryPlan.withCacheableSqmInterpretation(ConcreteSqmSelectQueryPlan.java:362)
	at org.hibernate.query.sqm.internal.ConcreteSqmSelectQueryPlan.performList(ConcreteSqmSelectQueryPlan.java:303)
	at org.hibernate.query.sqm.internal.QuerySqmImpl.doList(QuerySqmImpl.java:509)
	at org.hibernate.query.spi.AbstractSelectionQuery.list(AbstractSelectionQuery.java:427)
	at org.hibernate.query.spi.AbstractSelectionQuery.getSingleResult(AbstractSelectionQuery.java:564)
	at jdk.internal.reflect.GeneratedMethodAccessor28.invoke(Unknown Source)
	at java.base/jdk.internal.reflect.DelegatingMethodAccessorImpl.invoke(DelegatingMethodAccessorImpl.java:43)
	at java.base/java.lang.reflect.Method.invoke(Method.java:568)
	at org.springframework.orm.jpa.SharedEntityManagerCreator$DeferredQueryInvocationHandler.invoke(SharedEntityManagerCreator.java:415)
	at jdk.proxy2/jdk.proxy2.$Proxy141.getSingleResult(Unknown Source)
	at org.springframework.data.jpa.repository.query.JpaQueryExecution$SingleEntityExecution.doExecute(JpaQueryExecution.java:223)
	at org.springframework.data.jpa.repository.query.JpaQueryExecution.execute(JpaQueryExecution.java:92)
	at org.springframework.data.jpa.repository.query.AbstractJpaQuery.doExecute(AbstractJpaQuery.java:149)
	at org.springframework.data.jpa.repository.query.AbstractJpaQuery.execute(AbstractJpaQuery.java:137)
	at org.springframework.data.repository.core.support.RepositoryMethodInvoker.doInvoke(RepositoryMethodInvoker.java:170)
	at org.springframework.data.repository.core.support.RepositoryMethodInvoker.invoke(RepositoryMethodInvoker.java:158)
	at org.springframework.data.repository.core.support.QueryExecutorMethodInterceptor.doInvoke(QueryExecutorMethodInterceptor.java:164)
	at org.springframework.data.repository.core.support.QueryExecutorMethodInterceptor.invoke(QueryExecutorMethodInterceptor.java:143)
	at org.springframework.aop.framework.ReflectiveMethodInvocation.proceed(ReflectiveMethodInvocation.java:184)
	at org.springframework.data.projection.DefaultMethodInvokingMethodInterceptor.invoke(DefaultMethodInvokingMethodInterceptor.java:70)
	at org.springframework.aop.framework.ReflectiveMethodInvocation.proceed(ReflectiveMethodInvocation.java:184)
	at org.springframework.transaction.interceptor.TransactionInterceptor$1.proceedWithInvocation(TransactionInterceptor.java:123)
	at org.springframework.transaction.interceptor.TransactionAspectSupport.invokeWithinTransaction(TransactionAspectSupport.java:392)
	at org.springframework.transaction.interceptor.TransactionInterceptor.invoke(TransactionInterceptor.java:119)
	at org.springframework.aop.framework.ReflectiveMethodInvocation.proceed(ReflectiveMethodInvocation.java:184)
	at org.springframework.dao.support.PersistenceExceptionTranslationInterceptor.invoke(PersistenceExceptionTranslationInterceptor.java:137)
	... 24 common frames omitted
Caused by: java.sql.SQLTransientConnectionException: HikariPool-1 - Connection is not available, request timed out after 30005ms.
	at com.zaxxer.hikari.pool.HikariPool.createTimeoutException(HikariPool.java:696)
	at com.zaxxer.hikari.pool.HikariPool.getConnection(HikariPool.java:181)
	at com.zaxxer.hikari.pool.HikariPool.getConnection(HikariPool.java:146)
	at com.zaxxer.hikari.HikariDataSource.getConnection(HikariDataSource.java:128)
	at org.hibernate.engine.jdbc.connections.internal.DatasourceConnectionProviderImpl.getConnection(DatasourceConnectionProviderImpl.java:122)
	at org.hibernate.internal.NonContextualJdbcConnectionAccess.obtainConnection(NonContextualJdbcConnectionAccess.java:46)
	at org.hibernate.resource.jdbc.internal.LogicalConnectionManagedImpl.acquireConnectionIfNeeded(LogicalConnectionManagedImpl.java:113)
	... 69 common frames omitted
Caused by: java.sql.SQLRecoverableException: Erreur d'E/S: The Network Adapter could not establish the connection (CONNECTION_ID=X2isVAvdSRiv9MKpnfISYg==)
	at oracle.jdbc.driver.T4CConnection.handleLogonNetException(T4CConnection.java:892)
	at oracle.jdbc.driver.T4CConnection.logon(T4CConnection.java:697)
	at oracle.jdbc.driver.PhysicalConnection.connect(PhysicalConnection.java:1047)
	at oracle.jdbc.driver.T4CDriverExtension.getConnection(T4CDriverExtension.java:89)
	at oracle.jdbc.driver.OracleDriver.connect(OracleDriver.java:732)
	at oracle.jdbc.driver.OracleDriver.connect(OracleDriver.java:648)
	at com.zaxxer.hikari.util.DriverDataSource.getConnection(DriverDataSource.java:138)
	at com.zaxxer.hikari.pool.PoolBase.newConnection(PoolBase.java:359)
	at com.zaxxer.hikari.pool.PoolBase.newPoolEntry(PoolBase.java:201)
	at com.zaxxer.hikari.pool.HikariPool.createPoolEntry(HikariPool.java:470)
	at com.zaxxer.hikari.pool.HikariPool$PoolEntryCreator.call(HikariPool.java:733)
	at com.zaxxer.hikari.pool.HikariPool$PoolEntryCreator.call(HikariPool.java:712)
	at java.base/java.util.concurrent.FutureTask.run(FutureTask.java:264)
	... 3 common frames omitted
Caused by: oracle.net.ns.NetException: The Network Adapter could not establish the connection (CONNECTION_ID=X2isVAvdSRiv9MKpnfISYg==)
	at oracle.net.nt.ConnStrategy.execute(ConnStrategy.java:715)
	at oracle.net.resolver.AddrResolution.resolveAndExecute(AddrResolution.java:584)
	at oracle.net.ns.NSProtocol.establishConnection(NSProtocol.java:964)
	at oracle.net.ns.NSProtocol.connect(NSProtocol.java:350)
	at oracle.jdbc.driver.T4CConnection.connect(T4CConnection.java:2441)
	at oracle.jdbc.driver.T4CConnection.logon(T4CConnection.java:656)
	... 14 common frames omitted
Caused by: java.io.IOException: Network is unreachable: connect, socket connect lapse 1 ms. 37.187.250.163 1521  30000 (1/1) true
	at oracle.net.nt.TcpNTAdapter.establishSocket(TcpNTAdapter.java:425)
	at oracle.net.nt.TcpNTAdapter.doLocalDNSLookupConnect(TcpNTAdapter.java:307)
	at oracle.net.nt.TcpNTAdapter.connect(TcpNTAdapter.java:269)
	at oracle.net.nt.ConnOption.connect(ConnOption.java:230)
	at oracle.net.nt.ConnStrategy.executeConnOption(ConnStrategy.java:1014)
	at oracle.net.nt.ConnStrategy.execute(ConnStrategy.java:673)
	... 19 common frames omitted
Caused by: java.net.SocketException: Network is unreachable: connect
	at java.base/sun.nio.ch.Net.connect0(Native Method)
	at java.base/sun.nio.ch.Net.connect(Net.java:579)
	at java.base/sun.nio.ch.Net.connect(Net.java:586)
	at java.base/sun.nio.ch.SocketChannelImpl.connect(SocketChannelImpl.java:853)
	at java.base/java.nio.channels.SocketChannel.open(SocketChannel.java:285)
	at oracle.net.nt.TimeoutSocketChannel.connect(TimeoutSocketChannel.java:183)
	at oracle.net.nt.TimeoutSocketChannel.<init>(TimeoutSocketChannel.java:157)
	at oracle.net.nt.TcpNTAdapter.establishSocket(TcpNTAdapter.java:384)
	... 24 common frames omitted
2026-04-27 22:35:00.009 [scheduling-1] INFO  c.e.s.Scheduler.SignatureScheduler - === Début traitement automatique reception ===
2026-04-27 22:35:30.029 [scheduling-1] WARN  o.h.e.jdbc.spi.SqlExceptionHelper - SQL Error: 0, SQLState: 08006
2026-04-27 22:35:30.031 [scheduling-1] ERROR o.h.e.jdbc.spi.SqlExceptionHelper - HikariPool-1 - Connection is not available, request timed out after 30018ms.
2026-04-27 22:35:30.031 [scheduling-1] WARN  o.h.e.jdbc.spi.SqlExceptionHelper - SQL Error: 17002, SQLState: 08006
2026-04-27 22:35:30.043 [scheduling-1] ERROR o.h.e.jdbc.spi.SqlExceptionHelper - Erreur d'E/S: The Network Adapter could not establish the connection (CONNECTION_ID=AfPBYUU9QNWqtgWbmksGRw==)
2026-04-27 22:35:30.043 [scheduling-1] ERROR c.e.s.Scheduler.SignatureScheduler - Erreur dans le scheduler reception
org.springframework.dao.DataAccessResourceFailureException: Unable to acquire JDBC Connection [HikariPool-1 - Connection is not available, request timed out after 30018ms.] [n/a]
	at org.springframework.orm.jpa.vendor.HibernateJpaDialect.convertHibernateAccessException(HibernateJpaDialect.java:274)
	at org.springframework.orm.jpa.vendor.HibernateJpaDialect.translateExceptionIfPossible(HibernateJpaDialect.java:241)
	at org.springframework.orm.jpa.AbstractEntityManagerFactoryBean.translateExceptionIfPossible(AbstractEntityManagerFactoryBean.java:550)
	at org.springframework.dao.support.ChainedPersistenceExceptionTranslator.translateExceptionIfPossible(ChainedPersistenceExceptionTranslator.java:61)
	at org.springframework.dao.support.DataAccessUtils.translateIfNecessary(DataAccessUtils.java:335)
	at org.springframework.dao.support.PersistenceExceptionTranslationInterceptor.invoke(PersistenceExceptionTranslationInterceptor.java:152)
	at org.springframework.aop.framework.ReflectiveMethodInvocation.proceed(ReflectiveMethodInvocation.java:184)
	at org.springframework.data.jpa.repository.support.CrudMethodMetadataPostProcessor$CrudMethodMetadataPopulatingMethodInterceptor.invoke(CrudMethodMetadataPostProcessor.java:135)
	at org.springframework.aop.framework.ReflectiveMethodInvocation.proceed(ReflectiveMethodInvocation.java:184)
	at org.springframework.aop.interceptor.ExposeInvocationInterceptor.invoke(ExposeInvocationInterceptor.java:97)
	at org.springframework.aop.framework.ReflectiveMethodInvocation.proceed(ReflectiveMethodInvocation.java:184)
	at org.springframework.aop.framework.JdkDynamicAopProxy.invoke(JdkDynamicAopProxy.java:223)
	at jdk.proxy2/jdk.proxy2.$Proxy134.findPathScanAs(Unknown Source)
	at com.example.signature.service.ReceptionProcessingService.processReceptionFolders(ReceptionProcessingService.java:46)
	at com.example.signature.Scheduler.SignatureScheduler.processReceptionAuto(SignatureScheduler.java:43)
	at jdk.internal.reflect.GeneratedMethodAccessor27.invoke(Unknown Source)
	at java.base/jdk.internal.reflect.DelegatingMethodAccessorImpl.invoke(DelegatingMethodAccessorImpl.java:43)
	at java.base/java.lang.reflect.Method.invoke(Method.java:568)
	at org.springframework.scheduling.support.ScheduledMethodRunnable.runInternal(ScheduledMethodRunnable.java:130)
	at org.springframework.scheduling.support.ScheduledMethodRunnable.lambda$run$2(ScheduledMethodRunnable.java:124)
	at io.micrometer.observation.Observation.observe(Observation.java:499)
	at org.springframework.scheduling.support.ScheduledMethodRunnable.run(ScheduledMethodRunnable.java:124)
	at org.springframework.scheduling.support.DelegatingErrorHandlingRunnable.run(DelegatingErrorHandlingRunnable.java:54)
	at org.springframework.scheduling.concurrent.ReschedulingRunnable.run(ReschedulingRunnable.java:96)
	at java.base/java.util.concurrent.Executors$RunnableAdapter.call(Executors.java:539)
	at java.base/java.util.concurrent.FutureTask.run(FutureTask.java:264)
	at java.base/java.util.concurrent.ScheduledThreadPoolExecutor$ScheduledFutureTask.run(ScheduledThreadPoolExecutor.java:304)
	at java.base/java.util.concurrent.ThreadPoolExecutor.runWorker(ThreadPoolExecutor.java:1136)
	at java.base/java.util.concurrent.ThreadPoolExecutor$Worker.run(ThreadPoolExecutor.java:635)
	at java.base/java.lang.Thread.run(Thread.java:842)
Caused by: org.hibernate.exception.JDBCConnectionException: Unable to acquire JDBC Connection [HikariPool-1 - Connection is not available, request timed out after 30018ms.] [n/a]
	at org.hibernate.exception.internal.SQLExceptionTypeDelegate.convert(SQLExceptionTypeDelegate.java:51)
	at org.hibernate.exception.internal.StandardSQLExceptionConverter.convert(StandardSQLExceptionConverter.java:58)
	at org.hibernate.engine.jdbc.spi.SqlExceptionHelper.convert(SqlExceptionHelper.java:108)
	at org.hibernate.engine.jdbc.spi.SqlExceptionHelper.convert(SqlExceptionHelper.java:94)
	at org.hibernate.resource.jdbc.internal.LogicalConnectionManagedImpl.acquireConnectionIfNeeded(LogicalConnectionManagedImpl.java:116)
	at org.hibernate.resource.jdbc.internal.LogicalConnectionManagedImpl.getPhysicalConnection(LogicalConnectionManagedImpl.java:143)
	at org.hibernate.engine.jdbc.internal.StatementPreparerImpl.connection(StatementPreparerImpl.java:54)
	at org.hibernate.engine.jdbc.internal.StatementPreparerImpl$5.doPrepare(StatementPreparerImpl.java:153)
	at org.hibernate.engine.jdbc.internal.StatementPreparerImpl$StatementPreparationTemplate.prepareStatement(StatementPreparerImpl.java:183)
	at org.hibernate.engine.jdbc.internal.StatementPreparerImpl.prepareQueryStatement(StatementPreparerImpl.java:155)
	at org.hibernate.sql.exec.spi.JdbcSelectExecutor.lambda$list$0(JdbcSelectExecutor.java:85)
	at org.hibernate.sql.results.jdbc.internal.DeferredResultSetAccess.executeQuery(DeferredResultSetAccess.java:231)
	at org.hibernate.sql.results.jdbc.internal.DeferredResultSetAccess.getResultSet(DeferredResultSetAccess.java:167)
	at org.hibernate.sql.results.jdbc.internal.JdbcValuesResultSetImpl.advanceNext(JdbcValuesResultSetImpl.java:218)
	at org.hibernate.sql.results.jdbc.internal.JdbcValuesResultSetImpl.processNext(JdbcValuesResultSetImpl.java:98)
	at org.hibernate.sql.results.jdbc.internal.AbstractJdbcValues.next(AbstractJdbcValues.java:19)
	at org.hibernate.sql.results.internal.RowProcessingStateStandardImpl.next(RowProcessingStateStandardImpl.java:66)
	at org.hibernate.sql.results.spi.ListResultsConsumer.consume(ListResultsConsumer.java:202)
	at org.hibernate.sql.results.spi.ListResultsConsumer.consume(ListResultsConsumer.java:33)
	at org.hibernate.sql.exec.internal.JdbcSelectExecutorStandardImpl.doExecuteQuery(JdbcSelectExecutorStandardImpl.java:209)
	at org.hibernate.sql.exec.internal.JdbcSelectExecutorStandardImpl.executeQuery(JdbcSelectExecutorStandardImpl.java:83)
	at org.hibernate.sql.exec.spi.JdbcSelectExecutor.list(JdbcSelectExecutor.java:76)
	at org.hibernate.sql.exec.spi.JdbcSelectExecutor.list(JdbcSelectExecutor.java:65)
	at org.hibernate.query.sqm.internal.ConcreteSqmSelectQueryPlan.lambda$new$2(ConcreteSqmSelectQueryPlan.java:137)
	at org.hibernate.query.sqm.internal.ConcreteSqmSelectQueryPlan.withCacheableSqmInterpretation(ConcreteSqmSelectQueryPlan.java:362)
	at org.hibernate.query.sqm.internal.ConcreteSqmSelectQueryPlan.performList(ConcreteSqmSelectQueryPlan.java:303)
	at org.hibernate.query.sqm.internal.QuerySqmImpl.doList(QuerySqmImpl.java:509)
	at org.hibernate.query.spi.AbstractSelectionQuery.list(AbstractSelectionQuery.java:427)
	at org.hibernate.query.spi.AbstractSelectionQuery.getSingleResult(AbstractSelectionQuery.java:564)
	at jdk.internal.reflect.GeneratedMethodAccessor28.invoke(Unknown Source)
	at java.base/jdk.internal.reflect.DelegatingMethodAccessorImpl.invoke(DelegatingMethodAccessorImpl.java:43)
	at java.base/java.lang.reflect.Method.invoke(Method.java:568)
	at org.springframework.orm.jpa.SharedEntityManagerCreator$DeferredQueryInvocationHandler.invoke(SharedEntityManagerCreator.java:415)
	at jdk.proxy2/jdk.proxy2.$Proxy141.getSingleResult(Unknown Source)
	at org.springframework.data.jpa.repository.query.JpaQueryExecution$SingleEntityExecution.doExecute(JpaQueryExecution.java:223)
	at org.springframework.data.jpa.repository.query.JpaQueryExecution.execute(JpaQueryExecution.java:92)
	at org.springframework.data.jpa.repository.query.AbstractJpaQuery.doExecute(AbstractJpaQuery.java:149)
	at org.springframework.data.jpa.repository.query.AbstractJpaQuery.execute(AbstractJpaQuery.java:137)
	at org.springframework.data.repository.core.support.RepositoryMethodInvoker.doInvoke(RepositoryMethodInvoker.java:170)
	at org.springframework.data.repository.core.support.RepositoryMethodInvoker.invoke(RepositoryMethodInvoker.java:158)
	at org.springframework.data.repository.core.support.QueryExecutorMethodInterceptor.doInvoke(QueryExecutorMethodInterceptor.java:164)
	at org.springframework.data.repository.core.support.QueryExecutorMethodInterceptor.invoke(QueryExecutorMethodInterceptor.java:143)
	at org.springframework.aop.framework.ReflectiveMethodInvocation.proceed(ReflectiveMethodInvocation.java:184)
	at org.springframework.data.projection.DefaultMethodInvokingMethodInterceptor.invoke(DefaultMethodInvokingMethodInterceptor.java:70)
	at org.springframework.aop.framework.ReflectiveMethodInvocation.proceed(ReflectiveMethodInvocation.java:184)
	at org.springframework.transaction.interceptor.TransactionInterceptor$1.proceedWithInvocation(TransactionInterceptor.java:123)
	at org.springframework.transaction.interceptor.TransactionAspectSupport.invokeWithinTransaction(TransactionAspectSupport.java:392)
	at org.springframework.transaction.interceptor.TransactionInterceptor.invoke(TransactionInterceptor.java:119)
	at org.springframework.aop.framework.ReflectiveMethodInvocation.proceed(ReflectiveMethodInvocation.java:184)
	at org.springframework.dao.support.PersistenceExceptionTranslationInterceptor.invoke(PersistenceExceptionTranslationInterceptor.java:137)
	... 24 common frames omitted
Caused by: java.sql.SQLTransientConnectionException: HikariPool-1 - Connection is not available, request timed out after 30018ms.
	at com.zaxxer.hikari.pool.HikariPool.createTimeoutException(HikariPool.java:696)
	at com.zaxxer.hikari.pool.HikariPool.getConnection(HikariPool.java:181)
	at com.zaxxer.hikari.pool.HikariPool.getConnection(HikariPool.java:146)
	at com.zaxxer.hikari.HikariDataSource.getConnection(HikariDataSource.java:128)
	at org.hibernate.engine.jdbc.connections.internal.DatasourceConnectionProviderImpl.getConnection(DatasourceConnectionProviderImpl.java:122)
	at org.hibernate.internal.NonContextualJdbcConnectionAccess.obtainConnection(NonContextualJdbcConnectionAccess.java:46)
	at org.hibernate.resource.jdbc.internal.LogicalConnectionManagedImpl.acquireConnectionIfNeeded(LogicalConnectionManagedImpl.java:113)
	... 69 common frames omitted
Caused by: java.sql.SQLRecoverableException: Erreur d'E/S: The Network Adapter could not establish the connection (CONNECTION_ID=AfPBYUU9QNWqtgWbmksGRw==)
	at oracle.jdbc.driver.T4CConnection.handleLogonNetException(T4CConnection.java:892)
	at oracle.jdbc.driver.T4CConnection.logon(T4CConnection.java:697)
	at oracle.jdbc.driver.PhysicalConnection.connect(PhysicalConnection.java:1047)
	at oracle.jdbc.driver.T4CDriverExtension.getConnection(T4CDriverExtension.java:89)
	at oracle.jdbc.driver.OracleDriver.connect(OracleDriver.java:732)
	at oracle.jdbc.driver.OracleDriver.connect(OracleDriver.java:648)
	at com.zaxxer.hikari.util.DriverDataSource.getConnection(DriverDataSource.java:138)
	at com.zaxxer.hikari.pool.PoolBase.newConnection(PoolBase.java:359)
	at com.zaxxer.hikari.pool.PoolBase.newPoolEntry(PoolBase.java:201)
	at com.zaxxer.hikari.pool.HikariPool.createPoolEntry(HikariPool.java:470)
	at com.zaxxer.hikari.pool.HikariPool$PoolEntryCreator.call(HikariPool.java:733)
	at com.zaxxer.hikari.pool.HikariPool$PoolEntryCreator.call(HikariPool.java:712)
	at java.base/java.util.concurrent.FutureTask.run(FutureTask.java:264)
	... 3 common frames omitted
Caused by: oracle.net.ns.NetException: The Network Adapter could not establish the connection (CONNECTION_ID=AfPBYUU9QNWqtgWbmksGRw==)
	at oracle.net.nt.ConnStrategy.execute(ConnStrategy.java:715)
	at oracle.net.resolver.AddrResolution.resolveAndExecute(AddrResolution.java:584)
	at oracle.net.ns.NSProtocol.establishConnection(NSProtocol.java:964)
	at oracle.net.ns.NSProtocol.connect(NSProtocol.java:350)
	at oracle.jdbc.driver.T4CConnection.connect(T4CConnection.java:2441)
	at oracle.jdbc.driver.T4CConnection.logon(T4CConnection.java:656)
	... 14 common frames omitted
Caused by: java.io.IOException: Connection timed out: connect, socket connect lapse 21047 ms. 37.187.250.163 1521  30000 (1/1) true
	at oracle.net.nt.TcpNTAdapter.establishSocket(TcpNTAdapter.java:425)
	at oracle.net.nt.TcpNTAdapter.doLocalDNSLookupConnect(TcpNTAdapter.java:307)
	at oracle.net.nt.TcpNTAdapter.connect(TcpNTAdapter.java:269)
	at oracle.net.nt.ConnOption.connect(ConnOption.java:230)
	at oracle.net.nt.ConnStrategy.executeConnOption(ConnStrategy.java:1014)
	at oracle.net.nt.ConnStrategy.execute(ConnStrategy.java:673)
	... 19 common frames omitted
Caused by: java.net.ConnectException: Connection timed out: connect
	at java.base/sun.nio.ch.Net.connect0(Native Method)
	at java.base/sun.nio.ch.Net.connect(Net.java:579)
	at java.base/sun.nio.ch.Net.connect(Net.java:586)
	at java.base/sun.nio.ch.SocketChannelImpl.connect(SocketChannelImpl.java:853)
	at java.base/java.nio.channels.SocketChannel.open(SocketChannel.java:285)
	at oracle.net.nt.TimeoutSocketChannel.connect(TimeoutSocketChannel.java:183)
	at oracle.net.nt.TimeoutSocketChannel.<init>(TimeoutSocketChannel.java:157)
	at oracle.net.nt.TcpNTAdapter.establishSocket(TcpNTAdapter.java:384)
	... 24 common frames omitted
2026-04-27 22:35:30.057 [scheduling-1] INFO  c.e.s.Scheduler.SignatureScheduler - Début traitement automatique des signatures...
2026-04-27 22:35:49.112 [scheduling-1] INFO  c.e.s.Scheduler.SignatureScheduler - Fin traitement signatures
2026-04-27 22:36:00.013 [scheduling-1] INFO  c.e.s.Scheduler.SignatureScheduler - Début traitement automatique des signatures...
2026-04-27 22:36:00.968 [scheduling-1] INFO  c.e.s.Scheduler.SignatureScheduler - Fin traitement signatures
2026-04-27 22:36:00.968 [scheduling-1] INFO  c.e.s.Scheduler.SignatureScheduler - === Début traitement automatique reception ===
2026-04-27 22:36:01.243 [scheduling-1] INFO  c.e.s.Scheduler.SignatureScheduler - === Fin traitement reception ===
2026-04-27 22:37:00.012 [scheduling-1] INFO  c.e.s.Scheduler.SignatureScheduler - === Début traitement automatique reception ===
2026-04-27 22:37:00.490 [scheduling-1] INFO  c.e.s.Scheduler.SignatureScheduler - === Fin traitement reception ===
2026-04-27 22:37:00.490 [scheduling-1] INFO  c.e.s.Scheduler.SignatureScheduler - Début traitement automatique des signatures...
2026-04-27 22:37:01.085 [scheduling-1] INFO  c.e.s.Scheduler.SignatureScheduler - Fin traitement signatures
2026-04-27 22:38:00.001 [scheduling-1] INFO  c.e.s.Scheduler.SignatureScheduler - Début traitement automatique des signatures...
2026-04-27 22:38:04.099 [scheduling-1] INFO  c.e.s.Scheduler.SignatureScheduler - Fin traitement signatures
2026-04-27 22:38:04.099 [scheduling-1] INFO  c.e.s.Scheduler.SignatureScheduler - === Début traitement automatique reception ===
2026-04-27 22:38:04.554 [scheduling-1] INFO  c.e.s.Scheduler.SignatureScheduler - === Fin traitement reception ===
2026-04-27 22:39:00.017 [scheduling-1] INFO  c.e.s.Scheduler.SignatureScheduler - === Début traitement automatique reception ===
2026-04-27 22:39:00.325 [scheduling-1] INFO  c.e.s.Scheduler.SignatureScheduler - === Fin traitement reception ===
2026-04-27 22:39:00.325 [scheduling-1] INFO  c.e.s.Scheduler.SignatureScheduler - Début traitement automatique des signatures...
2026-04-27 22:39:00.891 [scheduling-1] INFO  c.e.s.Scheduler.SignatureScheduler - Fin traitement signatures
2026-04-27 22:40:00.000 [scheduling-1] INFO  c.e.s.Scheduler.SignatureScheduler - Début traitement automatique des signatures...
2026-04-27 22:40:00.680 [scheduling-1] INFO  c.e.s.Scheduler.SignatureScheduler - Fin traitement signatures
2026-04-27 22:40:00.680 [scheduling-1] INFO  c.e.s.Scheduler.SignatureScheduler - === Début traitement automatique reception ===
2026-04-27 22:40:00.905 [scheduling-1] INFO  c.e.s.Scheduler.SignatureScheduler - === Fin traitement reception ===
2026-04-27 22:41:00.005 [scheduling-1] INFO  c.e.s.Scheduler.SignatureScheduler - Début traitement automatique des signatures...
2026-04-27 22:41:00.738 [scheduling-1] INFO  c.e.s.Scheduler.SignatureScheduler - Fin traitement signatures
2026-04-27 22:41:00.739 [scheduling-1] INFO  c.e.s.Scheduler.SignatureScheduler - === Début traitement automatique reception ===
2026-04-27 22:41:01.014 [scheduling-1] INFO  c.e.s.Scheduler.SignatureScheduler - === Fin traitement reception ===
2026-04-27 22:42:00.002 [scheduling-1] INFO  c.e.s.Scheduler.SignatureScheduler - === Début traitement automatique reception ===
2026-04-27 22:42:00.369 [scheduling-1] INFO  c.e.s.Scheduler.SignatureScheduler - === Fin traitement reception ===
2026-04-27 22:42:00.371 [scheduling-1] INFO  c.e.s.Scheduler.SignatureScheduler - Début traitement automatique des signatures...
2026-04-27 22:42:00.961 [scheduling-1] INFO  c.e.s.Scheduler.SignatureScheduler - Fin traitement signatures
2026-04-27 22:43:00.000 [scheduling-1] INFO  c.e.s.Scheduler.SignatureScheduler - === Début traitement automatique reception ===
2026-04-27 22:43:00.353 [scheduling-1] INFO  c.e.s.Scheduler.SignatureScheduler - === Fin traitement reception ===
2026-04-27 22:43:00.353 [scheduling-1] INFO  c.e.s.Scheduler.SignatureScheduler - Début traitement automatique des signatures...
2026-04-27 22:43:00.925 [scheduling-1] INFO  c.e.s.Scheduler.SignatureScheduler - Fin traitement signatures
2026-04-27 22:44:00.000 [scheduling-1] INFO  c.e.s.Scheduler.SignatureScheduler - Début traitement automatique des signatures...
2026-04-27 22:44:00.642 [scheduling-1] INFO  c.e.s.Scheduler.SignatureScheduler - Fin traitement signatures
2026-04-27 22:44:00.642 [scheduling-1] INFO  c.e.s.Scheduler.SignatureScheduler - === Début traitement automatique reception ===
2026-04-27 22:44:00.886 [scheduling-1] INFO  c.e.s.Scheduler.SignatureScheduler - === Fin traitement reception ===
2026-04-27 22:45:00.001 [scheduling-1] INFO  c.e.s.Scheduler.SignatureScheduler - === Début traitement automatique reception ===
2026-04-27 22:45:00.350 [scheduling-1] INFO  c.e.s.Scheduler.SignatureScheduler - === Fin traitement reception ===
2026-04-27 22:45:00.350 [scheduling-1] INFO  c.e.s.Scheduler.SignatureScheduler - Début traitement automatique des signatures...
2026-04-27 22:45:00.909 [scheduling-1] INFO  c.e.s.Scheduler.SignatureScheduler - Fin traitement signatures
2026-04-27 22:46:00.005 [scheduling-1] INFO  c.e.s.Scheduler.SignatureScheduler - === Début traitement automatique reception ===
2026-04-27 22:46:00.337 [scheduling-1] INFO  c.e.s.Scheduler.SignatureScheduler - === Fin traitement reception ===
2026-04-27 22:46:00.337 [scheduling-1] INFO  c.e.s.Scheduler.SignatureScheduler - Début traitement automatique des signatures...
2026-04-27 22:46:02.077 [scheduling-1] INFO  c.e.s.Scheduler.SignatureScheduler - Fin traitement signatures
2026-04-27 22:47:00.004 [scheduling-1] INFO  c.e.s.Scheduler.SignatureScheduler - === Début traitement automatique reception ===
2026-04-27 22:47:01.602 [scheduling-1] INFO  c.e.s.Scheduler.SignatureScheduler - === Fin traitement reception ===
2026-04-27 22:47:01.603 [scheduling-1] INFO  c.e.s.Scheduler.SignatureScheduler - Début traitement automatique des signatures...
2026-04-27 22:47:05.784 [scheduling-1] INFO  c.e.s.Scheduler.SignatureScheduler - Fin traitement signatures
2026-04-27 22:48:00.013 [scheduling-1] INFO  c.e.s.Scheduler.SignatureScheduler - === Début traitement automatique reception ===
2026-04-27 22:48:00.447 [scheduling-1] INFO  c.e.s.Scheduler.SignatureScheduler - === Fin traitement reception ===
2026-04-27 22:48:00.447 [scheduling-1] INFO  c.e.s.Scheduler.SignatureScheduler - Début traitement automatique des signatures...
2026-04-27 22:48:01.034 [scheduling-1] INFO  c.e.s.Scheduler.SignatureScheduler - Fin traitement signatures
2026-04-27 22:49:00.003 [scheduling-1] INFO  c.e.s.Scheduler.SignatureScheduler - Début traitement automatique des signatures...
2026-04-27 22:49:01.087 [scheduling-1] INFO  c.e.s.Scheduler.SignatureScheduler - Fin traitement signatures
2026-04-27 22:49:01.087 [scheduling-1] INFO  c.e.s.Scheduler.SignatureScheduler - === Début traitement automatique reception ===
2026-04-27 22:49:01.342 [scheduling-1] INFO  c.e.s.Scheduler.SignatureScheduler - === Fin traitement reception ===
2026-04-27 22:50:00.000 [scheduling-1] INFO  c.e.s.Scheduler.SignatureScheduler - === Début traitement automatique reception ===
2026-04-27 22:50:00.357 [scheduling-1] INFO  c.e.s.Scheduler.SignatureScheduler - === Fin traitement reception ===
2026-04-27 22:50:00.360 [scheduling-1] INFO  c.e.s.Scheduler.SignatureScheduler - Début traitement automatique des signatures...
2026-04-27 22:50:00.904 [scheduling-1] INFO  c.e.s.Scheduler.SignatureScheduler - Fin traitement signatures
2026-04-27 22:51:00.008 [scheduling-1] INFO  c.e.s.Scheduler.SignatureScheduler - Début traitement automatique des signatures...
2026-04-27 22:51:00.929 [scheduling-1] INFO  c.e.s.Scheduler.SignatureScheduler - Fin traitement signatures
2026-04-27 22:51:00.929 [scheduling-1] INFO  c.e.s.Scheduler.SignatureScheduler - === Début traitement automatique reception ===
2026-04-27 22:51:01.174 [scheduling-1] INFO  c.e.s.Scheduler.SignatureScheduler - === Fin traitement reception ===
2026-04-27 22:52:00.009 [scheduling-1] INFO  c.e.s.Scheduler.SignatureScheduler - === Début traitement automatique reception ===
2026-04-27 22:52:00.988 [scheduling-1] INFO  c.e.s.Scheduler.SignatureScheduler - === Fin traitement reception ===
2026-04-27 22:52:00.989 [scheduling-1] INFO  c.e.s.Scheduler.SignatureScheduler - Début traitement automatique des signatures...
2026-04-27 22:52:01.622 [scheduling-1] INFO  c.e.s.Scheduler.SignatureScheduler - Fin traitement signatures
2026-04-27 22:53:00.008 [scheduling-1] INFO  c.e.s.Scheduler.SignatureScheduler - Début traitement automatique des signatures...
2026-04-27 22:53:01.747 [scheduling-1] INFO  c.e.s.Scheduler.SignatureScheduler - Fin traitement signatures
2026-04-27 22:53:01.747 [scheduling-1] INFO  c.e.s.Scheduler.SignatureScheduler - === Début traitement automatique reception ===
2026-04-27 22:53:04.064 [scheduling-1] INFO  c.e.s.Scheduler.SignatureScheduler - === Fin traitement reception ===
2026-04-27 22:54:00.008 [scheduling-1] INFO  c.e.s.Scheduler.SignatureScheduler - Début traitement automatique des signatures...
2026-04-27 22:54:00.640 [scheduling-1] INFO  c.e.s.Scheduler.SignatureScheduler - Fin traitement signatures
2026-04-27 22:54:00.646 [scheduling-1] INFO  c.e.s.Scheduler.SignatureScheduler - === Début traitement automatique reception ===
2026-04-27 22:54:00.886 [scheduling-1] INFO  c.e.s.Scheduler.SignatureScheduler - === Fin traitement reception ===
2026-04-27 22:55:00.014 [scheduling-1] INFO  c.e.s.Scheduler.SignatureScheduler - Début traitement automatique des signatures...
2026-04-27 22:55:00.708 [scheduling-1] INFO  c.e.s.Scheduler.SignatureScheduler - Fin traitement signatures
2026-04-27 22:55:00.710 [scheduling-1] INFO  c.e.s.Scheduler.SignatureScheduler - === Début traitement automatique reception ===
2026-04-27 22:55:00.951 [scheduling-1] INFO  c.e.s.Scheduler.SignatureScheduler - === Fin traitement reception ===
2026-04-27 22:56:00.002 [scheduling-1] INFO  c.e.s.Scheduler.SignatureScheduler - Début traitement automatique des signatures...
2026-04-27 22:56:00.635 [scheduling-1] INFO  c.e.s.Scheduler.SignatureScheduler - Fin traitement signatures
2026-04-27 22:56:00.636 [scheduling-1] INFO  c.e.s.Scheduler.SignatureScheduler - === Début traitement automatique reception ===
2026-04-27 22:56:00.909 [scheduling-1] INFO  c.e.s.Scheduler.SignatureScheduler - === Fin traitement reception ===
2026-04-27 22:57:00.002 [scheduling-1] INFO  c.e.s.Scheduler.SignatureScheduler - === Début traitement automatique reception ===
2026-04-27 22:57:00.394 [scheduling-1] INFO  c.e.s.Scheduler.SignatureScheduler - === Fin traitement reception ===
2026-04-27 22:57:00.394 [scheduling-1] INFO  c.e.s.Scheduler.SignatureScheduler - Début traitement automatique des signatures...
2026-04-27 22:57:00.938 [scheduling-1] INFO  c.e.s.Scheduler.SignatureScheduler - Fin traitement signatures
2026-04-27 22:58:00.012 [scheduling-1] INFO  c.e.s.Scheduler.SignatureScheduler - === Début traitement automatique reception ===
2026-04-27 22:58:00.332 [scheduling-1] INFO  c.e.s.Scheduler.SignatureScheduler - === Fin traitement reception ===
2026-04-27 22:58:00.355 [scheduling-1] INFO  c.e.s.Scheduler.SignatureScheduler - Début traitement automatique des signatures...
2026-04-27 22:58:00.905 [scheduling-1] INFO  c.e.s.Scheduler.SignatureScheduler - Fin traitement signatures
2026-04-27 22:59:00.003 [scheduling-1] INFO  c.e.s.Scheduler.SignatureScheduler - === Début traitement automatique reception ===
2026-04-27 22:59:00.349 [scheduling-1] INFO  c.e.s.Scheduler.SignatureScheduler - === Fin traitement reception ===
2026-04-27 22:59:00.350 [scheduling-1] INFO  c.e.s.Scheduler.SignatureScheduler - Début traitement automatique des signatures...
2026-04-27 22:59:00.897 [scheduling-1] INFO  c.e.s.Scheduler.SignatureScheduler - Fin traitement signatures
2026-04-27 23:00:00.003 [scheduling-1] INFO  c.e.s.Scheduler.SignatureScheduler - === Début traitement automatique reception ===
2026-04-27 23:00:01.505 [scheduling-1] INFO  c.e.s.Scheduler.SignatureScheduler - === Fin traitement reception ===
2026-04-27 23:00:01.505 [scheduling-1] INFO  c.e.s.Scheduler.SignatureScheduler - Début traitement automatique des signatures...
2026-04-27 23:00:02.065 [scheduling-1] INFO  c.e.s.Scheduler.SignatureScheduler - Fin traitement signatures
2026-04-27 23:01:00.000 [scheduling-1] INFO  c.e.s.Scheduler.SignatureScheduler - Début traitement automatique des signatures...
2026-04-27 23:01:00.605 [scheduling-1] INFO  c.e.s.Scheduler.SignatureScheduler - Fin traitement signatures
2026-04-27 23:01:00.605 [scheduling-1] INFO  c.e.s.Scheduler.SignatureScheduler - === Début traitement automatique reception ===
2026-04-27 23:01:01.025 [scheduling-1] INFO  c.e.s.Scheduler.SignatureScheduler - === Fin traitement reception ===
2026-04-27 23:02:00.004 [scheduling-1] INFO  c.e.s.Scheduler.SignatureScheduler - Début traitement automatique des signatures...
2026-04-27 23:02:00.666 [scheduling-1] INFO  c.e.s.Scheduler.SignatureScheduler - Fin traitement signatures
2026-04-27 23:02:00.666 [scheduling-1] INFO  c.e.s.Scheduler.SignatureScheduler - === Début traitement automatique reception ===
2026-04-27 23:02:00.904 [scheduling-1] INFO  c.e.s.Scheduler.SignatureScheduler - === Fin traitement reception ===
2026-04-27 23:03:00.013 [scheduling-1] INFO  c.e.s.Scheduler.SignatureScheduler - === Début traitement automatique reception ===
2026-04-27 23:03:00.329 [scheduling-1] INFO  c.e.s.Scheduler.SignatureScheduler - === Fin traitement reception ===
2026-04-27 23:03:00.329 [scheduling-1] INFO  c.e.s.Scheduler.SignatureScheduler - Début traitement automatique des signatures...
2026-04-27 23:03:00.848 [scheduling-1] INFO  c.e.s.Scheduler.SignatureScheduler - Fin traitement signatures
2026-04-27 23:04:00.010 [scheduling-1] INFO  c.e.s.Scheduler.SignatureScheduler - Début traitement automatique des signatures...
2026-04-27 23:04:00.620 [scheduling-1] INFO  c.e.s.Scheduler.SignatureScheduler - Fin traitement signatures
2026-04-27 23:04:00.621 [scheduling-1] INFO  c.e.s.Scheduler.SignatureScheduler - === Début traitement automatique reception ===
2026-04-27 23:04:00.861 [scheduling-1] INFO  c.e.s.Scheduler.SignatureScheduler - === Fin traitement reception ===
2026-04-27 23:05:00.012 [scheduling-1] INFO  c.e.s.Scheduler.SignatureScheduler - === Début traitement automatique reception ===
2026-04-27 23:05:00.356 [scheduling-1] INFO  c.e.s.Scheduler.SignatureScheduler - === Fin traitement reception ===
2026-04-27 23:05:00.357 [scheduling-1] INFO  c.e.s.Scheduler.SignatureScheduler - Début traitement automatique des signatures...
2026-04-27 23:05:00.915 [scheduling-1] INFO  c.e.s.Scheduler.SignatureScheduler - Fin traitement signatures
2026-04-27 23:06:00.007 [scheduling-1] INFO  c.e.s.Scheduler.SignatureScheduler - === Début traitement automatique reception ===
2026-04-27 23:06:00.345 [scheduling-1] INFO  c.e.s.Scheduler.SignatureScheduler - === Fin traitement reception ===
2026-04-27 23:06:00.347 [scheduling-1] INFO  c.e.s.Scheduler.SignatureScheduler - Début traitement automatique des signatures...
2026-04-27 23:06:00.910 [scheduling-1] INFO  c.e.s.Scheduler.SignatureScheduler - Fin traitement signatures
2026-04-27 23:07:00.012 [scheduling-1] INFO  c.e.s.Scheduler.SignatureScheduler - Début traitement automatique des signatures...
2026-04-27 23:07:01.543 [scheduling-1] INFO  c.e.s.Scheduler.SignatureScheduler - Fin traitement signatures
2026-04-27 23:07:01.543 [scheduling-1] INFO  c.e.s.Scheduler.SignatureScheduler - === Début traitement automatique reception ===
2026-04-27 23:07:03.640 [scheduling-1] INFO  c.e.s.Scheduler.SignatureScheduler - === Fin traitement reception ===
2026-04-27 23:08:00.002 [scheduling-1] INFO  c.e.s.Scheduler.SignatureScheduler - === Début traitement automatique reception ===
2026-04-27 23:08:00.339 [scheduling-1] INFO  c.e.s.Scheduler.SignatureScheduler - === Fin traitement reception ===
2026-04-27 23:08:00.340 [scheduling-1] INFO  c.e.s.Scheduler.SignatureScheduler - Début traitement automatique des signatures...
2026-04-27 23:08:00.948 [scheduling-1] INFO  c.e.s.Scheduler.SignatureScheduler - Fin traitement signatures
2026-04-27 23:09:00.004 [scheduling-1] INFO  c.e.s.Scheduler.SignatureScheduler - Début traitement automatique des signatures...
2026-04-27 23:09:00.683 [scheduling-1] INFO  c.e.s.Scheduler.SignatureScheduler - Fin traitement signatures
2026-04-27 23:09:00.683 [scheduling-1] INFO  c.e.s.Scheduler.SignatureScheduler - === Début traitement automatique reception ===
2026-04-27 23:09:00.921 [scheduling-1] INFO  c.e.s.Scheduler.SignatureScheduler - === Fin traitement reception ===
2026-04-27 23:10:00.008 [scheduling-1] INFO  c.e.s.Scheduler.SignatureScheduler - === Début traitement automatique reception ===
2026-04-27 23:10:00.412 [scheduling-1] INFO  c.e.s.Scheduler.SignatureScheduler - === Fin traitement reception ===
2026-04-27 23:10:00.413 [scheduling-1] INFO  c.e.s.Scheduler.SignatureScheduler - Début traitement automatique des signatures...
2026-04-27 23:10:00.956 [scheduling-1] INFO  c.e.s.Scheduler.SignatureScheduler - Fin traitement signatures
2026-04-27 23:11:00.013 [scheduling-1] INFO  c.e.s.Scheduler.SignatureScheduler - Début traitement automatique des signatures...
2026-04-27 23:11:01.793 [scheduling-1] INFO  c.e.s.Scheduler.SignatureScheduler - Fin traitement signatures
2026-04-27 23:11:01.793 [scheduling-1] INFO  c.e.s.Scheduler.SignatureScheduler - === Début traitement automatique reception ===
2026-04-27 23:11:03.651 [scheduling-1] INFO  c.e.s.Scheduler.SignatureScheduler - === Fin traitement reception ===
2026-04-27 23:12:00.011 [scheduling-1] INFO  c.e.s.Scheduler.SignatureScheduler - === Début traitement automatique reception ===
2026-04-27 23:12:00.331 [scheduling-1] INFO  c.e.s.Scheduler.SignatureScheduler - === Fin traitement reception ===
2026-04-27 23:12:00.332 [scheduling-1] INFO  c.e.s.Scheduler.SignatureScheduler - Début traitement automatique des signatures...
2026-04-27 23:12:00.873 [scheduling-1] INFO  c.e.s.Scheduler.SignatureScheduler - Fin traitement signatures
2026-04-27 23:13:00.017 [scheduling-1] INFO  c.e.s.Scheduler.SignatureScheduler - === Début traitement automatique reception ===
2026-04-27 23:13:00.377 [scheduling-1] INFO  c.e.s.Scheduler.SignatureScheduler - === Fin traitement reception ===
2026-04-27 23:13:00.378 [scheduling-1] INFO  c.e.s.Scheduler.SignatureScheduler - Début traitement automatique des signatures...
2026-04-27 23:13:00.954 [scheduling-1] INFO  c.e.s.Scheduler.SignatureScheduler - Fin traitement signatures
2026-04-27 23:14:00.002 [scheduling-1] INFO  c.e.s.Scheduler.SignatureScheduler - === Début traitement automatique reception ===
2026-04-27 23:14:00.334 [scheduling-1] INFO  c.e.s.Scheduler.SignatureScheduler - === Fin traitement reception ===
2026-04-27 23:14:00.335 [scheduling-1] INFO  c.e.s.Scheduler.SignatureScheduler - Début traitement automatique des signatures...
2026-04-27 23:14:00.951 [scheduling-1] INFO  c.e.s.Scheduler.SignatureScheduler - Fin traitement signatures
2026-04-27 23:15:00.005 [scheduling-1] INFO  c.e.s.Scheduler.SignatureScheduler - === Début traitement automatique reception ===
2026-04-27 23:15:00.328 [scheduling-1] INFO  c.e.s.Scheduler.SignatureScheduler - === Fin traitement reception ===
2026-04-27 23:15:00.329 [scheduling-1] INFO  c.e.s.Scheduler.SignatureScheduler - Début traitement automatique des signatures...
2026-04-27 23:15:01.014 [scheduling-1] INFO  c.e.s.Scheduler.SignatureScheduler - Fin traitement signatures
2026-04-27 23:16:00.012 [scheduling-1] INFO  c.e.s.Scheduler.SignatureScheduler - Début traitement automatique des signatures...
2026-04-27 23:16:00.651 [scheduling-1] INFO  c.e.s.Scheduler.SignatureScheduler - Fin traitement signatures
2026-04-27 23:16:00.652 [scheduling-1] INFO  c.e.s.Scheduler.SignatureScheduler - === Début traitement automatique reception ===
2026-04-27 23:16:00.881 [scheduling-1] INFO  c.e.s.Scheduler.SignatureScheduler - === Fin traitement reception ===
2026-04-27 23:17:00.014 [scheduling-1] INFO  c.e.s.Scheduler.SignatureScheduler - === Début traitement automatique reception ===
2026-04-27 23:17:00.334 [scheduling-1] INFO  c.e.s.Scheduler.SignatureScheduler - === Fin traitement reception ===
2026-04-27 23:17:00.335 [scheduling-1] INFO  c.e.s.Scheduler.SignatureScheduler - Début traitement automatique des signatures...
2026-04-27 23:17:00.929 [scheduling-1] INFO  c.e.s.Scheduler.SignatureScheduler - Fin traitement signatures
2026-04-27 23:18:00.002 [scheduling-1] INFO  c.e.s.Scheduler.SignatureScheduler - Début traitement automatique des signatures...
2026-04-27 23:18:00.656 [scheduling-1] INFO  c.e.s.Scheduler.SignatureScheduler - Fin traitement signatures
2026-04-27 23:18:00.656 [scheduling-1] INFO  c.e.s.Scheduler.SignatureScheduler - === Début traitement automatique reception ===
2026-04-27 23:18:00.878 [scheduling-1] INFO  c.e.s.Scheduler.SignatureScheduler - === Fin traitement reception ===
2026-04-27 23:19:00.010 [scheduling-1] INFO  c.e.s.Scheduler.SignatureScheduler - === Début traitement automatique reception ===
2026-04-27 23:19:00.347 [scheduling-1] INFO  c.e.s.Scheduler.SignatureScheduler - === Fin traitement reception ===
2026-04-27 23:19:00.348 [scheduling-1] INFO  c.e.s.Scheduler.SignatureScheduler - Début traitement automatique des signatures...
2026-04-27 23:19:00.926 [scheduling-1] INFO  c.e.s.Scheduler.SignatureScheduler - Fin traitement signatures
2026-04-27 23:20:00.012 [scheduling-1] INFO  c.e.s.Scheduler.SignatureScheduler - Début traitement automatique des signatures...
2026-04-27 23:20:00.658 [scheduling-1] INFO  c.e.s.Scheduler.SignatureScheduler - Fin traitement signatures
2026-04-27 23:20:00.659 [scheduling-1] INFO  c.e.s.Scheduler.SignatureScheduler - === Début traitement automatique reception ===
2026-04-27 23:20:00.888 [scheduling-1] INFO  c.e.s.Scheduler.SignatureScheduler - === Fin traitement reception ===
2026-04-27 23:21:00.004 [scheduling-1] INFO  c.e.s.Scheduler.SignatureScheduler - === Début traitement automatique reception ===
2026-04-27 23:21:00.328 [scheduling-1] INFO  c.e.s.Scheduler.SignatureScheduler - === Fin traitement reception ===
2026-04-27 23:21:00.329 [scheduling-1] INFO  c.e.s.Scheduler.SignatureScheduler - Début traitement automatique des signatures...
2026-04-27 23:21:00.857 [scheduling-1] INFO  c.e.s.Scheduler.SignatureScheduler - Fin traitement signatures
2026-04-27 23:22:00.013 [scheduling-1] INFO  c.e.s.Scheduler.SignatureScheduler - Début traitement automatique des signatures...
2026-04-27 23:22:00.617 [scheduling-1] INFO  c.e.s.Scheduler.SignatureScheduler - Fin traitement signatures
2026-04-27 23:22:00.618 [scheduling-1] INFO  c.e.s.Scheduler.SignatureScheduler - === Début traitement automatique reception ===
2026-04-27 23:22:02.078 [scheduling-1] INFO  c.e.s.Scheduler.SignatureScheduler - === Fin traitement reception ===
2026-04-27 23:23:00.006 [scheduling-1] INFO  c.e.s.Scheduler.SignatureScheduler - === Début traitement automatique reception ===
2026-04-27 23:23:00.319 [scheduling-1] INFO  c.e.s.Scheduler.SignatureScheduler - === Fin traitement reception ===
2026-04-27 23:23:00.348 [scheduling-1] INFO  c.e.s.Scheduler.SignatureScheduler - Début traitement automatique des signatures...
2026-04-27 23:23:00.853 [scheduling-1] INFO  c.e.s.Scheduler.SignatureScheduler - Fin traitement signatures
2026-04-27 23:24:00.015 [scheduling-1] INFO  c.e.s.Scheduler.SignatureScheduler - === Début traitement automatique reception ===
2026-04-27 23:24:00.484 [scheduling-1] INFO  c.e.s.Scheduler.SignatureScheduler - === Fin traitement reception ===
2026-04-27 23:24:00.484 [scheduling-1] INFO  c.e.s.Scheduler.SignatureScheduler - Début traitement automatique des signatures...
2026-04-27 23:24:01.127 [scheduling-1] INFO  c.e.s.Scheduler.SignatureScheduler - Fin traitement signatures
2026-04-27 23:25:00.005 [scheduling-1] INFO  c.e.s.Scheduler.SignatureScheduler - Début traitement automatique des signatures...
2026-04-27 23:25:00.710 [scheduling-1] INFO  c.e.s.Scheduler.SignatureScheduler - Fin traitement signatures
2026-04-27 23:25:00.711 [scheduling-1] INFO  c.e.s.Scheduler.SignatureScheduler - === Début traitement automatique reception ===
2026-04-27 23:25:00.949 [scheduling-1] INFO  c.e.s.Scheduler.SignatureScheduler - === Fin traitement reception ===
2026-04-27 23:26:00.013 [scheduling-1] INFO  c.e.s.Scheduler.SignatureScheduler - Début traitement automatique des signatures...
2026-04-27 23:26:00.636 [scheduling-1] INFO  c.e.s.Scheduler.SignatureScheduler - Fin traitement signatures
2026-04-27 23:26:00.636 [scheduling-1] INFO  c.e.s.Scheduler.SignatureScheduler - === Début traitement automatique reception ===
2026-04-27 23:26:00.881 [scheduling-1] INFO  c.e.s.Scheduler.SignatureScheduler - === Fin traitement reception ===
2026-04-27 23:27:00.012 [scheduling-1] INFO  c.e.s.Scheduler.SignatureScheduler - === Début traitement automatique reception ===
2026-04-27 23:27:00.335 [scheduling-1] INFO  c.e.s.Scheduler.SignatureScheduler - === Fin traitement reception ===
2026-04-27 23:27:00.335 [scheduling-1] INFO  c.e.s.Scheduler.SignatureScheduler - Début traitement automatique des signatures...
2026-04-27 23:27:00.858 [scheduling-1] INFO  c.e.s.Scheduler.SignatureScheduler - Fin traitement signatures
2026-04-27 23:28:00.012 [scheduling-1] INFO  c.e.s.Scheduler.SignatureScheduler - === Début traitement automatique reception ===
2026-04-27 23:28:00.341 [scheduling-1] INFO  c.e.s.Scheduler.SignatureScheduler - === Fin traitement reception ===
2026-04-27 23:28:00.341 [scheduling-1] INFO  c.e.s.Scheduler.SignatureScheduler - Début traitement automatique des signatures...
2026-04-27 23:28:00.858 [scheduling-1] INFO  c.e.s.Scheduler.SignatureScheduler - Fin traitement signatures
2026-04-27 23:29:00.007 [scheduling-1] INFO  c.e.s.Scheduler.SignatureScheduler - === Début traitement automatique reception ===
2026-04-27 23:29:01.397 [scheduling-1] INFO  c.e.s.Scheduler.SignatureScheduler - === Fin traitement reception ===
2026-04-27 23:29:01.398 [scheduling-1] INFO  c.e.s.Scheduler.SignatureScheduler - Début traitement automatique des signatures...
2026-04-27 23:29:01.920 [scheduling-1] INFO  c.e.s.Scheduler.SignatureScheduler - Fin traitement signatures
2026-04-27 23:30:00.012 [scheduling-1] INFO  c.e.s.Scheduler.SignatureScheduler - === Début traitement automatique reception ===
2026-04-27 23:30:00.376 [scheduling-1] INFO  c.e.s.Scheduler.SignatureScheduler - === Fin traitement reception ===
2026-04-27 23:30:00.376 [scheduling-1] INFO  c.e.s.Scheduler.SignatureScheduler - Début traitement automatique des signatures...
2026-04-27 23:30:00.902 [scheduling-1] INFO  c.e.s.Scheduler.SignatureScheduler - Fin traitement signatures
2026-04-27 23:31:00.015 [scheduling-1] INFO  c.e.s.Scheduler.SignatureScheduler - Début traitement automatique des signatures...
2026-04-27 23:31:00.720 [scheduling-1] INFO  c.e.s.Scheduler.SignatureScheduler - Fin traitement signatures
2026-04-27 23:31:00.720 [scheduling-1] INFO  c.e.s.Scheduler.SignatureScheduler - === Début traitement automatique reception ===
2026-04-27 23:31:00.971 [scheduling-1] INFO  c.e.s.Scheduler.SignatureScheduler - === Fin traitement reception ===
2026-04-27 23:32:00.005 [scheduling-1] INFO  c.e.s.Scheduler.SignatureScheduler - Début traitement automatique des signatures...
2026-04-27 23:32:00.611 [scheduling-1] INFO  c.e.s.Scheduler.SignatureScheduler - Fin traitement signatures
2026-04-27 23:32:00.612 [scheduling-1] INFO  c.e.s.Scheduler.SignatureScheduler - === Début traitement automatique reception ===
2026-04-27 23:32:00.845 [scheduling-1] INFO  c.e.s.Scheduler.SignatureScheduler - === Fin traitement reception ===
2026-04-27 23:33:00.010 [scheduling-1] INFO  c.e.s.Scheduler.SignatureScheduler - Début traitement automatique des signatures...
2026-04-27 23:33:00.725 [scheduling-1] INFO  c.e.s.Scheduler.SignatureScheduler - Fin traitement signatures
2026-04-27 23:33:00.725 [scheduling-1] INFO  c.e.s.Scheduler.SignatureScheduler - === Début traitement automatique reception ===
2026-04-27 23:33:00.960 [scheduling-1] INFO  c.e.s.Scheduler.SignatureScheduler - === Fin traitement reception ===
2026-04-27 23:34:00.010 [scheduling-1] INFO  c.e.s.Scheduler.SignatureScheduler - === Début traitement automatique reception ===
2026-04-27 23:34:00.883 [scheduling-1] INFO  c.e.s.Scheduler.SignatureScheduler - === Fin traitement reception ===
2026-04-27 23:34:00.883 [scheduling-1] INFO  c.e.s.Scheduler.SignatureScheduler - Début traitement automatique des signatures...
2026-04-27 23:34:03.000 [scheduling-1] INFO  c.e.s.Scheduler.SignatureScheduler - Fin traitement signatures
2026-04-27 23:35:00.008 [scheduling-1] INFO  c.e.s.Scheduler.SignatureScheduler - Début traitement automatique des signatures...
2026-04-27 23:35:00.665 [scheduling-1] INFO  c.e.s.Scheduler.SignatureScheduler - Fin traitement signatures
2026-04-27 23:35:00.670 [scheduling-1] INFO  c.e.s.Scheduler.SignatureScheduler - === Début traitement automatique reception ===
2026-04-27 23:35:00.923 [scheduling-1] INFO  c.e.s.Scheduler.SignatureScheduler - === Fin traitement reception ===
2026-04-27 23:36:00.001 [scheduling-1] INFO  c.e.s.Scheduler.SignatureScheduler - Début traitement automatique des signatures...
2026-04-27 23:36:01.745 [scheduling-1] INFO  c.e.s.Scheduler.SignatureScheduler - Fin traitement signatures
2026-04-27 23:36:01.745 [scheduling-1] INFO  c.e.s.Scheduler.SignatureScheduler - === Début traitement automatique reception ===
2026-04-27 23:36:02.265 [scheduling-1] INFO  c.e.s.Scheduler.SignatureScheduler - === Fin traitement reception ===
2026-04-27 23:37:00.016 [scheduling-1] INFO  c.e.s.Scheduler.SignatureScheduler - === Début traitement automatique reception ===
2026-04-27 23:37:02.857 [scheduling-1] INFO  c.e.s.Scheduler.SignatureScheduler - === Fin traitement reception ===
2026-04-27 23:37:02.857 [scheduling-1] INFO  c.e.s.Scheduler.SignatureScheduler - Début traitement automatique des signatures...
2026-04-27 23:37:07.145 [scheduling-1] INFO  c.e.s.Scheduler.SignatureScheduler - Fin traitement signatures
2026-04-27 23:38:00.009 [scheduling-1] INFO  c.e.s.Scheduler.SignatureScheduler - === Début traitement automatique reception ===
2026-04-27 23:38:00.437 [scheduling-1] INFO  c.e.s.Scheduler.SignatureScheduler - === Fin traitement reception ===
2026-04-27 23:38:00.437 [scheduling-1] INFO  c.e.s.Scheduler.SignatureScheduler - Début traitement automatique des signatures...
2026-04-27 23:38:00.950 [scheduling-1] INFO  c.e.s.Scheduler.SignatureScheduler - Fin traitement signatures
2026-04-27 23:39:00.003 [scheduling-1] INFO  c.e.s.Scheduler.SignatureScheduler - Début traitement automatique des signatures...
2026-04-27 23:39:00.972 [scheduling-1] INFO  c.e.s.Scheduler.SignatureScheduler - Fin traitement signatures
2026-04-27 23:39:00.972 [scheduling-1] INFO  c.e.s.Scheduler.SignatureScheduler - === Début traitement automatique reception ===
2026-04-27 23:39:01.413 [scheduling-1] INFO  c.e.s.Scheduler.SignatureScheduler - === Fin traitement reception ===
2026-04-27 23:40:00.008 [scheduling-1] INFO  c.e.s.Scheduler.SignatureScheduler - Début traitement automatique des signatures...
2026-04-27 23:40:00.601 [scheduling-1] INFO  c.e.s.Scheduler.SignatureScheduler - Fin traitement signatures
2026-04-27 23:40:00.601 [scheduling-1] INFO  c.e.s.Scheduler.SignatureScheduler - === Début traitement automatique reception ===
2026-04-27 23:40:00.831 [scheduling-1] INFO  c.e.s.Scheduler.SignatureScheduler - === Fin traitement reception ===
2026-04-27 23:41:00.007 [scheduling-1] INFO  c.e.s.Scheduler.SignatureScheduler - Début traitement automatique des signatures...
2026-04-27 23:41:00.629 [scheduling-1] INFO  c.e.s.Scheduler.SignatureScheduler - Fin traitement signatures
2026-04-27 23:41:00.629 [scheduling-1] INFO  c.e.s.Scheduler.SignatureScheduler - === Début traitement automatique reception ===
2026-04-27 23:41:00.907 [scheduling-1] INFO  c.e.s.Scheduler.SignatureScheduler - === Fin traitement reception ===
2026-04-27 23:42:00.008 [scheduling-1] INFO  c.e.s.Scheduler.SignatureScheduler - === Début traitement automatique reception ===
2026-04-27 23:42:00.359 [scheduling-1] INFO  c.e.s.Scheduler.SignatureScheduler - === Fin traitement reception ===
2026-04-27 23:42:00.361 [scheduling-1] INFO  c.e.s.Scheduler.SignatureScheduler - Début traitement automatique des signatures...
2026-04-27 23:42:00.864 [scheduling-1] INFO  c.e.s.Scheduler.SignatureScheduler - Fin traitement signatures
2026-04-27 23:43:00.010 [scheduling-1] INFO  c.e.s.Scheduler.SignatureScheduler - Début traitement automatique des signatures...
2026-04-27 23:43:00.654 [scheduling-1] INFO  c.e.s.Scheduler.SignatureScheduler - Fin traitement signatures
2026-04-27 23:43:00.654 [scheduling-1] INFO  c.e.s.Scheduler.SignatureScheduler - === Début traitement automatique reception ===
2026-04-27 23:43:00.896 [scheduling-1] INFO  c.e.s.Scheduler.SignatureScheduler - === Fin traitement reception ===
2026-04-27 23:44:00.005 [scheduling-1] INFO  c.e.s.Scheduler.SignatureScheduler - === Début traitement automatique reception ===
2026-04-27 23:44:00.343 [scheduling-1] INFO  c.e.s.Scheduler.SignatureScheduler - === Fin traitement reception ===
2026-04-27 23:44:00.343 [scheduling-1] INFO  c.e.s.Scheduler.SignatureScheduler - Début traitement automatique des signatures...
2026-04-27 23:44:00.892 [scheduling-1] INFO  c.e.s.Scheduler.SignatureScheduler - Fin traitement signatures
2026-04-27 23:45:00.021 [scheduling-1] INFO  c.e.s.Scheduler.SignatureScheduler - === Début traitement automatique reception ===
2026-04-27 23:45:00.402 [scheduling-1] INFO  c.e.s.Scheduler.SignatureScheduler - === Fin traitement reception ===
2026-04-27 23:45:00.402 [scheduling-1] INFO  c.e.s.Scheduler.SignatureScheduler - Début traitement automatique des signatures...
2026-04-27 23:45:00.949 [scheduling-1] INFO  c.e.s.Scheduler.SignatureScheduler - Fin traitement signatures
2026-04-27 23:46:00.006 [scheduling-1] INFO  c.e.s.Scheduler.SignatureScheduler - === Début traitement automatique reception ===
2026-04-27 23:46:00.345 [scheduling-1] INFO  c.e.s.Scheduler.SignatureScheduler - === Fin traitement reception ===
2026-04-27 23:46:00.345 [scheduling-1] INFO  c.e.s.Scheduler.SignatureScheduler - Début traitement automatique des signatures...
2026-04-27 23:46:00.901 [scheduling-1] INFO  c.e.s.Scheduler.SignatureScheduler - Fin traitement signatures
2026-04-27 23:47:00.012 [scheduling-1] INFO  c.e.s.Scheduler.SignatureScheduler - Début traitement automatique des signatures...
2026-04-27 23:47:00.638 [scheduling-1] INFO  c.e.s.Scheduler.SignatureScheduler - Fin traitement signatures
2026-04-27 23:47:00.638 [scheduling-1] INFO  c.e.s.Scheduler.SignatureScheduler - === Début traitement automatique reception ===
2026-04-27 23:47:00.868 [scheduling-1] INFO  c.e.s.Scheduler.SignatureScheduler - === Fin traitement reception ===
2026-04-27 23:48:00.010 [scheduling-1] INFO  c.e.s.Scheduler.SignatureScheduler - Début traitement automatique des signatures...
2026-04-27 23:48:00.824 [scheduling-1] INFO  c.e.s.Scheduler.SignatureScheduler - Fin traitement signatures
2026-04-27 23:48:00.824 [scheduling-1] INFO  c.e.s.Scheduler.SignatureScheduler - === Début traitement automatique reception ===
2026-04-27 23:48:01.110 [scheduling-1] INFO  c.e.s.Scheduler.SignatureScheduler - === Fin traitement reception ===
2026-04-27 23:49:00.008 [scheduling-1] INFO  c.e.s.Scheduler.SignatureScheduler - Début traitement automatique des signatures...
2026-04-27 23:49:00.664 [scheduling-1] INFO  c.e.s.Scheduler.SignatureScheduler - Fin traitement signatures
2026-04-27 23:49:00.664 [scheduling-1] INFO  c.e.s.Scheduler.SignatureScheduler - === Début traitement automatique reception ===
2026-04-27 23:49:00.923 [scheduling-1] INFO  c.e.s.Scheduler.SignatureScheduler - === Fin traitement reception ===
2026-04-27 23:50:00.010 [scheduling-1] INFO  c.e.s.Scheduler.SignatureScheduler - === Début traitement automatique reception ===
2026-04-27 23:50:00.362 [scheduling-1] INFO  c.e.s.Scheduler.SignatureScheduler - === Fin traitement reception ===
2026-04-27 23:50:00.364 [scheduling-1] INFO  c.e.s.Scheduler.SignatureScheduler - Début traitement automatique des signatures...
2026-04-27 23:50:00.906 [scheduling-1] INFO  c.e.s.Scheduler.SignatureScheduler - Fin traitement signatures
2026-04-27 23:51:00.012 [scheduling-1] INFO  c.e.s.Scheduler.SignatureScheduler - === Début traitement automatique reception ===
2026-04-27 23:51:00.349 [scheduling-1] INFO  c.e.s.Scheduler.SignatureScheduler - === Fin traitement reception ===
2026-04-27 23:51:00.349 [scheduling-1] INFO  c.e.s.Scheduler.SignatureScheduler - Début traitement automatique des signatures...
2026-04-27 23:51:00.880 [scheduling-1] INFO  c.e.s.Scheduler.SignatureScheduler - Fin traitement signatures
2026-04-27 23:52:00.005 [scheduling-1] INFO  c.e.s.Scheduler.SignatureScheduler - Début traitement automatique des signatures...
2026-04-27 23:52:00.645 [scheduling-1] INFO  c.e.s.Scheduler.SignatureScheduler - Fin traitement signatures
2026-04-27 23:52:00.647 [scheduling-1] INFO  c.e.s.Scheduler.SignatureScheduler - === Début traitement automatique reception ===
2026-04-27 23:52:00.880 [scheduling-1] INFO  c.e.s.Scheduler.SignatureScheduler - === Fin traitement reception ===
2026-04-27 23:53:00.003 [scheduling-1] INFO  c.e.s.Scheduler.SignatureScheduler - Début traitement automatique des signatures...
2026-04-27 23:53:00.727 [scheduling-1] INFO  c.e.s.Scheduler.SignatureScheduler - Fin traitement signatures
2026-04-27 23:53:00.727 [scheduling-1] INFO  c.e.s.Scheduler.SignatureScheduler - === Début traitement automatique reception ===
2026-04-27 23:53:00.986 [scheduling-1] INFO  c.e.s.Scheduler.SignatureScheduler - === Fin traitement reception ===
2026-04-27 23:54:00.019 [scheduling-1] INFO  c.e.s.Scheduler.SignatureScheduler - === Début traitement automatique reception ===
2026-04-27 23:54:00.651 [scheduling-1] INFO  c.e.s.Scheduler.SignatureScheduler - === Fin traitement reception ===
2026-04-27 23:54:00.651 [scheduling-1] INFO  c.e.s.Scheduler.SignatureScheduler - Début traitement automatique des signatures...
2026-04-27 23:54:01.195 [scheduling-1] INFO  c.e.s.Scheduler.SignatureScheduler - Fin traitement signatures
2026-04-27 23:55:00.003 [scheduling-1] INFO  c.e.s.Scheduler.SignatureScheduler - === Début traitement automatique reception ===
2026-04-27 23:55:00.346 [scheduling-1] INFO  c.e.s.Scheduler.SignatureScheduler - === Fin traitement reception ===
2026-04-27 23:55:00.348 [scheduling-1] INFO  c.e.s.Scheduler.SignatureScheduler - Début traitement automatique des signatures...
2026-04-27 23:55:00.919 [scheduling-1] INFO  c.e.s.Scheduler.SignatureScheduler - Fin traitement signatures
2026-04-27 23:56:00.006 [scheduling-1] INFO  c.e.s.Scheduler.SignatureScheduler - === Début traitement automatique reception ===
2026-04-27 23:56:01.070 [scheduling-1] INFO  c.e.s.Scheduler.SignatureScheduler - === Fin traitement reception ===
2026-04-27 23:56:01.070 [scheduling-1] INFO  c.e.s.Scheduler.SignatureScheduler - Début traitement automatique des signatures...
2026-04-27 23:56:01.883 [scheduling-1] INFO  c.e.s.Scheduler.SignatureScheduler - Fin traitement signatures
2026-04-27 23:57:00.013 [scheduling-1] INFO  c.e.s.Scheduler.SignatureScheduler - Début traitement automatique des signatures...
2026-04-27 23:57:00.726 [scheduling-1] INFO  c.e.s.Scheduler.SignatureScheduler - Fin traitement signatures
2026-04-27 23:57:00.726 [scheduling-1] INFO  c.e.s.Scheduler.SignatureScheduler - === Début traitement automatique reception ===
2026-04-27 23:57:01.129 [scheduling-1] INFO  c.e.s.Scheduler.SignatureScheduler - === Fin traitement reception ===
2026-04-27 23:58:00.027 [scheduling-1] INFO  c.e.s.Scheduler.SignatureScheduler - Début traitement automatique des signatures...
2026-04-27 23:58:00.702 [scheduling-1] INFO  c.e.s.Scheduler.SignatureScheduler - Fin traitement signatures
2026-04-27 23:58:00.702 [scheduling-1] INFO  c.e.s.Scheduler.SignatureScheduler - === Début traitement automatique reception ===
2026-04-27 23:58:00.988 [scheduling-1] INFO  c.e.s.Scheduler.SignatureScheduler - === Fin traitement reception ===
2026-04-27 23:59:00.012 [scheduling-1] INFO  c.e.s.Scheduler.SignatureScheduler - === Début traitement automatique reception ===
2026-04-27 23:59:00.386 [scheduling-1] INFO  c.e.s.Scheduler.SignatureScheduler - === Fin traitement reception ===
2026-04-27 23:59:00.401 [scheduling-1] INFO  c.e.s.Scheduler.SignatureScheduler - Début traitement automatique des signatures...
2026-04-27 23:59:01.015 [scheduling-1] INFO  c.e.s.Scheduler.SignatureScheduler - Fin traitement signatures
