2026-04-14 08:39:27.972 [scheduling-1] INFO  c.e.s.Scheduler.SignatureScheduler - Début traitement automatique des signatures...
2026-04-14 08:39:27.980 [scheduling-1] WARN  com.zaxxer.hikari.pool.PoolBase - HikariPool-1 - Failed to validate connection oracle.jdbc.driver.T4CConnection@11bfd751 (Connexion interrompue). Possibly consider using a shorter maxLifetime value.
2026-04-14 08:39:27.982 [scheduling-1] WARN  com.zaxxer.hikari.pool.PoolBase - HikariPool-1 - Failed to validate connection oracle.jdbc.driver.T4CConnection@3de7cd48 (Connexion interrompue). Possibly consider using a shorter maxLifetime value.
2026-04-14 08:39:27.984 [scheduling-1] WARN  com.zaxxer.hikari.pool.PoolBase - HikariPool-1 - Failed to validate connection oracle.jdbc.driver.T4CConnection@4e620771 (Connexion interrompue). Possibly consider using a shorter maxLifetime value.
2026-04-14 08:39:27.984 [scheduling-1] WARN  com.zaxxer.hikari.pool.PoolBase - HikariPool-1 - Failed to validate connection oracle.jdbc.driver.T4CConnection@36be80c7 (Connexion interrompue). Possibly consider using a shorter maxLifetime value.
2026-04-14 08:39:27.986 [scheduling-1] WARN  com.zaxxer.hikari.pool.PoolBase - HikariPool-1 - Failed to validate connection oracle.jdbc.driver.T4CConnection@2dba2933 (Connexion interrompue). Possibly consider using a shorter maxLifetime value.
2026-04-14 08:39:27.986 [scheduling-1] WARN  com.zaxxer.hikari.pool.PoolBase - HikariPool-1 - Failed to validate connection oracle.jdbc.driver.T4CConnection@4df64636 (Connexion interrompue). Possibly consider using a shorter maxLifetime value.
2026-04-14 08:39:27.987 [scheduling-1] WARN  com.zaxxer.hikari.pool.PoolBase - HikariPool-1 - Failed to validate connection oracle.jdbc.driver.T4CConnection@66b4b9ea (Connexion interrompue). Possibly consider using a shorter maxLifetime value.
2026-04-14 08:39:27.987 [scheduling-1] WARN  com.zaxxer.hikari.pool.PoolBase - HikariPool-1 - Failed to validate connection oracle.jdbc.driver.T4CConnection@600ab6f1 (Connexion interrompue). Possibly consider using a shorter maxLifetime value.
2026-04-14 08:39:27.987 [scheduling-1] WARN  com.zaxxer.hikari.pool.PoolBase - HikariPool-1 - Failed to validate connection oracle.jdbc.driver.T4CConnection@514042e3 (Connexion interrompue). Possibly consider using a shorter maxLifetime value.
2026-04-14 08:39:27.987 [scheduling-1] WARN  com.zaxxer.hikari.pool.PoolBase - HikariPool-1 - Failed to validate connection oracle.jdbc.driver.T4CConnection@56f25e64 (Connexion interrompue). Possibly consider using a shorter maxLifetime value.
2026-04-14 08:39:28.596 [scheduling-1] INFO  c.e.s.Scheduler.SignatureScheduler - Fin traitement signatures
2026-04-14 08:39:31.738 [HikariPool-1 housekeeper] WARN  com.zaxxer.hikari.pool.HikariPool - HikariPool-1 - Thread starvation or clock leap detected (housekeeper delta=15h54m57s966ms468µs300ns).
2026-04-14 08:40:00.010 [scheduling-1] INFO  c.e.s.Scheduler.SignatureScheduler - Début traitement automatique des signatures...
2026-04-14 08:40:00.285 [scheduling-1] INFO  c.e.s.Scheduler.SignatureScheduler - Fin traitement signatures
2026-04-14 08:41:00.004 [scheduling-1] INFO  c.e.s.Scheduler.SignatureScheduler - Début traitement automatique des signatures...
2026-04-14 08:41:00.273 [scheduling-1] INFO  c.e.s.Scheduler.SignatureScheduler - Fin traitement signatures
2026-04-14 08:42:00.014 [scheduling-1] INFO  c.e.s.Scheduler.SignatureScheduler - Début traitement automatique des signatures...
2026-04-14 08:42:00.324 [scheduling-1] INFO  c.e.s.Scheduler.SignatureScheduler - Fin traitement signatures
2026-04-14 08:43:00.007 [scheduling-1] INFO  c.e.s.Scheduler.SignatureScheduler - Début traitement automatique des signatures...
2026-04-14 08:43:00.284 [scheduling-1] INFO  c.e.s.Scheduler.SignatureScheduler - Fin traitement signatures
2026-04-14 08:44:00.001 [scheduling-1] INFO  c.e.s.Scheduler.SignatureScheduler - Début traitement automatique des signatures...
2026-04-14 08:44:00.460 [scheduling-1] INFO  c.e.s.Scheduler.SignatureScheduler - Fin traitement signatures
2026-04-14 08:45:00.003 [scheduling-1] INFO  c.e.s.Scheduler.SignatureScheduler - Début traitement automatique des signatures...
2026-04-14 08:45:00.326 [scheduling-1] INFO  c.e.s.Scheduler.SignatureScheduler - Fin traitement signatures
2026-04-14 08:46:00.002 [scheduling-1] INFO  c.e.s.Scheduler.SignatureScheduler - Début traitement automatique des signatures...
2026-04-14 08:46:00.385 [scheduling-1] INFO  c.e.s.Scheduler.SignatureScheduler - Fin traitement signatures
2026-04-14 08:47:00.010 [scheduling-1] INFO  c.e.s.Scheduler.SignatureScheduler - Début traitement automatique des signatures...
2026-04-14 08:47:00.286 [scheduling-1] INFO  c.e.s.Scheduler.SignatureScheduler - Fin traitement signatures
2026-04-14 08:48:00.015 [scheduling-1] INFO  c.e.s.Scheduler.SignatureScheduler - Début traitement automatique des signatures...
2026-04-14 08:48:00.300 [scheduling-1] INFO  c.e.s.Scheduler.SignatureScheduler - Fin traitement signatures
2026-04-14 08:48:38.480 [SpringApplicationShutdownHook] INFO  o.s.o.j.LocalContainerEntityManagerFactoryBean - Closing JPA EntityManagerFactory for persistence unit 'default'
2026-04-14 08:48:38.489 [SpringApplicationShutdownHook] INFO  com.zaxxer.hikari.HikariDataSource - HikariPool-1 - Shutdown initiated...
2026-04-14 08:48:38.877 [SpringApplicationShutdownHook] INFO  com.zaxxer.hikari.HikariDataSource - HikariPool-1 - Shutdown completed.
2026-04-14 08:48:43.309 [background-preinit] INFO  o.h.validator.internal.util.Version - HV000001: Hibernate Validator 8.0.1.Final
2026-04-14 08:48:43.371 [main] INFO  c.e.signature.SignatureApplication - Starting SignatureApplication using Java 17.0.16 with PID 14216 (C:\Users\LENOVO\Desktop\Projet Signature\xml-signature-springboot-complete\target\classes started by LENOVO in C:\Users\LENOVO\Desktop\Projet Signature\xml-signature-springboot-complete)
2026-04-14 08:48:43.373 [main] INFO  c.e.signature.SignatureApplication - No active profile set, falling back to 1 default profile: "default"
2026-04-14 08:48:44.503 [main] INFO  o.s.d.r.c.RepositoryConfigurationDelegate - Bootstrapping Spring Data JPA repositories in DEFAULT mode.
2026-04-14 08:48:44.581 [main] INFO  o.s.d.r.c.RepositoryConfigurationDelegate - Finished Spring Data repository scanning in 69 ms. Found 3 JPA repository interfaces.
2026-04-14 08:48:45.604 [main] INFO  o.s.b.w.e.tomcat.TomcatWebServer - Tomcat initialized with port 8075 (http)
2026-04-14 08:48:45.614 [main] INFO  o.a.coyote.http11.Http11NioProtocol - Initializing ProtocolHandler ["http-nio-8075"]
2026-04-14 08:48:45.617 [main] INFO  o.a.catalina.core.StandardService - Starting service [Tomcat]
2026-04-14 08:48:45.617 [main] INFO  o.a.catalina.core.StandardEngine - Starting Servlet engine: [Apache Tomcat/10.1.20]
2026-04-14 08:48:45.677 [main] INFO  o.a.c.c.C.[Tomcat].[localhost].[/] - Initializing Spring embedded WebApplicationContext
2026-04-14 08:48:45.678 [main] INFO  o.s.b.w.s.c.ServletWebServerApplicationContext - Root WebApplicationContext: initialization completed in 2190 ms
2026-04-14 08:48:45.992 [main] INFO  o.h.jpa.internal.util.LogHelper - HHH000204: Processing PersistenceUnitInfo [name: default]
2026-04-14 08:48:46.098 [main] INFO  org.hibernate.Version - HHH000412: Hibernate ORM core version 6.4.4.Final
2026-04-14 08:48:46.145 [main] INFO  o.h.c.i.RegionFactoryInitiator - HHH000026: Second-level cache disabled
2026-04-14 08:48:47.123 [main] INFO  o.s.o.j.p.SpringPersistenceUnitInfo - No LoadTimeWeaver setup: ignoring JPA class transformer
2026-04-14 08:48:47.149 [main] INFO  com.zaxxer.hikari.HikariDataSource - HikariPool-1 - Starting...
2026-04-14 08:48:47.772 [main] INFO  com.zaxxer.hikari.pool.HikariPool - HikariPool-1 - Added connection oracle.jdbc.driver.T4CConnection@11adab6d
2026-04-14 08:48:47.772 [main] INFO  com.zaxxer.hikari.HikariDataSource - HikariPool-1 - Start completed.
2026-04-14 08:48:48.885 [main] INFO  o.h.e.t.j.p.i.JtaPlatformInitiator - HHH000489: No JTA platform available (set 'hibernate.transaction.jta.platform' to enable JTA platform integration)
2026-04-14 08:48:48.888 [main] INFO  o.s.o.j.LocalContainerEntityManagerFactoryBean - Initialized JPA EntityManagerFactory for persistence unit 'default'
2026-04-14 08:48:49.216 [main] INFO  o.s.d.j.r.query.QueryEnhancerFactory - Hibernate is in classpath; If applicable, HQL parser will be used.
2026-04-14 08:48:50.628 [main] INFO  o.a.coyote.http11.Http11NioProtocol - Starting ProtocolHandler ["http-nio-8075"]
2026-04-14 08:48:50.683 [main] INFO  o.s.b.w.e.tomcat.TomcatWebServer - Tomcat started on port 8075 (http) with context path ''
2026-04-14 08:48:50.712 [main] INFO  c.e.signature.SignatureApplication - Started SignatureApplication in 7.924 seconds (process running for 8.382)
2026-04-14 08:49:00.014 [scheduling-1] INFO  c.e.s.Scheduler.SignatureScheduler - Début traitement automatique des signatures...
2026-04-14 08:49:00.463 [scheduling-1] INFO  c.e.s.Scheduler.SignatureScheduler - Fin traitement signatures
2026-04-14 08:49:15.994 [http-nio-8075-exec-1] INFO  o.a.c.c.C.[Tomcat].[localhost].[/] - Initializing Spring DispatcherServlet 'dispatcherServlet'
2026-04-14 08:49:15.995 [http-nio-8075-exec-1] INFO  o.s.web.servlet.DispatcherServlet - Initializing Servlet 'dispatcherServlet'
2026-04-14 08:49:15.996 [http-nio-8075-exec-1] INFO  o.s.web.servlet.DispatcherServlet - Completed initialization in 1 ms
2026-04-14 08:50:00.005 [scheduling-1] INFO  c.e.s.Scheduler.SignatureScheduler - Début traitement automatique des signatures...
2026-04-14 08:50:00.318 [scheduling-1] INFO  c.e.s.Scheduler.SignatureScheduler - Fin traitement signatures
2026-04-14 08:51:00.018 [scheduling-1] INFO  c.e.s.Scheduler.SignatureScheduler - Début traitement automatique des signatures...
2026-04-14 08:51:00.304 [scheduling-1] INFO  c.e.s.Scheduler.SignatureScheduler - Fin traitement signatures
2026-04-14 08:52:00.001 [scheduling-1] INFO  c.e.s.Scheduler.SignatureScheduler - Début traitement automatique des signatures...
2026-04-14 08:52:00.269 [scheduling-1] INFO  c.e.s.Scheduler.SignatureScheduler - Fin traitement signatures
2026-04-14 08:53:00.016 [scheduling-1] INFO  c.e.s.Scheduler.SignatureScheduler - Début traitement automatique des signatures...
2026-04-14 08:53:00.286 [scheduling-1] INFO  c.e.s.Scheduler.SignatureScheduler - Fin traitement signatures
2026-04-14 08:54:00.014 [scheduling-1] INFO  c.e.s.Scheduler.SignatureScheduler - Début traitement automatique des signatures...
2026-04-14 08:54:00.281 [scheduling-1] INFO  c.e.s.Scheduler.SignatureScheduler - Fin traitement signatures
2026-04-14 08:55:00.010 [scheduling-1] INFO  c.e.s.Scheduler.SignatureScheduler - Début traitement automatique des signatures...
2026-04-14 08:55:00.281 [scheduling-1] INFO  c.e.s.Scheduler.SignatureScheduler - Fin traitement signatures
2026-04-14 08:55:20.730 [SpringApplicationShutdownHook] INFO  o.s.o.j.LocalContainerEntityManagerFactoryBean - Closing JPA EntityManagerFactory for persistence unit 'default'
2026-04-14 08:55:20.739 [SpringApplicationShutdownHook] INFO  com.zaxxer.hikari.HikariDataSource - HikariPool-1 - Shutdown initiated...
2026-04-14 08:55:21.092 [SpringApplicationShutdownHook] INFO  com.zaxxer.hikari.HikariDataSource - HikariPool-1 - Shutdown completed.
2026-04-14 08:55:26.795 [background-preinit] INFO  o.h.validator.internal.util.Version - HV000001: Hibernate Validator 8.0.1.Final
2026-04-14 08:55:26.866 [main] INFO  c.e.signature.SignatureApplication - Starting SignatureApplication using Java 17.0.16 with PID 10508 (C:\Users\LENOVO\Desktop\Projet Signature\xml-signature-springboot-complete\target\classes started by LENOVO in C:\Users\LENOVO\Desktop\Projet Signature\xml-signature-springboot-complete)
2026-04-14 08:55:26.866 [main] INFO  c.e.signature.SignatureApplication - No active profile set, falling back to 1 default profile: "default"
2026-04-14 08:55:27.740 [main] INFO  o.s.d.r.c.RepositoryConfigurationDelegate - Bootstrapping Spring Data JPA repositories in DEFAULT mode.
2026-04-14 08:55:27.834 [main] INFO  o.s.d.r.c.RepositoryConfigurationDelegate - Finished Spring Data repository scanning in 71 ms. Found 3 JPA repository interfaces.
2026-04-14 08:55:28.749 [main] INFO  o.s.b.w.e.tomcat.TomcatWebServer - Tomcat initialized with port 8075 (http)
2026-04-14 08:55:28.763 [main] INFO  o.a.coyote.http11.Http11NioProtocol - Initializing ProtocolHandler ["http-nio-8075"]
2026-04-14 08:55:28.765 [main] INFO  o.a.catalina.core.StandardService - Starting service [Tomcat]
2026-04-14 08:55:28.765 [main] INFO  o.a.catalina.core.StandardEngine - Starting Servlet engine: [Apache Tomcat/10.1.20]
2026-04-14 08:55:28.850 [main] INFO  o.a.c.c.C.[Tomcat].[localhost].[/] - Initializing Spring embedded WebApplicationContext
2026-04-14 08:55:28.853 [main] INFO  o.s.b.w.s.c.ServletWebServerApplicationContext - Root WebApplicationContext: initialization completed in 1899 ms
2026-04-14 08:55:29.460 [main] INFO  o.h.jpa.internal.util.LogHelper - HHH000204: Processing PersistenceUnitInfo [name: default]
2026-04-14 08:55:29.599 [main] INFO  org.hibernate.Version - HHH000412: Hibernate ORM core version 6.4.4.Final
2026-04-14 08:55:29.704 [main] INFO  o.h.c.i.RegionFactoryInitiator - HHH000026: Second-level cache disabled
2026-04-14 08:55:31.168 [main] INFO  o.s.o.j.p.SpringPersistenceUnitInfo - No LoadTimeWeaver setup: ignoring JPA class transformer
2026-04-14 08:55:31.204 [main] INFO  com.zaxxer.hikari.HikariDataSource - HikariPool-1 - Starting...
2026-04-14 08:55:32.123 [main] INFO  com.zaxxer.hikari.pool.HikariPool - HikariPool-1 - Added connection oracle.jdbc.driver.T4CConnection@37c87fcc
2026-04-14 08:55:32.139 [main] INFO  com.zaxxer.hikari.HikariDataSource - HikariPool-1 - Start completed.
2026-04-14 08:55:34.061 [main] INFO  o.h.e.t.j.p.i.JtaPlatformInitiator - HHH000489: No JTA platform available (set 'hibernate.transaction.jta.platform' to enable JTA platform integration)
2026-04-14 08:55:34.063 [main] INFO  o.s.o.j.LocalContainerEntityManagerFactoryBean - Initialized JPA EntityManagerFactory for persistence unit 'default'
2026-04-14 08:55:34.623 [main] INFO  o.s.d.j.r.query.QueryEnhancerFactory - Hibernate is in classpath; If applicable, HQL parser will be used.
2026-04-14 08:55:36.428 [main] INFO  o.a.coyote.http11.Http11NioProtocol - Starting ProtocolHandler ["http-nio-8075"]
2026-04-14 08:55:36.535 [main] INFO  o.s.b.w.e.tomcat.TomcatWebServer - Tomcat started on port 8075 (http) with context path ''
2026-04-14 08:55:36.575 [main] INFO  c.e.signature.SignatureApplication - Started SignatureApplication in 10.291 seconds (process running for 10.633)
2026-04-14 08:55:51.020 [http-nio-8075-exec-1] INFO  o.a.c.c.C.[Tomcat].[localhost].[/] - Initializing Spring DispatcherServlet 'dispatcherServlet'
2026-04-14 08:55:51.020 [http-nio-8075-exec-1] INFO  o.s.web.servlet.DispatcherServlet - Initializing Servlet 'dispatcherServlet'
2026-04-14 08:55:51.022 [http-nio-8075-exec-1] INFO  o.s.web.servlet.DispatcherServlet - Completed initialization in 2 ms
2026-04-14 08:56:00.024 [scheduling-1] INFO  c.e.s.Scheduler.SignatureScheduler - Début traitement automatique des signatures...
2026-04-14 08:56:00.513 [scheduling-1] INFO  c.e.s.Scheduler.SignatureScheduler - Fin traitement signatures
2026-04-14 08:57:00.007 [scheduling-1] INFO  c.e.s.Scheduler.SignatureScheduler - Début traitement automatique des signatures...
2026-04-14 08:57:00.359 [scheduling-1] INFO  c.e.s.Scheduler.SignatureScheduler - Fin traitement signatures
2026-04-14 08:58:00.004 [scheduling-1] INFO  c.e.s.Scheduler.SignatureScheduler - Début traitement automatique des signatures...
2026-04-14 08:58:00.369 [scheduling-1] INFO  c.e.s.Scheduler.SignatureScheduler - Fin traitement signatures
2026-04-14 08:59:00.004 [scheduling-1] INFO  c.e.s.Scheduler.SignatureScheduler - Début traitement automatique des signatures...
2026-04-14 08:59:00.346 [scheduling-1] INFO  c.e.s.Scheduler.SignatureScheduler - Fin traitement signatures
2026-04-14 09:00:00.010 [scheduling-1] INFO  c.e.s.Scheduler.SignatureScheduler - Début traitement automatique des signatures...
2026-04-14 09:00:00.351 [scheduling-1] INFO  c.e.s.Scheduler.SignatureScheduler - Fin traitement signatures
2026-04-14 09:01:00.006 [scheduling-1] INFO  c.e.s.Scheduler.SignatureScheduler - Début traitement automatique des signatures...
2026-04-14 09:01:00.359 [scheduling-1] INFO  c.e.s.Scheduler.SignatureScheduler - Fin traitement signatures
2026-04-14 09:02:00.025 [scheduling-1] INFO  c.e.s.Scheduler.SignatureScheduler - Début traitement automatique des signatures...
2026-04-14 09:02:00.380 [scheduling-1] INFO  c.e.s.Scheduler.SignatureScheduler - Fin traitement signatures
2026-04-14 09:03:00.000 [scheduling-1] INFO  c.e.s.Scheduler.SignatureScheduler - Début traitement automatique des signatures...
2026-04-14 09:03:00.343 [scheduling-1] INFO  c.e.s.Scheduler.SignatureScheduler - Fin traitement signatures
2026-04-14 09:04:00.009 [scheduling-1] INFO  c.e.s.Scheduler.SignatureScheduler - Début traitement automatique des signatures...
2026-04-14 09:04:00.358 [scheduling-1] INFO  c.e.s.Scheduler.SignatureScheduler - Fin traitement signatures
2026-04-14 09:05:00.003 [scheduling-1] INFO  c.e.s.Scheduler.SignatureScheduler - Début traitement automatique des signatures...
2026-04-14 09:05:00.347 [scheduling-1] INFO  c.e.s.Scheduler.SignatureScheduler - Fin traitement signatures
2026-04-14 09:06:00.006 [scheduling-1] INFO  c.e.s.Scheduler.SignatureScheduler - Début traitement automatique des signatures...
2026-04-14 09:06:00.372 [scheduling-1] INFO  c.e.s.Scheduler.SignatureScheduler - Fin traitement signatures
2026-04-14 09:07:00.002 [scheduling-1] INFO  c.e.s.Scheduler.SignatureScheduler - Début traitement automatique des signatures...
2026-04-14 09:07:00.345 [scheduling-1] INFO  c.e.s.Scheduler.SignatureScheduler - Fin traitement signatures
2026-04-14 09:08:00.014 [scheduling-1] INFO  c.e.s.Scheduler.SignatureScheduler - Début traitement automatique des signatures...
2026-04-14 09:08:00.361 [scheduling-1] INFO  c.e.s.Scheduler.SignatureScheduler - Fin traitement signatures
2026-04-14 09:09:00.008 [scheduling-1] INFO  c.e.s.Scheduler.SignatureScheduler - Début traitement automatique des signatures...
2026-04-14 09:09:00.358 [scheduling-1] INFO  c.e.s.Scheduler.SignatureScheduler - Fin traitement signatures
2026-04-14 09:10:00.008 [scheduling-1] INFO  c.e.s.Scheduler.SignatureScheduler - Début traitement automatique des signatures...
2026-04-14 09:10:00.350 [scheduling-1] INFO  c.e.s.Scheduler.SignatureScheduler - Fin traitement signatures
2026-04-14 09:11:00.011 [scheduling-1] INFO  c.e.s.Scheduler.SignatureScheduler - Début traitement automatique des signatures...
2026-04-14 09:11:00.350 [scheduling-1] INFO  c.e.s.Scheduler.SignatureScheduler - Fin traitement signatures
2026-04-14 09:12:00.002 [scheduling-1] INFO  c.e.s.Scheduler.SignatureScheduler - Début traitement automatique des signatures...
2026-04-14 09:12:00.375 [scheduling-1] INFO  c.e.s.Scheduler.SignatureScheduler - Fin traitement signatures
2026-04-14 09:13:00.014 [scheduling-1] INFO  c.e.s.Scheduler.SignatureScheduler - Début traitement automatique des signatures...
2026-04-14 09:13:00.359 [scheduling-1] INFO  c.e.s.Scheduler.SignatureScheduler - Fin traitement signatures
2026-04-14 09:14:00.003 [scheduling-1] INFO  c.e.s.Scheduler.SignatureScheduler - Début traitement automatique des signatures...
2026-04-14 09:14:00.341 [scheduling-1] INFO  c.e.s.Scheduler.SignatureScheduler - Fin traitement signatures
2026-04-14 09:15:00.011 [scheduling-1] INFO  c.e.s.Scheduler.SignatureScheduler - Début traitement automatique des signatures...
2026-04-14 09:15:00.354 [scheduling-1] INFO  c.e.s.Scheduler.SignatureScheduler - Fin traitement signatures
2026-04-14 09:16:00.001 [scheduling-1] INFO  c.e.s.Scheduler.SignatureScheduler - Début traitement automatique des signatures...
2026-04-14 09:16:00.354 [scheduling-1] INFO  c.e.s.Scheduler.SignatureScheduler - Fin traitement signatures
2026-04-14 09:17:00.004 [scheduling-1] INFO  c.e.s.Scheduler.SignatureScheduler - Début traitement automatique des signatures...
2026-04-14 09:17:00.355 [scheduling-1] INFO  c.e.s.Scheduler.SignatureScheduler - Fin traitement signatures
2026-04-14 09:18:00.009 [scheduling-1] INFO  c.e.s.Scheduler.SignatureScheduler - Début traitement automatique des signatures...
2026-04-14 09:18:00.370 [scheduling-1] INFO  c.e.s.Scheduler.SignatureScheduler - Fin traitement signatures
2026-04-14 09:19:00.009 [scheduling-1] INFO  c.e.s.Scheduler.SignatureScheduler - Début traitement automatique des signatures...
2026-04-14 09:19:00.365 [scheduling-1] INFO  c.e.s.Scheduler.SignatureScheduler - Fin traitement signatures
2026-04-14 09:20:00.007 [scheduling-1] INFO  c.e.s.Scheduler.SignatureScheduler - Début traitement automatique des signatures...
2026-04-14 09:20:00.345 [scheduling-1] INFO  c.e.s.Scheduler.SignatureScheduler - Fin traitement signatures
2026-04-14 09:21:00.002 [scheduling-1] INFO  c.e.s.Scheduler.SignatureScheduler - Début traitement automatique des signatures...
2026-04-14 09:21:00.353 [scheduling-1] INFO  c.e.s.Scheduler.SignatureScheduler - Fin traitement signatures
2026-04-14 09:22:00.011 [scheduling-1] INFO  c.e.s.Scheduler.SignatureScheduler - Début traitement automatique des signatures...
2026-04-14 09:22:00.351 [scheduling-1] INFO  c.e.s.Scheduler.SignatureScheduler - Fin traitement signatures
2026-04-14 09:23:00.007 [scheduling-1] INFO  c.e.s.Scheduler.SignatureScheduler - Début traitement automatique des signatures...
2026-04-14 09:23:00.345 [scheduling-1] INFO  c.e.s.Scheduler.SignatureScheduler - Fin traitement signatures
2026-04-14 09:24:00.006 [scheduling-1] INFO  c.e.s.Scheduler.SignatureScheduler - Début traitement automatique des signatures...
2026-04-14 09:24:00.342 [scheduling-1] INFO  c.e.s.Scheduler.SignatureScheduler - Fin traitement signatures
2026-04-14 09:25:00.015 [scheduling-1] INFO  c.e.s.Scheduler.SignatureScheduler - Début traitement automatique des signatures...
2026-04-14 09:25:00.359 [scheduling-1] INFO  c.e.s.Scheduler.SignatureScheduler - Fin traitement signatures
2026-04-14 09:26:00.015 [scheduling-1] INFO  c.e.s.Scheduler.SignatureScheduler - Début traitement automatique des signatures...
2026-04-14 09:26:00.359 [scheduling-1] INFO  c.e.s.Scheduler.SignatureScheduler - Fin traitement signatures
2026-04-14 09:27:00.007 [scheduling-1] INFO  c.e.s.Scheduler.SignatureScheduler - Début traitement automatique des signatures...
2026-04-14 09:27:00.351 [scheduling-1] INFO  c.e.s.Scheduler.SignatureScheduler - Fin traitement signatures
2026-04-14 09:28:00.005 [scheduling-1] INFO  c.e.s.Scheduler.SignatureScheduler - Début traitement automatique des signatures...
2026-04-14 09:28:00.375 [scheduling-1] INFO  c.e.s.Scheduler.SignatureScheduler - Fin traitement signatures
2026-04-14 09:29:00.002 [scheduling-1] INFO  c.e.s.Scheduler.SignatureScheduler - Début traitement automatique des signatures...
2026-04-14 09:29:00.337 [scheduling-1] INFO  c.e.s.Scheduler.SignatureScheduler - Fin traitement signatures
2026-04-14 09:30:00.009 [scheduling-1] INFO  c.e.s.Scheduler.SignatureScheduler - Début traitement automatique des signatures...
2026-04-14 09:30:00.344 [scheduling-1] INFO  c.e.s.Scheduler.SignatureScheduler - Fin traitement signatures
2026-04-14 09:31:00.002 [scheduling-1] INFO  c.e.s.Scheduler.SignatureScheduler - Début traitement automatique des signatures...
2026-04-14 09:31:00.347 [scheduling-1] INFO  c.e.s.Scheduler.SignatureScheduler - Fin traitement signatures
2026-04-14 09:32:00.006 [scheduling-1] INFO  c.e.s.Scheduler.SignatureScheduler - Début traitement automatique des signatures...
2026-04-14 09:32:00.351 [scheduling-1] INFO  c.e.s.Scheduler.SignatureScheduler - Fin traitement signatures
2026-04-14 09:33:00.007 [scheduling-1] INFO  c.e.s.Scheduler.SignatureScheduler - Début traitement automatique des signatures...
2026-04-14 09:33:00.344 [scheduling-1] INFO  c.e.s.Scheduler.SignatureScheduler - Fin traitement signatures
2026-04-14 09:34:00.002 [scheduling-1] INFO  c.e.s.Scheduler.SignatureScheduler - Début traitement automatique des signatures...
2026-04-14 09:34:00.341 [scheduling-1] INFO  c.e.s.Scheduler.SignatureScheduler - Fin traitement signatures
2026-04-14 09:35:00.011 [scheduling-1] INFO  c.e.s.Scheduler.SignatureScheduler - Début traitement automatique des signatures...
2026-04-14 09:35:00.560 [scheduling-1] INFO  c.e.s.Scheduler.SignatureScheduler - Fin traitement signatures
2026-04-14 09:36:00.006 [scheduling-1] INFO  c.e.s.Scheduler.SignatureScheduler - Début traitement automatique des signatures...
2026-04-14 09:36:00.351 [scheduling-1] INFO  c.e.s.Scheduler.SignatureScheduler - Fin traitement signatures
2026-04-14 09:37:00.009 [scheduling-1] INFO  c.e.s.Scheduler.SignatureScheduler - Début traitement automatique des signatures...
2026-04-14 09:37:00.358 [scheduling-1] INFO  c.e.s.Scheduler.SignatureScheduler - Fin traitement signatures
2026-04-14 09:38:00.011 [scheduling-1] INFO  c.e.s.Scheduler.SignatureScheduler - Début traitement automatique des signatures...
2026-04-14 09:38:00.360 [scheduling-1] INFO  c.e.s.Scheduler.SignatureScheduler - Fin traitement signatures
2026-04-14 09:39:00.001 [scheduling-1] INFO  c.e.s.Scheduler.SignatureScheduler - Début traitement automatique des signatures...
2026-04-14 09:39:00.357 [scheduling-1] INFO  c.e.s.Scheduler.SignatureScheduler - Fin traitement signatures
2026-04-14 09:40:00.008 [scheduling-1] INFO  c.e.s.Scheduler.SignatureScheduler - Début traitement automatique des signatures...
2026-04-14 09:40:00.381 [scheduling-1] INFO  c.e.s.Scheduler.SignatureScheduler - Fin traitement signatures
2026-04-14 09:41:00.013 [scheduling-1] INFO  c.e.s.Scheduler.SignatureScheduler - Début traitement automatique des signatures...
2026-04-14 09:41:00.348 [scheduling-1] INFO  c.e.s.Scheduler.SignatureScheduler - Fin traitement signatures
2026-04-14 09:42:00.005 [scheduling-1] INFO  c.e.s.Scheduler.SignatureScheduler - Début traitement automatique des signatures...
2026-04-14 09:42:00.342 [scheduling-1] INFO  c.e.s.Scheduler.SignatureScheduler - Fin traitement signatures
2026-04-14 09:43:00.007 [scheduling-1] INFO  c.e.s.Scheduler.SignatureScheduler - Début traitement automatique des signatures...
2026-04-14 09:43:00.348 [scheduling-1] INFO  c.e.s.Scheduler.SignatureScheduler - Fin traitement signatures
2026-04-14 09:44:00.015 [scheduling-1] INFO  c.e.s.Scheduler.SignatureScheduler - Début traitement automatique des signatures...
2026-04-14 09:44:00.542 [scheduling-1] INFO  c.e.s.Scheduler.SignatureScheduler - Fin traitement signatures
2026-04-14 09:45:00.012 [scheduling-1] INFO  c.e.s.Scheduler.SignatureScheduler - Début traitement automatique des signatures...
2026-04-14 09:45:00.599 [scheduling-1] INFO  c.e.s.Scheduler.SignatureScheduler - Fin traitement signatures
2026-04-14 09:46:00.015 [scheduling-1] INFO  c.e.s.Scheduler.SignatureScheduler - Début traitement automatique des signatures...
2026-04-14 09:46:00.358 [scheduling-1] INFO  c.e.s.Scheduler.SignatureScheduler - Fin traitement signatures
2026-04-14 09:47:00.001 [scheduling-1] INFO  c.e.s.Scheduler.SignatureScheduler - Début traitement automatique des signatures...
2026-04-14 09:47:00.337 [scheduling-1] INFO  c.e.s.Scheduler.SignatureScheduler - Fin traitement signatures
2026-04-14 09:48:00.008 [scheduling-1] INFO  c.e.s.Scheduler.SignatureScheduler - Début traitement automatique des signatures...
2026-04-14 09:48:00.338 [scheduling-1] INFO  c.e.s.Scheduler.SignatureScheduler - Fin traitement signatures
2026-04-14 09:49:00.007 [scheduling-1] INFO  c.e.s.Scheduler.SignatureScheduler - Début traitement automatique des signatures...
2026-04-14 09:49:00.344 [scheduling-1] INFO  c.e.s.Scheduler.SignatureScheduler - Fin traitement signatures
2026-04-14 09:50:00.013 [scheduling-1] INFO  c.e.s.Scheduler.SignatureScheduler - Début traitement automatique des signatures...
2026-04-14 09:50:00.544 [scheduling-1] INFO  c.e.s.Scheduler.SignatureScheduler - Fin traitement signatures
2026-04-14 09:51:00.005 [scheduling-1] INFO  c.e.s.Scheduler.SignatureScheduler - Début traitement automatique des signatures...
2026-04-14 09:51:00.346 [scheduling-1] INFO  c.e.s.Scheduler.SignatureScheduler - Fin traitement signatures
2026-04-14 09:52:00.008 [scheduling-1] INFO  c.e.s.Scheduler.SignatureScheduler - Début traitement automatique des signatures...
2026-04-14 09:52:00.368 [scheduling-1] INFO  c.e.s.Scheduler.SignatureScheduler - Fin traitement signatures
2026-04-14 09:53:00.009 [scheduling-1] INFO  c.e.s.Scheduler.SignatureScheduler - Début traitement automatique des signatures...
2026-04-14 09:53:00.376 [scheduling-1] INFO  c.e.s.Scheduler.SignatureScheduler - Fin traitement signatures
2026-04-14 09:54:00.009 [scheduling-1] INFO  c.e.s.Scheduler.SignatureScheduler - Début traitement automatique des signatures...
2026-04-14 09:54:00.341 [scheduling-1] INFO  c.e.s.Scheduler.SignatureScheduler - Fin traitement signatures
2026-04-14 09:55:00.014 [scheduling-1] INFO  c.e.s.Scheduler.SignatureScheduler - Début traitement automatique des signatures...
2026-04-14 09:55:00.280 [scheduling-1] INFO  c.e.s.Scheduler.SignatureScheduler - Fin traitement signatures
2026-04-14 09:56:00.002 [scheduling-1] INFO  c.e.s.Scheduler.SignatureScheduler - Début traitement automatique des signatures...
2026-04-14 09:56:00.267 [scheduling-1] INFO  c.e.s.Scheduler.SignatureScheduler - Fin traitement signatures
2026-04-14 09:57:00.007 [scheduling-1] INFO  c.e.s.Scheduler.SignatureScheduler - Début traitement automatique des signatures...
2026-04-14 09:57:00.282 [scheduling-1] INFO  c.e.s.Scheduler.SignatureScheduler - Fin traitement signatures
2026-04-14 09:58:00.009 [scheduling-1] INFO  c.e.s.Scheduler.SignatureScheduler - Début traitement automatique des signatures...
2026-04-14 09:58:00.286 [scheduling-1] INFO  c.e.s.Scheduler.SignatureScheduler - Fin traitement signatures
2026-04-14 09:59:00.001 [scheduling-1] INFO  c.e.s.Scheduler.SignatureScheduler - Début traitement automatique des signatures...
2026-04-14 09:59:00.325 [scheduling-1] INFO  c.e.s.Scheduler.SignatureScheduler - Fin traitement signatures
2026-04-14 10:00:00.005 [scheduling-1] INFO  c.e.s.Scheduler.SignatureScheduler - Début traitement automatique des signatures...
2026-04-14 10:00:00.301 [scheduling-1] INFO  c.e.s.Scheduler.SignatureScheduler - Fin traitement signatures
2026-04-14 10:01:00.005 [scheduling-1] INFO  c.e.s.Scheduler.SignatureScheduler - Début traitement automatique des signatures...
2026-04-14 10:01:00.273 [scheduling-1] INFO  c.e.s.Scheduler.SignatureScheduler - Fin traitement signatures
2026-04-14 10:02:00.003 [scheduling-1] INFO  c.e.s.Scheduler.SignatureScheduler - Début traitement automatique des signatures...
2026-04-14 10:02:00.269 [scheduling-1] INFO  c.e.s.Scheduler.SignatureScheduler - Fin traitement signatures
2026-04-14 10:03:00.015 [scheduling-1] INFO  c.e.s.Scheduler.SignatureScheduler - Début traitement automatique des signatures...
2026-04-14 10:03:00.282 [scheduling-1] INFO  c.e.s.Scheduler.SignatureScheduler - Fin traitement signatures
2026-04-14 10:04:00.011 [scheduling-1] INFO  c.e.s.Scheduler.SignatureScheduler - Début traitement automatique des signatures...
2026-04-14 10:04:00.654 [scheduling-1] INFO  c.e.s.Scheduler.SignatureScheduler - Fin traitement signatures
2026-04-14 10:05:00.011 [scheduling-1] INFO  c.e.s.Scheduler.SignatureScheduler - Début traitement automatique des signatures...
2026-04-14 10:05:00.458 [scheduling-1] INFO  c.e.s.Scheduler.SignatureScheduler - Fin traitement signatures
2026-04-14 10:06:00.013 [scheduling-1] INFO  c.e.s.Scheduler.SignatureScheduler - Début traitement automatique des signatures...
2026-04-14 10:06:00.474 [scheduling-1] INFO  c.e.s.Scheduler.SignatureScheduler - Fin traitement signatures
2026-04-14 10:07:00.003 [scheduling-1] INFO  c.e.s.Scheduler.SignatureScheduler - Début traitement automatique des signatures...
2026-04-14 10:07:00.284 [scheduling-1] INFO  c.e.s.Scheduler.SignatureScheduler - Fin traitement signatures
2026-04-14 10:08:00.011 [scheduling-1] INFO  c.e.s.Scheduler.SignatureScheduler - Début traitement automatique des signatures...
2026-04-14 10:08:00.279 [scheduling-1] INFO  c.e.s.Scheduler.SignatureScheduler - Fin traitement signatures
2026-04-14 10:09:00.009 [scheduling-1] INFO  c.e.s.Scheduler.SignatureScheduler - Début traitement automatique des signatures...
2026-04-14 10:09:00.289 [scheduling-1] INFO  c.e.s.Scheduler.SignatureScheduler - Fin traitement signatures
2026-04-14 10:10:00.010 [scheduling-1] INFO  c.e.s.Scheduler.SignatureScheduler - Début traitement automatique des signatures...
2026-04-14 10:10:00.286 [scheduling-1] INFO  c.e.s.Scheduler.SignatureScheduler - Fin traitement signatures
2026-04-14 10:11:00.002 [scheduling-1] INFO  c.e.s.Scheduler.SignatureScheduler - Début traitement automatique des signatures...
2026-04-14 10:11:00.518 [scheduling-1] INFO  c.e.s.Scheduler.SignatureScheduler - Fin traitement signatures
2026-04-14 10:12:00.000 [scheduling-1] INFO  c.e.s.Scheduler.SignatureScheduler - Début traitement automatique des signatures...
2026-04-14 10:12:00.532 [scheduling-1] INFO  c.e.s.Scheduler.SignatureScheduler - Fin traitement signatures
2026-04-14 10:13:00.006 [scheduling-1] INFO  c.e.s.Scheduler.SignatureScheduler - Début traitement automatique des signatures...
2026-04-14 10:13:00.301 [scheduling-1] INFO  c.e.s.Scheduler.SignatureScheduler - Fin traitement signatures
2026-04-14 10:14:00.005 [scheduling-1] INFO  c.e.s.Scheduler.SignatureScheduler - Début traitement automatique des signatures...
2026-04-14 10:14:00.271 [scheduling-1] INFO  c.e.s.Scheduler.SignatureScheduler - Fin traitement signatures
2026-04-14 10:15:00.014 [scheduling-1] INFO  c.e.s.Scheduler.SignatureScheduler - Début traitement automatique des signatures...
2026-04-14 10:15:00.276 [scheduling-1] INFO  c.e.s.Scheduler.SignatureScheduler - Fin traitement signatures
2026-04-14 10:16:00.001 [scheduling-1] INFO  c.e.s.Scheduler.SignatureScheduler - Début traitement automatique des signatures...
2026-04-14 10:16:00.265 [scheduling-1] INFO  c.e.s.Scheduler.SignatureScheduler - Fin traitement signatures
2026-04-14 10:17:00.013 [scheduling-1] INFO  c.e.s.Scheduler.SignatureScheduler - Début traitement automatique des signatures...
2026-04-14 10:17:00.282 [scheduling-1] INFO  c.e.s.Scheduler.SignatureScheduler - Fin traitement signatures
2026-04-14 10:18:00.011 [scheduling-1] INFO  c.e.s.Scheduler.SignatureScheduler - Début traitement automatique des signatures...
2026-04-14 10:18:00.279 [scheduling-1] INFO  c.e.s.Scheduler.SignatureScheduler - Fin traitement signatures
2026-04-14 10:19:00.012 [scheduling-1] INFO  c.e.s.Scheduler.SignatureScheduler - Début traitement automatique des signatures...
2026-04-14 10:19:00.299 [scheduling-1] INFO  c.e.s.Scheduler.SignatureScheduler - Fin traitement signatures
2026-04-14 10:20:00.005 [scheduling-1] INFO  c.e.s.Scheduler.SignatureScheduler - Début traitement automatique des signatures...
2026-04-14 10:20:00.273 [scheduling-1] INFO  c.e.s.Scheduler.SignatureScheduler - Fin traitement signatures
2026-04-14 10:21:00.011 [scheduling-1] INFO  c.e.s.Scheduler.SignatureScheduler - Début traitement automatique des signatures...
2026-04-14 10:21:00.571 [scheduling-1] INFO  c.e.s.Scheduler.SignatureScheduler - Fin traitement signatures
2026-04-14 10:22:00.008 [scheduling-1] INFO  c.e.s.Scheduler.SignatureScheduler - Début traitement automatique des signatures...
2026-04-14 10:22:00.272 [scheduling-1] INFO  c.e.s.Scheduler.SignatureScheduler - Fin traitement signatures
2026-04-14 10:23:00.004 [scheduling-1] INFO  c.e.s.Scheduler.SignatureScheduler - Début traitement automatique des signatures...
2026-04-14 10:23:00.466 [scheduling-1] INFO  c.e.s.Scheduler.SignatureScheduler - Fin traitement signatures
2026-04-14 10:24:00.008 [scheduling-1] INFO  c.e.s.Scheduler.SignatureScheduler - Début traitement automatique des signatures...
2026-04-14 10:24:00.272 [scheduling-1] INFO  c.e.s.Scheduler.SignatureScheduler - Fin traitement signatures
2026-04-14 10:25:00.006 [scheduling-1] INFO  c.e.s.Scheduler.SignatureScheduler - Début traitement automatique des signatures...
2026-04-14 10:25:00.480 [scheduling-1] INFO  c.e.s.Scheduler.SignatureScheduler - Fin traitement signatures
2026-04-14 10:26:00.014 [scheduling-1] INFO  c.e.s.Scheduler.SignatureScheduler - Début traitement automatique des signatures...
2026-04-14 10:26:00.278 [scheduling-1] INFO  c.e.s.Scheduler.SignatureScheduler - Fin traitement signatures
2026-04-14 10:27:00.008 [scheduling-1] INFO  c.e.s.Scheduler.SignatureScheduler - Début traitement automatique des signatures...
2026-04-14 10:27:00.274 [scheduling-1] INFO  c.e.s.Scheduler.SignatureScheduler - Fin traitement signatures
2026-04-14 10:28:00.004 [scheduling-1] INFO  c.e.s.Scheduler.SignatureScheduler - Début traitement automatique des signatures...
2026-04-14 10:28:00.267 [scheduling-1] INFO  c.e.s.Scheduler.SignatureScheduler - Fin traitement signatures
2026-04-14 10:29:00.015 [scheduling-1] INFO  c.e.s.Scheduler.SignatureScheduler - Début traitement automatique des signatures...
2026-04-14 10:29:00.482 [scheduling-1] INFO  c.e.s.Scheduler.SignatureScheduler - Fin traitement signatures
2026-04-14 10:30:00.004 [scheduling-1] INFO  c.e.s.Scheduler.SignatureScheduler - Début traitement automatique des signatures...
2026-04-14 10:30:00.269 [scheduling-1] INFO  c.e.s.Scheduler.SignatureScheduler - Fin traitement signatures
2026-04-14 10:31:00.014 [scheduling-1] INFO  c.e.s.Scheduler.SignatureScheduler - Début traitement automatique des signatures...
2026-04-14 10:31:00.498 [scheduling-1] INFO  c.e.s.Scheduler.SignatureScheduler - Fin traitement signatures
2026-04-14 10:32:00.006 [scheduling-1] INFO  c.e.s.Scheduler.SignatureScheduler - Début traitement automatique des signatures...
2026-04-14 10:32:00.273 [scheduling-1] INFO  c.e.s.Scheduler.SignatureScheduler - Fin traitement signatures
2026-04-14 10:33:00.002 [scheduling-1] INFO  c.e.s.Scheduler.SignatureScheduler - Début traitement automatique des signatures...
2026-04-14 10:33:00.485 [scheduling-1] INFO  c.e.s.Scheduler.SignatureScheduler - Fin traitement signatures
2026-04-14 10:34:00.006 [scheduling-1] INFO  c.e.s.Scheduler.SignatureScheduler - Début traitement automatique des signatures...
2026-04-14 10:34:00.299 [scheduling-1] INFO  c.e.s.Scheduler.SignatureScheduler - Fin traitement signatures
2026-04-14 10:35:00.007 [scheduling-1] INFO  c.e.s.Scheduler.SignatureScheduler - Début traitement automatique des signatures...
2026-04-14 10:35:00.276 [scheduling-1] INFO  c.e.s.Scheduler.SignatureScheduler - Fin traitement signatures
2026-04-14 10:36:00.002 [scheduling-1] INFO  c.e.s.Scheduler.SignatureScheduler - Début traitement automatique des signatures...
2026-04-14 10:36:00.269 [scheduling-1] INFO  c.e.s.Scheduler.SignatureScheduler - Fin traitement signatures
2026-04-14 10:37:00.007 [scheduling-1] INFO  c.e.s.Scheduler.SignatureScheduler - Début traitement automatique des signatures...
2026-04-14 10:37:00.301 [scheduling-1] INFO  c.e.s.Scheduler.SignatureScheduler - Fin traitement signatures
2026-04-14 10:38:00.014 [scheduling-1] INFO  c.e.s.Scheduler.SignatureScheduler - Début traitement automatique des signatures...
2026-04-14 10:38:00.288 [scheduling-1] INFO  c.e.s.Scheduler.SignatureScheduler - Fin traitement signatures
2026-04-14 10:39:00.004 [scheduling-1] INFO  c.e.s.Scheduler.SignatureScheduler - Début traitement automatique des signatures...
2026-04-14 10:39:00.270 [scheduling-1] INFO  c.e.s.Scheduler.SignatureScheduler - Fin traitement signatures
2026-04-14 10:40:00.008 [scheduling-1] INFO  c.e.s.Scheduler.SignatureScheduler - Début traitement automatique des signatures...
2026-04-14 10:40:00.276 [scheduling-1] INFO  c.e.s.Scheduler.SignatureScheduler - Fin traitement signatures
2026-04-14 10:41:00.005 [scheduling-1] INFO  c.e.s.Scheduler.SignatureScheduler - Début traitement automatique des signatures...
2026-04-14 10:41:00.286 [scheduling-1] INFO  c.e.s.Scheduler.SignatureScheduler - Fin traitement signatures
2026-04-14 10:42:00.004 [scheduling-1] INFO  c.e.s.Scheduler.SignatureScheduler - Début traitement automatique des signatures...
2026-04-14 10:42:00.272 [scheduling-1] INFO  c.e.s.Scheduler.SignatureScheduler - Fin traitement signatures
2026-04-14 10:43:00.003 [scheduling-1] INFO  c.e.s.Scheduler.SignatureScheduler - Début traitement automatique des signatures...
2026-04-14 10:43:00.267 [scheduling-1] INFO  c.e.s.Scheduler.SignatureScheduler - Fin traitement signatures
2026-04-14 10:44:00.003 [scheduling-1] INFO  c.e.s.Scheduler.SignatureScheduler - Début traitement automatique des signatures...
2026-04-14 10:44:00.268 [scheduling-1] INFO  c.e.s.Scheduler.SignatureScheduler - Fin traitement signatures
2026-04-14 10:45:00.005 [scheduling-1] INFO  c.e.s.Scheduler.SignatureScheduler - Début traitement automatique des signatures...
2026-04-14 10:45:00.280 [scheduling-1] INFO  c.e.s.Scheduler.SignatureScheduler - Fin traitement signatures
2026-04-14 10:46:00.001 [scheduling-1] INFO  c.e.s.Scheduler.SignatureScheduler - Début traitement automatique des signatures...
2026-04-14 10:46:00.262 [scheduling-1] INFO  c.e.s.Scheduler.SignatureScheduler - Fin traitement signatures
2026-04-14 10:47:00.012 [scheduling-1] INFO  c.e.s.Scheduler.SignatureScheduler - Début traitement automatique des signatures...
2026-04-14 10:47:00.279 [scheduling-1] INFO  c.e.s.Scheduler.SignatureScheduler - Fin traitement signatures
2026-04-14 10:48:00.015 [scheduling-1] INFO  c.e.s.Scheduler.SignatureScheduler - Début traitement automatique des signatures...
2026-04-14 10:48:00.282 [scheduling-1] INFO  c.e.s.Scheduler.SignatureScheduler - Fin traitement signatures
2026-04-14 10:49:00.010 [scheduling-1] INFO  c.e.s.Scheduler.SignatureScheduler - Début traitement automatique des signatures...
2026-04-14 10:49:00.493 [scheduling-1] INFO  c.e.s.Scheduler.SignatureScheduler - Fin traitement signatures
2026-04-14 10:50:00.005 [scheduling-1] INFO  c.e.s.Scheduler.SignatureScheduler - Début traitement automatique des signatures...
2026-04-14 10:50:00.479 [scheduling-1] INFO  c.e.s.Scheduler.SignatureScheduler - Fin traitement signatures
2026-04-14 10:51:00.000 [scheduling-1] INFO  c.e.s.Scheduler.SignatureScheduler - Début traitement automatique des signatures...
2026-04-14 10:51:00.263 [scheduling-1] INFO  c.e.s.Scheduler.SignatureScheduler - Fin traitement signatures
2026-04-14 10:52:00.013 [scheduling-1] INFO  c.e.s.Scheduler.SignatureScheduler - Début traitement automatique des signatures...
2026-04-14 10:52:00.277 [scheduling-1] INFO  c.e.s.Scheduler.SignatureScheduler - Fin traitement signatures
2026-04-14 10:53:00.004 [scheduling-1] INFO  c.e.s.Scheduler.SignatureScheduler - Début traitement automatique des signatures...
2026-04-14 10:53:00.274 [scheduling-1] INFO  c.e.s.Scheduler.SignatureScheduler - Fin traitement signatures
2026-04-14 10:54:00.006 [scheduling-1] INFO  c.e.s.Scheduler.SignatureScheduler - Début traitement automatique des signatures...
2026-04-14 10:54:00.337 [scheduling-1] INFO  c.e.s.Scheduler.SignatureScheduler - Fin traitement signatures
2026-04-14 10:55:00.007 [scheduling-1] INFO  c.e.s.Scheduler.SignatureScheduler - Début traitement automatique des signatures...
2026-04-14 10:55:00.566 [scheduling-1] INFO  c.e.s.Scheduler.SignatureScheduler - Fin traitement signatures
2026-04-14 10:56:00.010 [scheduling-1] INFO  c.e.s.Scheduler.SignatureScheduler - Début traitement automatique des signatures...
2026-04-14 10:56:00.357 [scheduling-1] INFO  c.e.s.Scheduler.SignatureScheduler - Fin traitement signatures
2026-04-14 10:57:00.003 [scheduling-1] INFO  c.e.s.Scheduler.SignatureScheduler - Début traitement automatique des signatures...
2026-04-14 10:57:00.552 [scheduling-1] INFO  c.e.s.Scheduler.SignatureScheduler - Fin traitement signatures
2026-04-14 10:58:00.013 [scheduling-1] INFO  c.e.s.Scheduler.SignatureScheduler - Début traitement automatique des signatures...
2026-04-14 10:58:00.360 [scheduling-1] INFO  c.e.s.Scheduler.SignatureScheduler - Fin traitement signatures
2026-04-14 10:59:00.006 [scheduling-1] INFO  c.e.s.Scheduler.SignatureScheduler - Début traitement automatique des signatures...
2026-04-14 10:59:00.362 [scheduling-1] INFO  c.e.s.Scheduler.SignatureScheduler - Fin traitement signatures
2026-04-14 11:00:00.009 [scheduling-1] INFO  c.e.s.Scheduler.SignatureScheduler - Début traitement automatique des signatures...
2026-04-14 11:00:00.355 [scheduling-1] INFO  c.e.s.Scheduler.SignatureScheduler - Fin traitement signatures
2026-04-14 11:01:00.011 [scheduling-1] INFO  c.e.s.Scheduler.SignatureScheduler - Début traitement automatique des signatures...
2026-04-14 11:01:00.358 [scheduling-1] INFO  c.e.s.Scheduler.SignatureScheduler - Fin traitement signatures
2026-04-14 11:02:00.006 [scheduling-1] INFO  c.e.s.Scheduler.SignatureScheduler - Début traitement automatique des signatures...
2026-04-14 11:02:00.358 [scheduling-1] INFO  c.e.s.Scheduler.SignatureScheduler - Fin traitement signatures
2026-04-14 11:03:00.013 [scheduling-1] INFO  c.e.s.Scheduler.SignatureScheduler - Début traitement automatique des signatures...
2026-04-14 11:03:00.363 [scheduling-1] INFO  c.e.s.Scheduler.SignatureScheduler - Fin traitement signatures
2026-04-14 11:04:00.010 [scheduling-1] INFO  c.e.s.Scheduler.SignatureScheduler - Début traitement automatique des signatures...
2026-04-14 11:04:00.356 [scheduling-1] INFO  c.e.s.Scheduler.SignatureScheduler - Fin traitement signatures
2026-04-14 11:05:00.014 [scheduling-1] INFO  c.e.s.Scheduler.SignatureScheduler - Début traitement automatique des signatures...
2026-04-14 11:05:00.567 [scheduling-1] INFO  c.e.s.Scheduler.SignatureScheduler - Fin traitement signatures
2026-04-14 11:06:00.002 [scheduling-1] INFO  c.e.s.Scheduler.SignatureScheduler - Début traitement automatique des signatures...
2026-04-14 11:06:00.523 [scheduling-1] INFO  c.e.s.Scheduler.SignatureScheduler - Fin traitement signatures
2026-04-14 11:07:00.012 [scheduling-1] INFO  c.e.s.Scheduler.SignatureScheduler - Début traitement automatique des signatures...
2026-04-14 11:07:00.365 [scheduling-1] INFO  c.e.s.Scheduler.SignatureScheduler - Fin traitement signatures
2026-04-14 11:08:00.003 [scheduling-1] INFO  c.e.s.Scheduler.SignatureScheduler - Début traitement automatique des signatures...
2026-04-14 11:08:00.348 [scheduling-1] INFO  c.e.s.Scheduler.SignatureScheduler - Fin traitement signatures
2026-04-14 11:09:00.001 [scheduling-1] INFO  c.e.s.Scheduler.SignatureScheduler - Début traitement automatique des signatures...
2026-04-14 11:09:00.347 [scheduling-1] INFO  c.e.s.Scheduler.SignatureScheduler - Fin traitement signatures
2026-04-14 11:10:00.007 [scheduling-1] INFO  c.e.s.Scheduler.SignatureScheduler - Début traitement automatique des signatures...
2026-04-14 11:10:00.359 [scheduling-1] INFO  c.e.s.Scheduler.SignatureScheduler - Fin traitement signatures
2026-04-14 11:11:00.006 [scheduling-1] INFO  c.e.s.Scheduler.SignatureScheduler - Début traitement automatique des signatures...
2026-04-14 11:11:00.410 [scheduling-1] INFO  c.e.s.Scheduler.SignatureScheduler - Fin traitement signatures
2026-04-14 11:12:00.003 [scheduling-1] INFO  c.e.s.Scheduler.SignatureScheduler - Début traitement automatique des signatures...
2026-04-14 11:12:00.346 [scheduling-1] INFO  c.e.s.Scheduler.SignatureScheduler - Fin traitement signatures
2026-04-14 11:13:00.011 [scheduling-1] INFO  c.e.s.Scheduler.SignatureScheduler - Début traitement automatique des signatures...
2026-04-14 11:13:00.371 [scheduling-1] INFO  c.e.s.Scheduler.SignatureScheduler - Fin traitement signatures
2026-04-14 11:14:00.012 [scheduling-1] INFO  c.e.s.Scheduler.SignatureScheduler - Début traitement automatique des signatures...
2026-04-14 11:14:00.356 [scheduling-1] INFO  c.e.s.Scheduler.SignatureScheduler - Fin traitement signatures
2026-04-14 11:15:00.002 [scheduling-1] INFO  c.e.s.Scheduler.SignatureScheduler - Début traitement automatique des signatures...
2026-04-14 11:15:00.407 [scheduling-1] INFO  c.e.s.Scheduler.SignatureScheduler - Fin traitement signatures
2026-04-14 11:16:00.004 [scheduling-1] INFO  c.e.s.Scheduler.SignatureScheduler - Début traitement automatique des signatures...
2026-04-14 11:16:00.350 [scheduling-1] INFO  c.e.s.Scheduler.SignatureScheduler - Fin traitement signatures
2026-04-14 11:17:00.000 [scheduling-1] INFO  c.e.s.Scheduler.SignatureScheduler - Début traitement automatique des signatures...
2026-04-14 11:17:00.348 [scheduling-1] INFO  c.e.s.Scheduler.SignatureScheduler - Fin traitement signatures
2026-04-14 11:18:00.003 [scheduling-1] INFO  c.e.s.Scheduler.SignatureScheduler - Début traitement automatique des signatures...
2026-04-14 11:18:00.347 [scheduling-1] INFO  c.e.s.Scheduler.SignatureScheduler - Fin traitement signatures
2026-04-14 11:19:00.007 [scheduling-1] INFO  c.e.s.Scheduler.SignatureScheduler - Début traitement automatique des signatures...
2026-04-14 11:19:00.362 [scheduling-1] INFO  c.e.s.Scheduler.SignatureScheduler - Fin traitement signatures
2026-04-14 11:20:00.009 [scheduling-1] INFO  c.e.s.Scheduler.SignatureScheduler - Début traitement automatique des signatures...
2026-04-14 11:20:00.664 [scheduling-1] INFO  c.e.s.Scheduler.SignatureScheduler - Fin traitement signatures
2026-04-14 11:21:00.013 [scheduling-1] INFO  c.e.s.Scheduler.SignatureScheduler - Début traitement automatique des signatures...
2026-04-14 11:21:00.386 [scheduling-1] INFO  c.e.s.Scheduler.SignatureScheduler - Fin traitement signatures
2026-04-14 11:22:00.010 [scheduling-1] INFO  c.e.s.Scheduler.SignatureScheduler - Début traitement automatique des signatures...
2026-04-14 11:22:00.358 [scheduling-1] INFO  c.e.s.Scheduler.SignatureScheduler - Fin traitement signatures
2026-04-14 11:23:00.014 [scheduling-1] INFO  c.e.s.Scheduler.SignatureScheduler - Début traitement automatique des signatures...
2026-04-14 11:23:00.294 [scheduling-1] INFO  c.e.s.Scheduler.SignatureScheduler - Fin traitement signatures
2026-04-14 11:24:00.004 [scheduling-1] INFO  c.e.s.Scheduler.SignatureScheduler - Début traitement automatique des signatures...
2026-04-14 11:24:00.274 [scheduling-1] INFO  c.e.s.Scheduler.SignatureScheduler - Fin traitement signatures
2026-04-14 11:25:00.008 [scheduling-1] INFO  c.e.s.Scheduler.SignatureScheduler - Début traitement automatique des signatures...
2026-04-14 11:25:00.308 [scheduling-1] INFO  c.e.s.Scheduler.SignatureScheduler - Fin traitement signatures
2026-04-14 11:26:00.002 [scheduling-1] INFO  c.e.s.Scheduler.SignatureScheduler - Début traitement automatique des signatures...
2026-04-14 11:26:00.262 [scheduling-1] INFO  c.e.s.Scheduler.SignatureScheduler - Fin traitement signatures
2026-04-14 11:27:00.002 [scheduling-1] INFO  c.e.s.Scheduler.SignatureScheduler - Début traitement automatique des signatures...
2026-04-14 11:27:00.266 [scheduling-1] INFO  c.e.s.Scheduler.SignatureScheduler - Fin traitement signatures
2026-04-14 11:28:00.011 [scheduling-1] INFO  c.e.s.Scheduler.SignatureScheduler - Début traitement automatique des signatures...
2026-04-14 11:28:00.275 [scheduling-1] INFO  c.e.s.Scheduler.SignatureScheduler - Fin traitement signatures
2026-04-14 11:29:00.007 [scheduling-1] INFO  c.e.s.Scheduler.SignatureScheduler - Début traitement automatique des signatures...
2026-04-14 11:29:00.279 [scheduling-1] INFO  c.e.s.Scheduler.SignatureScheduler - Fin traitement signatures
2026-04-14 11:30:00.006 [scheduling-1] INFO  c.e.s.Scheduler.SignatureScheduler - Début traitement automatique des signatures...
2026-04-14 11:30:00.273 [scheduling-1] INFO  c.e.s.Scheduler.SignatureScheduler - Fin traitement signatures
2026-04-14 11:31:00.003 [scheduling-1] INFO  c.e.s.Scheduler.SignatureScheduler - Début traitement automatique des signatures...
2026-04-14 11:31:00.299 [scheduling-1] INFO  c.e.s.Scheduler.SignatureScheduler - Fin traitement signatures
2026-04-14 11:32:00.001 [scheduling-1] INFO  c.e.s.Scheduler.SignatureScheduler - Début traitement automatique des signatures...
2026-04-14 11:32:00.281 [scheduling-1] INFO  c.e.s.Scheduler.SignatureScheduler - Fin traitement signatures
2026-04-14 11:33:00.012 [scheduling-1] INFO  c.e.s.Scheduler.SignatureScheduler - Début traitement automatique des signatures...
2026-04-14 11:33:00.272 [scheduling-1] INFO  c.e.s.Scheduler.SignatureScheduler - Fin traitement signatures
2026-04-14 11:34:00.000 [scheduling-1] INFO  c.e.s.Scheduler.SignatureScheduler - Début traitement automatique des signatures...
2026-04-14 11:34:00.261 [scheduling-1] INFO  c.e.s.Scheduler.SignatureScheduler - Fin traitement signatures
2026-04-14 11:35:00.009 [scheduling-1] INFO  c.e.s.Scheduler.SignatureScheduler - Début traitement automatique des signatures...
2026-04-14 11:35:00.269 [scheduling-1] INFO  c.e.s.Scheduler.SignatureScheduler - Fin traitement signatures
2026-04-14 11:36:00.011 [scheduling-1] INFO  c.e.s.Scheduler.SignatureScheduler - Début traitement automatique des signatures...
2026-04-14 11:36:00.272 [scheduling-1] INFO  c.e.s.Scheduler.SignatureScheduler - Fin traitement signatures
2026-04-14 11:37:00.015 [scheduling-1] INFO  c.e.s.Scheduler.SignatureScheduler - Début traitement automatique des signatures...
2026-04-14 11:37:00.276 [scheduling-1] INFO  c.e.s.Scheduler.SignatureScheduler - Fin traitement signatures
2026-04-14 11:38:00.009 [scheduling-1] INFO  c.e.s.Scheduler.SignatureScheduler - Début traitement automatique des signatures...
2026-04-14 11:38:00.275 [scheduling-1] INFO  c.e.s.Scheduler.SignatureScheduler - Fin traitement signatures
2026-04-14 11:39:00.009 [scheduling-1] INFO  c.e.s.Scheduler.SignatureScheduler - Début traitement automatique des signatures...
2026-04-14 11:39:00.273 [scheduling-1] INFO  c.e.s.Scheduler.SignatureScheduler - Fin traitement signatures
2026-04-14 11:40:00.003 [scheduling-1] INFO  c.e.s.Scheduler.SignatureScheduler - Début traitement automatique des signatures...
2026-04-14 11:40:00.265 [scheduling-1] INFO  c.e.s.Scheduler.SignatureScheduler - Fin traitement signatures
2026-04-14 11:41:00.012 [scheduling-1] INFO  c.e.s.Scheduler.SignatureScheduler - Début traitement automatique des signatures...
2026-04-14 11:41:00.528 [scheduling-1] INFO  c.e.s.Scheduler.SignatureScheduler - Fin traitement signatures
2026-04-14 11:42:00.008 [scheduling-1] INFO  c.e.s.Scheduler.SignatureScheduler - Début traitement automatique des signatures...
2026-04-14 11:42:00.277 [scheduling-1] INFO  c.e.s.Scheduler.SignatureScheduler - Fin traitement signatures
2026-04-14 11:43:00.004 [scheduling-1] INFO  c.e.s.Scheduler.SignatureScheduler - Début traitement automatique des signatures...
2026-04-14 11:43:00.266 [scheduling-1] INFO  c.e.s.Scheduler.SignatureScheduler - Fin traitement signatures
2026-04-14 11:44:00.004 [scheduling-1] INFO  c.e.s.Scheduler.SignatureScheduler - Début traitement automatique des signatures...
2026-04-14 11:44:00.263 [scheduling-1] INFO  c.e.s.Scheduler.SignatureScheduler - Fin traitement signatures
2026-04-14 11:45:00.014 [scheduling-1] INFO  c.e.s.Scheduler.SignatureScheduler - Début traitement automatique des signatures...
2026-04-14 11:45:00.275 [scheduling-1] INFO  c.e.s.Scheduler.SignatureScheduler - Fin traitement signatures
2026-04-14 11:46:00.009 [scheduling-1] INFO  c.e.s.Scheduler.SignatureScheduler - Début traitement automatique des signatures...
2026-04-14 11:46:00.270 [scheduling-1] INFO  c.e.s.Scheduler.SignatureScheduler - Fin traitement signatures
2026-04-14 11:47:00.001 [scheduling-1] INFO  c.e.s.Scheduler.SignatureScheduler - Début traitement automatique des signatures...
2026-04-14 11:47:00.261 [scheduling-1] INFO  c.e.s.Scheduler.SignatureScheduler - Fin traitement signatures
2026-04-14 11:48:00.016 [scheduling-1] INFO  c.e.s.Scheduler.SignatureScheduler - Début traitement automatique des signatures...
2026-04-14 11:48:00.280 [scheduling-1] INFO  c.e.s.Scheduler.SignatureScheduler - Fin traitement signatures
2026-04-14 11:49:00.014 [scheduling-1] INFO  c.e.s.Scheduler.SignatureScheduler - Début traitement automatique des signatures...
2026-04-14 11:49:00.278 [scheduling-1] INFO  c.e.s.Scheduler.SignatureScheduler - Fin traitement signatures
2026-04-14 11:50:00.014 [scheduling-1] INFO  c.e.s.Scheduler.SignatureScheduler - Début traitement automatique des signatures...
2026-04-14 11:50:00.274 [scheduling-1] INFO  c.e.s.Scheduler.SignatureScheduler - Fin traitement signatures
2026-04-14 11:51:00.003 [scheduling-1] INFO  c.e.s.Scheduler.SignatureScheduler - Début traitement automatique des signatures...
2026-04-14 11:51:00.263 [scheduling-1] INFO  c.e.s.Scheduler.SignatureScheduler - Fin traitement signatures
2026-04-14 11:52:00.006 [scheduling-1] INFO  c.e.s.Scheduler.SignatureScheduler - Début traitement automatique des signatures...
2026-04-14 11:52:00.272 [scheduling-1] INFO  c.e.s.Scheduler.SignatureScheduler - Fin traitement signatures
2026-04-14 11:53:00.014 [scheduling-1] INFO  c.e.s.Scheduler.SignatureScheduler - Début traitement automatique des signatures...
2026-04-14 11:53:00.360 [scheduling-1] INFO  c.e.s.Scheduler.SignatureScheduler - Fin traitement signatures
2026-04-14 11:54:00.009 [scheduling-1] INFO  c.e.s.Scheduler.SignatureScheduler - Début traitement automatique des signatures...
2026-04-14 11:54:00.269 [scheduling-1] INFO  c.e.s.Scheduler.SignatureScheduler - Fin traitement signatures
2026-04-14 11:55:00.005 [scheduling-1] INFO  c.e.s.Scheduler.SignatureScheduler - Début traitement automatique des signatures...
2026-04-14 11:55:00.275 [scheduling-1] INFO  c.e.s.Scheduler.SignatureScheduler - Fin traitement signatures
2026-04-14 11:56:00.009 [scheduling-1] INFO  c.e.s.Scheduler.SignatureScheduler - Début traitement automatique des signatures...
2026-04-14 11:56:00.271 [scheduling-1] INFO  c.e.s.Scheduler.SignatureScheduler - Fin traitement signatures
2026-04-14 11:57:00.012 [scheduling-1] INFO  c.e.s.Scheduler.SignatureScheduler - Début traitement automatique des signatures...
2026-04-14 11:57:00.276 [scheduling-1] INFO  c.e.s.Scheduler.SignatureScheduler - Fin traitement signatures
2026-04-14 11:58:00.011 [scheduling-1] INFO  c.e.s.Scheduler.SignatureScheduler - Début traitement automatique des signatures...
2026-04-14 11:58:00.285 [scheduling-1] INFO  c.e.s.Scheduler.SignatureScheduler - Fin traitement signatures
2026-04-14 11:59:00.012 [scheduling-1] INFO  c.e.s.Scheduler.SignatureScheduler - Début traitement automatique des signatures...
2026-04-14 11:59:00.281 [scheduling-1] INFO  c.e.s.Scheduler.SignatureScheduler - Fin traitement signatures
2026-04-14 12:00:00.009 [scheduling-1] INFO  c.e.s.Scheduler.SignatureScheduler - Début traitement automatique des signatures...
2026-04-14 12:00:00.287 [scheduling-1] INFO  c.e.s.Scheduler.SignatureScheduler - Fin traitement signatures
2026-04-14 12:01:00.007 [scheduling-1] INFO  c.e.s.Scheduler.SignatureScheduler - Début traitement automatique des signatures...
2026-04-14 12:01:00.289 [scheduling-1] INFO  c.e.s.Scheduler.SignatureScheduler - Fin traitement signatures
2026-04-14 12:02:00.014 [scheduling-1] INFO  c.e.s.Scheduler.SignatureScheduler - Début traitement automatique des signatures...
2026-04-14 12:02:00.278 [scheduling-1] INFO  c.e.s.Scheduler.SignatureScheduler - Fin traitement signatures
2026-04-14 12:03:00.010 [scheduling-1] INFO  c.e.s.Scheduler.SignatureScheduler - Début traitement automatique des signatures...
2026-04-14 12:03:00.290 [scheduling-1] INFO  c.e.s.Scheduler.SignatureScheduler - Fin traitement signatures
2026-04-14 12:04:00.005 [scheduling-1] INFO  c.e.s.Scheduler.SignatureScheduler - Début traitement automatique des signatures...
2026-04-14 12:04:00.270 [scheduling-1] INFO  c.e.s.Scheduler.SignatureScheduler - Fin traitement signatures
2026-04-14 12:05:00.009 [scheduling-1] INFO  c.e.s.Scheduler.SignatureScheduler - Début traitement automatique des signatures...
2026-04-14 12:05:00.510 [scheduling-1] INFO  c.e.s.Scheduler.SignatureScheduler - Fin traitement signatures
2026-04-14 12:06:00.015 [scheduling-1] INFO  c.e.s.Scheduler.SignatureScheduler - Début traitement automatique des signatures...
2026-04-14 12:06:00.287 [scheduling-1] INFO  c.e.s.Scheduler.SignatureScheduler - Fin traitement signatures
2026-04-14 12:07:00.002 [scheduling-1] INFO  c.e.s.Scheduler.SignatureScheduler - Début traitement automatique des signatures...
2026-04-14 12:07:00.267 [scheduling-1] INFO  c.e.s.Scheduler.SignatureScheduler - Fin traitement signatures
2026-04-14 12:08:00.013 [scheduling-1] INFO  c.e.s.Scheduler.SignatureScheduler - Début traitement automatique des signatures...
2026-04-14 12:08:00.293 [scheduling-1] INFO  c.e.s.Scheduler.SignatureScheduler - Fin traitement signatures
2026-04-14 12:09:00.001 [scheduling-1] INFO  c.e.s.Scheduler.SignatureScheduler - Début traitement automatique des signatures...
2026-04-14 12:09:00.276 [scheduling-1] INFO  c.e.s.Scheduler.SignatureScheduler - Fin traitement signatures
2026-04-14 12:10:00.006 [scheduling-1] INFO  c.e.s.Scheduler.SignatureScheduler - Début traitement automatique des signatures...
2026-04-14 12:10:00.271 [scheduling-1] INFO  c.e.s.Scheduler.SignatureScheduler - Fin traitement signatures
2026-04-14 12:11:00.007 [scheduling-1] INFO  c.e.s.Scheduler.SignatureScheduler - Début traitement automatique des signatures...
2026-04-14 12:11:00.537 [scheduling-1] INFO  c.e.s.Scheduler.SignatureScheduler - Fin traitement signatures
2026-04-14 12:12:00.001 [scheduling-1] INFO  c.e.s.Scheduler.SignatureScheduler - Début traitement automatique des signatures...
2026-04-14 12:12:00.275 [scheduling-1] INFO  c.e.s.Scheduler.SignatureScheduler - Fin traitement signatures
2026-04-14 12:13:00.002 [scheduling-1] INFO  c.e.s.Scheduler.SignatureScheduler - Début traitement automatique des signatures...
2026-04-14 12:13:00.283 [scheduling-1] INFO  c.e.s.Scheduler.SignatureScheduler - Fin traitement signatures
2026-04-14 12:14:00.008 [scheduling-1] INFO  c.e.s.Scheduler.SignatureScheduler - Début traitement automatique des signatures...
2026-04-14 12:14:00.272 [scheduling-1] INFO  c.e.s.Scheduler.SignatureScheduler - Fin traitement signatures
2026-04-14 12:15:00.006 [scheduling-1] INFO  c.e.s.Scheduler.SignatureScheduler - Début traitement automatique des signatures...
2026-04-14 12:15:00.271 [scheduling-1] INFO  c.e.s.Scheduler.SignatureScheduler - Fin traitement signatures
2026-04-14 12:16:00.006 [scheduling-1] INFO  c.e.s.Scheduler.SignatureScheduler - Début traitement automatique des signatures...
2026-04-14 12:16:00.449 [scheduling-1] INFO  c.e.s.Scheduler.SignatureScheduler - Fin traitement signatures
2026-04-14 12:17:00.007 [scheduling-1] INFO  c.e.s.Scheduler.SignatureScheduler - Début traitement automatique des signatures...
2026-04-14 12:17:00.669 [scheduling-1] INFO  c.e.s.Scheduler.SignatureScheduler - Fin traitement signatures
2026-04-14 12:18:00.007 [scheduling-1] INFO  c.e.s.Scheduler.SignatureScheduler - Début traitement automatique des signatures...
2026-04-14 12:18:00.272 [scheduling-1] INFO  c.e.s.Scheduler.SignatureScheduler - Fin traitement signatures
2026-04-14 12:19:00.014 [scheduling-1] INFO  c.e.s.Scheduler.SignatureScheduler - Début traitement automatique des signatures...
2026-04-14 12:19:00.287 [scheduling-1] INFO  c.e.s.Scheduler.SignatureScheduler - Fin traitement signatures
2026-04-14 12:20:00.011 [scheduling-1] INFO  c.e.s.Scheduler.SignatureScheduler - Début traitement automatique des signatures...
2026-04-14 12:20:00.275 [scheduling-1] INFO  c.e.s.Scheduler.SignatureScheduler - Fin traitement signatures
2026-04-14 12:21:00.004 [scheduling-1] INFO  c.e.s.Scheduler.SignatureScheduler - Début traitement automatique des signatures...
2026-04-14 12:21:00.270 [scheduling-1] INFO  c.e.s.Scheduler.SignatureScheduler - Fin traitement signatures
2026-04-14 12:22:00.002 [scheduling-1] INFO  c.e.s.Scheduler.SignatureScheduler - Début traitement automatique des signatures...
2026-04-14 12:22:00.464 [scheduling-1] INFO  c.e.s.Scheduler.SignatureScheduler - Fin traitement signatures
2026-04-14 12:23:00.002 [scheduling-1] INFO  c.e.s.Scheduler.SignatureScheduler - Début traitement automatique des signatures...
2026-04-14 12:23:00.270 [scheduling-1] INFO  c.e.s.Scheduler.SignatureScheduler - Fin traitement signatures
2026-04-14 12:24:00.011 [scheduling-1] INFO  c.e.s.Scheduler.SignatureScheduler - Début traitement automatique des signatures...
2026-04-14 12:24:00.279 [scheduling-1] INFO  c.e.s.Scheduler.SignatureScheduler - Fin traitement signatures
2026-04-14 12:25:00.006 [scheduling-1] INFO  c.e.s.Scheduler.SignatureScheduler - Début traitement automatique des signatures...
2026-04-14 12:25:00.282 [scheduling-1] INFO  c.e.s.Scheduler.SignatureScheduler - Fin traitement signatures
2026-04-14 12:26:00.015 [scheduling-1] INFO  c.e.s.Scheduler.SignatureScheduler - Début traitement automatique des signatures...
2026-04-14 12:26:00.276 [scheduling-1] INFO  c.e.s.Scheduler.SignatureScheduler - Fin traitement signatures
2026-04-14 12:27:00.006 [scheduling-1] INFO  c.e.s.Scheduler.SignatureScheduler - Début traitement automatique des signatures...
2026-04-14 12:27:00.272 [scheduling-1] INFO  c.e.s.Scheduler.SignatureScheduler - Fin traitement signatures
2026-04-14 12:28:00.014 [scheduling-1] INFO  c.e.s.Scheduler.SignatureScheduler - Début traitement automatique des signatures...
2026-04-14 12:28:00.282 [scheduling-1] INFO  c.e.s.Scheduler.SignatureScheduler - Fin traitement signatures
2026-04-14 12:29:00.007 [scheduling-1] INFO  c.e.s.Scheduler.SignatureScheduler - Début traitement automatique des signatures...
2026-04-14 12:29:00.274 [scheduling-1] INFO  c.e.s.Scheduler.SignatureScheduler - Fin traitement signatures
2026-04-14 12:30:00.001 [scheduling-1] INFO  c.e.s.Scheduler.SignatureScheduler - Début traitement automatique des signatures...
2026-04-14 12:30:00.264 [scheduling-1] INFO  c.e.s.Scheduler.SignatureScheduler - Fin traitement signatures
2026-04-14 12:31:00.006 [scheduling-1] INFO  c.e.s.Scheduler.SignatureScheduler - Début traitement automatique des signatures...
2026-04-14 12:31:00.270 [scheduling-1] INFO  c.e.s.Scheduler.SignatureScheduler - Fin traitement signatures
2026-04-14 12:32:00.008 [scheduling-1] INFO  c.e.s.Scheduler.SignatureScheduler - Début traitement automatique des signatures...
2026-04-14 12:32:00.277 [scheduling-1] INFO  c.e.s.Scheduler.SignatureScheduler - Fin traitement signatures
2026-04-14 12:33:00.000 [scheduling-1] INFO  c.e.s.Scheduler.SignatureScheduler - Début traitement automatique des signatures...
2026-04-14 12:33:00.289 [scheduling-1] INFO  c.e.s.Scheduler.SignatureScheduler - Fin traitement signatures
2026-04-14 12:34:00.005 [scheduling-1] INFO  c.e.s.Scheduler.SignatureScheduler - Début traitement automatique des signatures...
2026-04-14 12:34:00.297 [scheduling-1] INFO  c.e.s.Scheduler.SignatureScheduler - Fin traitement signatures
2026-04-14 12:35:00.014 [scheduling-1] INFO  c.e.s.Scheduler.SignatureScheduler - Début traitement automatique des signatures...
2026-04-14 12:35:00.276 [scheduling-1] INFO  c.e.s.Scheduler.SignatureScheduler - Fin traitement signatures
2026-04-14 12:36:00.010 [scheduling-1] INFO  c.e.s.Scheduler.SignatureScheduler - Début traitement automatique des signatures...
2026-04-14 12:36:00.279 [scheduling-1] INFO  c.e.s.Scheduler.SignatureScheduler - Fin traitement signatures
2026-04-14 12:37:00.007 [scheduling-1] INFO  c.e.s.Scheduler.SignatureScheduler - Début traitement automatique des signatures...
2026-04-14 12:37:00.268 [scheduling-1] INFO  c.e.s.Scheduler.SignatureScheduler - Fin traitement signatures
2026-04-14 12:38:00.003 [scheduling-1] INFO  c.e.s.Scheduler.SignatureScheduler - Début traitement automatique des signatures...
2026-04-14 12:38:00.265 [scheduling-1] INFO  c.e.s.Scheduler.SignatureScheduler - Fin traitement signatures
2026-04-14 12:39:00.013 [scheduling-1] INFO  c.e.s.Scheduler.SignatureScheduler - Début traitement automatique des signatures...
2026-04-14 12:39:00.294 [scheduling-1] INFO  c.e.s.Scheduler.SignatureScheduler - Fin traitement signatures
2026-04-14 12:40:00.015 [scheduling-1] INFO  c.e.s.Scheduler.SignatureScheduler - Début traitement automatique des signatures...
2026-04-14 12:40:00.282 [scheduling-1] INFO  c.e.s.Scheduler.SignatureScheduler - Fin traitement signatures
2026-04-14 12:41:00.005 [scheduling-1] INFO  c.e.s.Scheduler.SignatureScheduler - Début traitement automatique des signatures...
2026-04-14 12:41:00.476 [scheduling-1] INFO  c.e.s.Scheduler.SignatureScheduler - Fin traitement signatures
2026-04-14 12:42:00.010 [scheduling-1] INFO  c.e.s.Scheduler.SignatureScheduler - Début traitement automatique des signatures...
2026-04-14 12:42:00.271 [scheduling-1] INFO  c.e.s.Scheduler.SignatureScheduler - Fin traitement signatures
2026-04-14 12:43:00.001 [scheduling-1] INFO  c.e.s.Scheduler.SignatureScheduler - Début traitement automatique des signatures...
2026-04-14 12:43:00.261 [scheduling-1] INFO  c.e.s.Scheduler.SignatureScheduler - Fin traitement signatures
2026-04-14 12:44:00.015 [scheduling-1] INFO  c.e.s.Scheduler.SignatureScheduler - Début traitement automatique des signatures...
2026-04-14 12:44:00.278 [scheduling-1] INFO  c.e.s.Scheduler.SignatureScheduler - Fin traitement signatures
2026-04-14 12:45:00.006 [scheduling-1] INFO  c.e.s.Scheduler.SignatureScheduler - Début traitement automatique des signatures...
2026-04-14 12:45:00.424 [scheduling-1] INFO  c.e.s.Scheduler.SignatureScheduler - Fin traitement signatures
2026-04-14 12:46:00.012 [scheduling-1] INFO  c.e.s.Scheduler.SignatureScheduler - Début traitement automatique des signatures...
2026-04-14 12:46:00.274 [scheduling-1] INFO  c.e.s.Scheduler.SignatureScheduler - Fin traitement signatures
2026-04-14 12:47:00.007 [scheduling-1] INFO  c.e.s.Scheduler.SignatureScheduler - Début traitement automatique des signatures...
2026-04-14 12:47:00.266 [scheduling-1] INFO  c.e.s.Scheduler.SignatureScheduler - Fin traitement signatures
2026-04-14 12:48:00.011 [scheduling-1] INFO  c.e.s.Scheduler.SignatureScheduler - Début traitement automatique des signatures...
2026-04-14 12:48:00.275 [scheduling-1] INFO  c.e.s.Scheduler.SignatureScheduler - Fin traitement signatures
2026-04-14 12:49:00.011 [scheduling-1] INFO  c.e.s.Scheduler.SignatureScheduler - Début traitement automatique des signatures...
2026-04-14 12:49:00.273 [scheduling-1] INFO  c.e.s.Scheduler.SignatureScheduler - Fin traitement signatures
2026-04-14 12:50:00.001 [scheduling-1] INFO  c.e.s.Scheduler.SignatureScheduler - Début traitement automatique des signatures...
2026-04-14 12:50:00.502 [scheduling-1] INFO  c.e.s.Scheduler.SignatureScheduler - Fin traitement signatures
2026-04-14 12:51:00.015 [scheduling-1] INFO  c.e.s.Scheduler.SignatureScheduler - Début traitement automatique des signatures...
2026-04-14 12:51:03.064 [scheduling-1] INFO  c.e.s.Scheduler.SignatureScheduler - Fin traitement signatures
2026-04-14 12:52:00.013 [scheduling-1] INFO  c.e.s.Scheduler.SignatureScheduler - Début traitement automatique des signatures...
2026-04-14 12:52:00.278 [scheduling-1] INFO  c.e.s.Scheduler.SignatureScheduler - Fin traitement signatures
2026-04-14 12:53:00.007 [scheduling-1] INFO  c.e.s.Scheduler.SignatureScheduler - Début traitement automatique des signatures...
2026-04-14 12:53:00.270 [scheduling-1] INFO  c.e.s.Scheduler.SignatureScheduler - Fin traitement signatures
2026-04-14 12:54:00.008 [scheduling-1] INFO  c.e.s.Scheduler.SignatureScheduler - Début traitement automatique des signatures...
2026-04-14 12:54:00.270 [scheduling-1] INFO  c.e.s.Scheduler.SignatureScheduler - Fin traitement signatures
2026-04-14 12:55:00.001 [scheduling-1] INFO  c.e.s.Scheduler.SignatureScheduler - Début traitement automatique des signatures...
2026-04-14 12:55:00.263 [scheduling-1] INFO  c.e.s.Scheduler.SignatureScheduler - Fin traitement signatures
2026-04-14 12:56:00.002 [scheduling-1] INFO  c.e.s.Scheduler.SignatureScheduler - Début traitement automatique des signatures...
2026-04-14 12:56:00.483 [scheduling-1] INFO  c.e.s.Scheduler.SignatureScheduler - Fin traitement signatures
2026-04-14 12:57:00.010 [scheduling-1] INFO  c.e.s.Scheduler.SignatureScheduler - Début traitement automatique des signatures...
2026-04-14 12:57:00.497 [scheduling-1] INFO  c.e.s.Scheduler.SignatureScheduler - Fin traitement signatures
2026-04-14 12:58:00.009 [scheduling-1] INFO  c.e.s.Scheduler.SignatureScheduler - Début traitement automatique des signatures...
2026-04-14 12:58:00.271 [scheduling-1] INFO  c.e.s.Scheduler.SignatureScheduler - Fin traitement signatures
2026-04-14 12:59:00.005 [scheduling-1] INFO  c.e.s.Scheduler.SignatureScheduler - Début traitement automatique des signatures...
2026-04-14 12:59:00.314 [scheduling-1] INFO  c.e.s.Scheduler.SignatureScheduler - Fin traitement signatures
2026-04-14 13:00:00.015 [scheduling-1] INFO  c.e.s.Scheduler.SignatureScheduler - Début traitement automatique des signatures...
2026-04-14 13:00:00.284 [scheduling-1] INFO  c.e.s.Scheduler.SignatureScheduler - Fin traitement signatures
2026-04-14 13:01:00.000 [scheduling-1] INFO  c.e.s.Scheduler.SignatureScheduler - Début traitement automatique des signatures...
2026-04-14 13:01:00.262 [scheduling-1] INFO  c.e.s.Scheduler.SignatureScheduler - Fin traitement signatures
2026-04-14 13:02:00.004 [scheduling-1] INFO  c.e.s.Scheduler.SignatureScheduler - Début traitement automatique des signatures...
2026-04-14 13:02:00.267 [scheduling-1] INFO  c.e.s.Scheduler.SignatureScheduler - Fin traitement signatures
2026-04-14 13:03:00.002 [scheduling-1] INFO  c.e.s.Scheduler.SignatureScheduler - Début traitement automatique des signatures...
2026-04-14 13:03:00.267 [scheduling-1] INFO  c.e.s.Scheduler.SignatureScheduler - Fin traitement signatures
2026-04-14 13:04:00.007 [scheduling-1] INFO  c.e.s.Scheduler.SignatureScheduler - Début traitement automatique des signatures...
2026-04-14 13:04:00.332 [scheduling-1] INFO  c.e.s.Scheduler.SignatureScheduler - Fin traitement signatures
2026-04-14 13:05:00.012 [scheduling-1] INFO  c.e.s.Scheduler.SignatureScheduler - Début traitement automatique des signatures...
2026-04-14 13:05:00.286 [scheduling-1] INFO  c.e.s.Scheduler.SignatureScheduler - Fin traitement signatures
2026-04-14 13:06:00.016 [scheduling-1] INFO  c.e.s.Scheduler.SignatureScheduler - Début traitement automatique des signatures...
2026-04-14 13:06:00.279 [scheduling-1] INFO  c.e.s.Scheduler.SignatureScheduler - Fin traitement signatures
2026-04-14 13:07:00.004 [scheduling-1] INFO  c.e.s.Scheduler.SignatureScheduler - Début traitement automatique des signatures...
2026-04-14 13:07:00.269 [scheduling-1] INFO  c.e.s.Scheduler.SignatureScheduler - Fin traitement signatures
2026-04-14 13:08:00.009 [scheduling-1] INFO  c.e.s.Scheduler.SignatureScheduler - Début traitement automatique des signatures...
2026-04-14 13:08:00.277 [scheduling-1] INFO  c.e.s.Scheduler.SignatureScheduler - Fin traitement signatures
2026-04-14 13:09:00.002 [scheduling-1] INFO  c.e.s.Scheduler.SignatureScheduler - Début traitement automatique des signatures...
2026-04-14 13:09:00.267 [scheduling-1] INFO  c.e.s.Scheduler.SignatureScheduler - Fin traitement signatures
2026-04-14 13:10:00.001 [scheduling-1] INFO  c.e.s.Scheduler.SignatureScheduler - Début traitement automatique des signatures...
2026-04-14 13:10:00.466 [scheduling-1] INFO  c.e.s.Scheduler.SignatureScheduler - Fin traitement signatures
2026-04-14 13:11:00.018 [scheduling-1] INFO  c.e.s.Scheduler.SignatureScheduler - Début traitement automatique des signatures...
2026-04-14 13:11:00.297 [scheduling-1] INFO  c.e.s.Scheduler.SignatureScheduler - Fin traitement signatures
2026-04-14 13:12:00.009 [scheduling-1] INFO  c.e.s.Scheduler.SignatureScheduler - Début traitement automatique des signatures...
2026-04-14 13:12:00.278 [scheduling-1] INFO  c.e.s.Scheduler.SignatureScheduler - Fin traitement signatures
2026-04-14 13:13:00.001 [scheduling-1] INFO  c.e.s.Scheduler.SignatureScheduler - Début traitement automatique des signatures...
2026-04-14 13:13:00.265 [scheduling-1] INFO  c.e.s.Scheduler.SignatureScheduler - Fin traitement signatures
2026-04-14 13:14:00.011 [scheduling-1] INFO  c.e.s.Scheduler.SignatureScheduler - Début traitement automatique des signatures...
2026-04-14 13:14:00.284 [scheduling-1] INFO  c.e.s.Scheduler.SignatureScheduler - Fin traitement signatures
2026-04-14 13:15:00.005 [scheduling-1] INFO  c.e.s.Scheduler.SignatureScheduler - Début traitement automatique des signatures...
2026-04-14 13:15:00.267 [scheduling-1] INFO  c.e.s.Scheduler.SignatureScheduler - Fin traitement signatures
2026-04-14 13:16:00.007 [scheduling-1] INFO  c.e.s.Scheduler.SignatureScheduler - Début traitement automatique des signatures...
2026-04-14 13:16:00.281 [scheduling-1] INFO  c.e.s.Scheduler.SignatureScheduler - Fin traitement signatures
2026-04-14 13:17:00.005 [scheduling-1] INFO  c.e.s.Scheduler.SignatureScheduler - Début traitement automatique des signatures...
2026-04-14 13:17:00.291 [scheduling-1] INFO  c.e.s.Scheduler.SignatureScheduler - Fin traitement signatures
2026-04-14 13:18:00.011 [scheduling-1] INFO  c.e.s.Scheduler.SignatureScheduler - Début traitement automatique des signatures...
2026-04-14 13:18:00.321 [scheduling-1] INFO  c.e.s.Scheduler.SignatureScheduler - Fin traitement signatures
2026-04-14 13:19:00.015 [scheduling-1] INFO  c.e.s.Scheduler.SignatureScheduler - Début traitement automatique des signatures...
2026-04-14 13:19:00.279 [scheduling-1] INFO  c.e.s.Scheduler.SignatureScheduler - Fin traitement signatures
2026-04-14 13:20:00.003 [scheduling-1] INFO  c.e.s.Scheduler.SignatureScheduler - Début traitement automatique des signatures...
2026-04-14 13:20:00.266 [scheduling-1] INFO  c.e.s.Scheduler.SignatureScheduler - Fin traitement signatures
2026-04-14 13:21:00.010 [scheduling-1] INFO  c.e.s.Scheduler.SignatureScheduler - Début traitement automatique des signatures...
2026-04-14 13:21:00.283 [scheduling-1] INFO  c.e.s.Scheduler.SignatureScheduler - Fin traitement signatures
2026-04-14 13:22:00.009 [scheduling-1] INFO  c.e.s.Scheduler.SignatureScheduler - Début traitement automatique des signatures...
2026-04-14 13:22:00.289 [scheduling-1] INFO  c.e.s.Scheduler.SignatureScheduler - Fin traitement signatures
2026-04-14 13:23:00.002 [scheduling-1] INFO  c.e.s.Scheduler.SignatureScheduler - Début traitement automatique des signatures...
2026-04-14 13:23:00.271 [scheduling-1] INFO  c.e.s.Scheduler.SignatureScheduler - Fin traitement signatures
2026-04-14 13:24:00.007 [scheduling-1] INFO  c.e.s.Scheduler.SignatureScheduler - Début traitement automatique des signatures...
2026-04-14 13:24:00.373 [scheduling-1] INFO  c.e.s.Scheduler.SignatureScheduler - Fin traitement signatures
2026-04-14 13:25:00.002 [scheduling-1] INFO  c.e.s.Scheduler.SignatureScheduler - Début traitement automatique des signatures...
2026-04-14 13:25:00.275 [scheduling-1] INFO  c.e.s.Scheduler.SignatureScheduler - Fin traitement signatures
2026-04-14 13:26:00.006 [scheduling-1] INFO  c.e.s.Scheduler.SignatureScheduler - Début traitement automatique des signatures...
2026-04-14 13:26:00.335 [scheduling-1] INFO  c.e.s.Scheduler.SignatureScheduler - Fin traitement signatures
2026-04-14 13:27:00.009 [scheduling-1] INFO  c.e.s.Scheduler.SignatureScheduler - Début traitement automatique des signatures...
2026-04-14 13:27:00.543 [scheduling-1] INFO  c.e.s.Scheduler.SignatureScheduler - Fin traitement signatures
2026-04-14 13:28:00.004 [scheduling-1] INFO  c.e.s.Scheduler.SignatureScheduler - Début traitement automatique des signatures...
2026-04-14 13:28:00.269 [scheduling-1] INFO  c.e.s.Scheduler.SignatureScheduler - Fin traitement signatures
2026-04-14 13:29:00.000 [scheduling-1] INFO  c.e.s.Scheduler.SignatureScheduler - Début traitement automatique des signatures...
2026-04-14 13:29:00.333 [scheduling-1] INFO  c.e.s.Scheduler.SignatureScheduler - Fin traitement signatures
2026-04-14 13:30:00.009 [scheduling-1] INFO  c.e.s.Scheduler.SignatureScheduler - Début traitement automatique des signatures...
2026-04-14 13:30:00.293 [scheduling-1] INFO  c.e.s.Scheduler.SignatureScheduler - Fin traitement signatures
2026-04-14 13:31:00.003 [scheduling-1] INFO  c.e.s.Scheduler.SignatureScheduler - Début traitement automatique des signatures...
2026-04-14 13:31:00.500 [scheduling-1] INFO  c.e.s.Scheduler.SignatureScheduler - Fin traitement signatures
2026-04-14 13:32:00.009 [scheduling-1] INFO  c.e.s.Scheduler.SignatureScheduler - Début traitement automatique des signatures...
2026-04-14 13:32:00.282 [scheduling-1] INFO  c.e.s.Scheduler.SignatureScheduler - Fin traitement signatures
2026-04-14 13:33:00.007 [scheduling-1] INFO  c.e.s.Scheduler.SignatureScheduler - Début traitement automatique des signatures...
2026-04-14 13:33:00.273 [scheduling-1] INFO  c.e.s.Scheduler.SignatureScheduler - Fin traitement signatures
2026-04-14 13:34:00.003 [scheduling-1] INFO  c.e.s.Scheduler.SignatureScheduler - Début traitement automatique des signatures...
2026-04-14 13:34:00.271 [scheduling-1] INFO  c.e.s.Scheduler.SignatureScheduler - Fin traitement signatures
2026-04-14 13:35:00.011 [scheduling-1] INFO  c.e.s.Scheduler.SignatureScheduler - Début traitement automatique des signatures...
2026-04-14 13:35:00.275 [scheduling-1] INFO  c.e.s.Scheduler.SignatureScheduler - Fin traitement signatures
2026-04-14 13:36:00.006 [scheduling-1] INFO  c.e.s.Scheduler.SignatureScheduler - Début traitement automatique des signatures...
2026-04-14 13:36:00.276 [scheduling-1] INFO  c.e.s.Scheduler.SignatureScheduler - Fin traitement signatures
2026-04-14 13:37:00.004 [scheduling-1] INFO  c.e.s.Scheduler.SignatureScheduler - Début traitement automatique des signatures...
2026-04-14 13:37:00.296 [scheduling-1] INFO  c.e.s.Scheduler.SignatureScheduler - Fin traitement signatures
2026-04-14 13:38:00.008 [scheduling-1] INFO  c.e.s.Scheduler.SignatureScheduler - Début traitement automatique des signatures...
2026-04-14 13:38:00.279 [scheduling-1] INFO  c.e.s.Scheduler.SignatureScheduler - Fin traitement signatures
2026-04-14 13:39:00.007 [scheduling-1] INFO  c.e.s.Scheduler.SignatureScheduler - Début traitement automatique des signatures...
2026-04-14 13:39:00.325 [scheduling-1] INFO  c.e.s.Scheduler.SignatureScheduler - Fin traitement signatures
2026-04-14 13:40:00.006 [scheduling-1] INFO  c.e.s.Scheduler.SignatureScheduler - Début traitement automatique des signatures...
2026-04-14 13:40:00.276 [scheduling-1] INFO  c.e.s.Scheduler.SignatureScheduler - Fin traitement signatures
2026-04-14 13:41:00.000 [scheduling-1] INFO  c.e.s.Scheduler.SignatureScheduler - Début traitement automatique des signatures...
2026-04-14 13:41:00.278 [scheduling-1] INFO  c.e.s.Scheduler.SignatureScheduler - Fin traitement signatures
2026-04-14 13:42:00.015 [scheduling-1] INFO  c.e.s.Scheduler.SignatureScheduler - Début traitement automatique des signatures...
2026-04-14 13:42:00.287 [scheduling-1] INFO  c.e.s.Scheduler.SignatureScheduler - Fin traitement signatures
2026-04-14 13:43:00.014 [scheduling-1] INFO  c.e.s.Scheduler.SignatureScheduler - Début traitement automatique des signatures...
2026-04-14 13:43:00.293 [scheduling-1] INFO  c.e.s.Scheduler.SignatureScheduler - Fin traitement signatures
2026-04-14 13:44:00.007 [scheduling-1] INFO  c.e.s.Scheduler.SignatureScheduler - Début traitement automatique des signatures...
2026-04-14 13:44:00.275 [scheduling-1] INFO  c.e.s.Scheduler.SignatureScheduler - Fin traitement signatures
2026-04-14 13:45:00.009 [scheduling-1] INFO  c.e.s.Scheduler.SignatureScheduler - Début traitement automatique des signatures...
2026-04-14 13:45:00.278 [scheduling-1] INFO  c.e.s.Scheduler.SignatureScheduler - Fin traitement signatures
2026-04-14 13:46:00.010 [scheduling-1] INFO  c.e.s.Scheduler.SignatureScheduler - Début traitement automatique des signatures...
2026-04-14 13:46:00.274 [scheduling-1] INFO  c.e.s.Scheduler.SignatureScheduler - Fin traitement signatures
2026-04-14 13:47:00.008 [scheduling-1] INFO  c.e.s.Scheduler.SignatureScheduler - Début traitement automatique des signatures...
2026-04-14 13:47:00.281 [scheduling-1] INFO  c.e.s.Scheduler.SignatureScheduler - Fin traitement signatures
2026-04-14 13:48:00.005 [scheduling-1] INFO  c.e.s.Scheduler.SignatureScheduler - Début traitement automatique des signatures...
2026-04-14 13:48:00.273 [scheduling-1] INFO  c.e.s.Scheduler.SignatureScheduler - Fin traitement signatures
2026-04-14 13:49:00.001 [scheduling-1] INFO  c.e.s.Scheduler.SignatureScheduler - Début traitement automatique des signatures...
2026-04-14 13:49:00.285 [scheduling-1] INFO  c.e.s.Scheduler.SignatureScheduler - Fin traitement signatures
2026-04-14 13:50:00.012 [scheduling-1] INFO  c.e.s.Scheduler.SignatureScheduler - Début traitement automatique des signatures...
2026-04-14 13:50:00.286 [scheduling-1] INFO  c.e.s.Scheduler.SignatureScheduler - Fin traitement signatures
2026-04-14 13:51:00.001 [scheduling-1] INFO  c.e.s.Scheduler.SignatureScheduler - Début traitement automatique des signatures...
2026-04-14 13:51:00.267 [scheduling-1] INFO  c.e.s.Scheduler.SignatureScheduler - Fin traitement signatures
2026-04-14 13:52:00.010 [scheduling-1] INFO  c.e.s.Scheduler.SignatureScheduler - Début traitement automatique des signatures...
2026-04-14 13:52:00.275 [scheduling-1] INFO  c.e.s.Scheduler.SignatureScheduler - Fin traitement signatures
2026-04-14 13:53:00.011 [scheduling-1] INFO  c.e.s.Scheduler.SignatureScheduler - Début traitement automatique des signatures...
2026-04-14 13:53:00.286 [scheduling-1] INFO  c.e.s.Scheduler.SignatureScheduler - Fin traitement signatures
2026-04-14 13:54:00.002 [scheduling-1] INFO  c.e.s.Scheduler.SignatureScheduler - Début traitement automatique des signatures...
2026-04-14 13:54:00.267 [scheduling-1] INFO  c.e.s.Scheduler.SignatureScheduler - Fin traitement signatures
2026-04-14 13:55:00.008 [scheduling-1] INFO  c.e.s.Scheduler.SignatureScheduler - Début traitement automatique des signatures...
2026-04-14 13:55:00.303 [scheduling-1] INFO  c.e.s.Scheduler.SignatureScheduler - Fin traitement signatures
2026-04-14 13:56:00.008 [scheduling-1] INFO  c.e.s.Scheduler.SignatureScheduler - Début traitement automatique des signatures...
2026-04-14 13:56:00.285 [scheduling-1] INFO  c.e.s.Scheduler.SignatureScheduler - Fin traitement signatures
2026-04-14 13:57:00.014 [scheduling-1] INFO  c.e.s.Scheduler.SignatureScheduler - Début traitement automatique des signatures...
2026-04-14 13:57:00.307 [scheduling-1] INFO  c.e.s.Scheduler.SignatureScheduler - Fin traitement signatures
2026-04-14 13:58:00.003 [scheduling-1] INFO  c.e.s.Scheduler.SignatureScheduler - Début traitement automatique des signatures...
2026-04-14 13:58:00.274 [scheduling-1] INFO  c.e.s.Scheduler.SignatureScheduler - Fin traitement signatures
2026-04-14 13:59:00.009 [scheduling-1] INFO  c.e.s.Scheduler.SignatureScheduler - Début traitement automatique des signatures...
2026-04-14 13:59:00.285 [scheduling-1] INFO  c.e.s.Scheduler.SignatureScheduler - Fin traitement signatures
2026-04-14 14:00:00.005 [scheduling-1] INFO  c.e.s.Scheduler.SignatureScheduler - Début traitement automatique des signatures...
2026-04-14 14:00:00.495 [scheduling-1] INFO  c.e.s.Scheduler.SignatureScheduler - Fin traitement signatures
2026-04-14 14:01:00.000 [scheduling-1] INFO  c.e.s.Scheduler.SignatureScheduler - Début traitement automatique des signatures...
2026-04-14 14:01:00.492 [scheduling-1] INFO  c.e.s.Scheduler.SignatureScheduler - Fin traitement signatures
2026-04-14 14:02:00.011 [scheduling-1] INFO  c.e.s.Scheduler.SignatureScheduler - Début traitement automatique des signatures...
2026-04-14 14:02:00.280 [scheduling-1] INFO  c.e.s.Scheduler.SignatureScheduler - Fin traitement signatures
2026-04-14 14:03:00.009 [scheduling-1] INFO  c.e.s.Scheduler.SignatureScheduler - Début traitement automatique des signatures...
2026-04-14 14:03:00.291 [scheduling-1] INFO  c.e.s.Scheduler.SignatureScheduler - Fin traitement signatures
2026-04-14 14:04:00.012 [scheduling-1] INFO  c.e.s.Scheduler.SignatureScheduler - Début traitement automatique des signatures...
2026-04-14 14:04:00.363 [scheduling-1] INFO  c.e.s.Scheduler.SignatureScheduler - Fin traitement signatures
2026-04-14 14:05:00.007 [scheduling-1] INFO  c.e.s.Scheduler.SignatureScheduler - Début traitement automatique des signatures...
2026-04-14 14:05:00.278 [scheduling-1] INFO  c.e.s.Scheduler.SignatureScheduler - Fin traitement signatures
2026-04-14 14:06:00.015 [scheduling-1] INFO  c.e.s.Scheduler.SignatureScheduler - Début traitement automatique des signatures...
2026-04-14 14:06:00.281 [scheduling-1] INFO  c.e.s.Scheduler.SignatureScheduler - Fin traitement signatures
2026-04-14 14:07:00.001 [scheduling-1] INFO  c.e.s.Scheduler.SignatureScheduler - Début traitement automatique des signatures...
2026-04-14 14:07:00.268 [scheduling-1] INFO  c.e.s.Scheduler.SignatureScheduler - Fin traitement signatures
2026-04-14 14:08:00.002 [scheduling-1] INFO  c.e.s.Scheduler.SignatureScheduler - Début traitement automatique des signatures...
2026-04-14 14:08:00.269 [scheduling-1] INFO  c.e.s.Scheduler.SignatureScheduler - Fin traitement signatures
2026-04-14 14:09:00.011 [scheduling-1] INFO  c.e.s.Scheduler.SignatureScheduler - Début traitement automatique des signatures...
2026-04-14 14:09:00.492 [scheduling-1] INFO  c.e.s.Scheduler.SignatureScheduler - Fin traitement signatures
2026-04-14 14:10:00.002 [scheduling-1] INFO  c.e.s.Scheduler.SignatureScheduler - Début traitement automatique des signatures...
2026-04-14 14:10:00.487 [scheduling-1] INFO  c.e.s.Scheduler.SignatureScheduler - Fin traitement signatures
2026-04-14 14:11:00.000 [scheduling-1] INFO  c.e.s.Scheduler.SignatureScheduler - Début traitement automatique des signatures...
2026-04-14 14:11:00.271 [scheduling-1] INFO  c.e.s.Scheduler.SignatureScheduler - Fin traitement signatures
2026-04-14 14:12:00.009 [scheduling-1] INFO  c.e.s.Scheduler.SignatureScheduler - Début traitement automatique des signatures...
2026-04-14 14:12:00.274 [scheduling-1] INFO  c.e.s.Scheduler.SignatureScheduler - Fin traitement signatures
2026-04-14 14:13:00.009 [scheduling-1] INFO  c.e.s.Scheduler.SignatureScheduler - Début traitement automatique des signatures...
2026-04-14 14:13:00.276 [scheduling-1] INFO  c.e.s.Scheduler.SignatureScheduler - Fin traitement signatures
2026-04-14 14:14:00.002 [scheduling-1] INFO  c.e.s.Scheduler.SignatureScheduler - Début traitement automatique des signatures...
2026-04-14 14:14:00.488 [scheduling-1] INFO  c.e.s.Scheduler.SignatureScheduler - Fin traitement signatures
2026-04-14 14:15:00.001 [scheduling-1] INFO  c.e.s.Scheduler.SignatureScheduler - Début traitement automatique des signatures...
2026-04-14 14:15:00.281 [scheduling-1] INFO  c.e.s.Scheduler.SignatureScheduler - Fin traitement signatures
2026-04-14 14:16:00.002 [scheduling-1] INFO  c.e.s.Scheduler.SignatureScheduler - Début traitement automatique des signatures...
2026-04-14 14:16:00.266 [scheduling-1] INFO  c.e.s.Scheduler.SignatureScheduler - Fin traitement signatures
2026-04-14 14:17:00.013 [scheduling-1] INFO  c.e.s.Scheduler.SignatureScheduler - Début traitement automatique des signatures...
2026-04-14 14:17:00.276 [scheduling-1] INFO  c.e.s.Scheduler.SignatureScheduler - Fin traitement signatures
2026-04-14 14:18:00.006 [scheduling-1] INFO  c.e.s.Scheduler.SignatureScheduler - Début traitement automatique des signatures...
2026-04-14 14:18:00.272 [scheduling-1] INFO  c.e.s.Scheduler.SignatureScheduler - Fin traitement signatures
2026-04-14 14:19:00.012 [scheduling-1] INFO  c.e.s.Scheduler.SignatureScheduler - Début traitement automatique des signatures...
2026-04-14 14:19:00.275 [scheduling-1] INFO  c.e.s.Scheduler.SignatureScheduler - Fin traitement signatures
2026-04-14 14:20:00.011 [scheduling-1] INFO  c.e.s.Scheduler.SignatureScheduler - Début traitement automatique des signatures...
2026-04-14 14:20:00.279 [scheduling-1] INFO  c.e.s.Scheduler.SignatureScheduler - Fin traitement signatures
2026-04-14 14:21:00.000 [scheduling-1] INFO  c.e.s.Scheduler.SignatureScheduler - Début traitement automatique des signatures...
2026-04-14 14:21:00.266 [scheduling-1] INFO  c.e.s.Scheduler.SignatureScheduler - Fin traitement signatures
2026-04-14 14:22:00.007 [scheduling-1] INFO  c.e.s.Scheduler.SignatureScheduler - Début traitement automatique des signatures...
2026-04-14 14:22:00.277 [scheduling-1] INFO  c.e.s.Scheduler.SignatureScheduler - Fin traitement signatures
2026-04-14 14:23:00.012 [scheduling-1] INFO  c.e.s.Scheduler.SignatureScheduler - Début traitement automatique des signatures...
2026-04-14 14:23:00.279 [scheduling-1] INFO  c.e.s.Scheduler.SignatureScheduler - Fin traitement signatures
2026-04-14 14:24:00.000 [scheduling-1] INFO  c.e.s.Scheduler.SignatureScheduler - Début traitement automatique des signatures...
2026-04-14 14:24:00.260 [scheduling-1] INFO  c.e.s.Scheduler.SignatureScheduler - Fin traitement signatures
2026-04-14 14:25:00.000 [scheduling-1] INFO  c.e.s.Scheduler.SignatureScheduler - Début traitement automatique des signatures...
2026-04-14 14:25:00.263 [scheduling-1] INFO  c.e.s.Scheduler.SignatureScheduler - Fin traitement signatures
2026-04-14 14:26:00.008 [scheduling-1] INFO  c.e.s.Scheduler.SignatureScheduler - Début traitement automatique des signatures...
2026-04-14 14:26:00.274 [scheduling-1] INFO  c.e.s.Scheduler.SignatureScheduler - Fin traitement signatures
2026-04-14 14:27:00.004 [scheduling-1] INFO  c.e.s.Scheduler.SignatureScheduler - Début traitement automatique des signatures...
2026-04-14 14:27:00.272 [scheduling-1] INFO  c.e.s.Scheduler.SignatureScheduler - Fin traitement signatures
2026-04-14 14:28:00.012 [scheduling-1] INFO  c.e.s.Scheduler.SignatureScheduler - Début traitement automatique des signatures...
2026-04-14 14:28:00.279 [scheduling-1] INFO  c.e.s.Scheduler.SignatureScheduler - Fin traitement signatures
2026-04-14 14:29:00.014 [scheduling-1] INFO  c.e.s.Scheduler.SignatureScheduler - Début traitement automatique des signatures...
2026-04-14 14:29:00.282 [scheduling-1] INFO  c.e.s.Scheduler.SignatureScheduler - Fin traitement signatures
2026-04-14 14:30:00.005 [scheduling-1] INFO  c.e.s.Scheduler.SignatureScheduler - Début traitement automatique des signatures...
2026-04-14 14:30:00.274 [scheduling-1] INFO  c.e.s.Scheduler.SignatureScheduler - Fin traitement signatures
2026-04-14 14:31:00.012 [scheduling-1] INFO  c.e.s.Scheduler.SignatureScheduler - Début traitement automatique des signatures...
2026-04-14 14:31:00.657 [scheduling-1] INFO  c.e.s.Scheduler.SignatureScheduler - Fin traitement signatures
2026-04-14 14:32:00.014 [scheduling-1] INFO  c.e.s.Scheduler.SignatureScheduler - Début traitement automatique des signatures...
2026-04-14 14:32:00.300 [scheduling-1] INFO  c.e.s.Scheduler.SignatureScheduler - Fin traitement signatures
2026-04-14 14:33:00.005 [scheduling-1] INFO  c.e.s.Scheduler.SignatureScheduler - Début traitement automatique des signatures...
2026-04-14 14:33:00.516 [scheduling-1] INFO  c.e.s.Scheduler.SignatureScheduler - Fin traitement signatures
2026-04-14 14:34:00.005 [scheduling-1] INFO  c.e.s.Scheduler.SignatureScheduler - Début traitement automatique des signatures...
2026-04-14 14:34:00.270 [scheduling-1] INFO  c.e.s.Scheduler.SignatureScheduler - Fin traitement signatures
2026-04-14 14:35:00.002 [scheduling-1] INFO  c.e.s.Scheduler.SignatureScheduler - Début traitement automatique des signatures...
2026-04-14 14:35:00.294 [scheduling-1] INFO  c.e.s.Scheduler.SignatureScheduler - Fin traitement signatures
2026-04-14 14:36:00.014 [scheduling-1] INFO  c.e.s.Scheduler.SignatureScheduler - Début traitement automatique des signatures...
2026-04-14 14:36:00.487 [scheduling-1] INFO  c.e.s.Scheduler.SignatureScheduler - Fin traitement signatures
2026-04-14 14:37:00.014 [scheduling-1] INFO  c.e.s.Scheduler.SignatureScheduler - Début traitement automatique des signatures...
2026-04-14 14:37:00.482 [scheduling-1] INFO  c.e.s.Scheduler.SignatureScheduler - Fin traitement signatures
2026-04-14 14:38:00.007 [scheduling-1] INFO  c.e.s.Scheduler.SignatureScheduler - Début traitement automatique des signatures...
2026-04-14 14:38:00.559 [scheduling-1] INFO  c.e.s.Scheduler.SignatureScheduler - Fin traitement signatures
2026-04-14 14:39:00.015 [scheduling-1] INFO  c.e.s.Scheduler.SignatureScheduler - Début traitement automatique des signatures...
2026-04-14 14:39:00.282 [scheduling-1] INFO  c.e.s.Scheduler.SignatureScheduler - Fin traitement signatures
2026-04-14 14:40:00.003 [scheduling-1] INFO  c.e.s.Scheduler.SignatureScheduler - Début traitement automatique des signatures...
2026-04-14 14:40:00.296 [scheduling-1] INFO  c.e.s.Scheduler.SignatureScheduler - Fin traitement signatures
2026-04-14 14:41:00.012 [scheduling-1] INFO  c.e.s.Scheduler.SignatureScheduler - Début traitement automatique des signatures...
2026-04-14 14:41:00.277 [scheduling-1] INFO  c.e.s.Scheduler.SignatureScheduler - Fin traitement signatures
2026-04-14 14:42:00.009 [scheduling-1] INFO  c.e.s.Scheduler.SignatureScheduler - Début traitement automatique des signatures...
2026-04-14 14:42:00.274 [scheduling-1] INFO  c.e.s.Scheduler.SignatureScheduler - Fin traitement signatures
2026-04-14 14:43:00.001 [scheduling-1] INFO  c.e.s.Scheduler.SignatureScheduler - Début traitement automatique des signatures...
2026-04-14 14:43:00.265 [scheduling-1] INFO  c.e.s.Scheduler.SignatureScheduler - Fin traitement signatures
2026-04-14 14:44:00.006 [scheduling-1] INFO  c.e.s.Scheduler.SignatureScheduler - Début traitement automatique des signatures...
2026-04-14 14:44:00.267 [scheduling-1] INFO  c.e.s.Scheduler.SignatureScheduler - Fin traitement signatures
2026-04-14 14:45:00.009 [scheduling-1] INFO  c.e.s.Scheduler.SignatureScheduler - Début traitement automatique des signatures...
2026-04-14 14:45:00.480 [scheduling-1] INFO  c.e.s.Scheduler.SignatureScheduler - Fin traitement signatures
2026-04-14 14:46:00.015 [scheduling-1] INFO  c.e.s.Scheduler.SignatureScheduler - Début traitement automatique des signatures...
2026-04-14 14:46:00.292 [scheduling-1] INFO  c.e.s.Scheduler.SignatureScheduler - Fin traitement signatures
2026-04-14 14:47:00.001 [scheduling-1] INFO  c.e.s.Scheduler.SignatureScheduler - Début traitement automatique des signatures...
2026-04-14 14:47:00.274 [scheduling-1] INFO  c.e.s.Scheduler.SignatureScheduler - Fin traitement signatures
2026-04-14 14:48:00.012 [scheduling-1] INFO  c.e.s.Scheduler.SignatureScheduler - Début traitement automatique des signatures...
2026-04-14 14:48:00.282 [scheduling-1] INFO  c.e.s.Scheduler.SignatureScheduler - Fin traitement signatures
2026-04-14 14:49:00.007 [scheduling-1] INFO  c.e.s.Scheduler.SignatureScheduler - Début traitement automatique des signatures...
2026-04-14 14:49:00.273 [scheduling-1] INFO  c.e.s.Scheduler.SignatureScheduler - Fin traitement signatures
2026-04-14 14:50:00.011 [scheduling-1] INFO  c.e.s.Scheduler.SignatureScheduler - Début traitement automatique des signatures...
2026-04-14 14:50:00.526 [scheduling-1] INFO  c.e.s.Scheduler.SignatureScheduler - Fin traitement signatures
2026-04-14 14:51:00.001 [scheduling-1] INFO  c.e.s.Scheduler.SignatureScheduler - Début traitement automatique des signatures...
2026-04-14 14:51:00.355 [scheduling-1] INFO  c.e.s.Scheduler.SignatureScheduler - Fin traitement signatures
2026-04-14 14:52:00.010 [scheduling-1] INFO  c.e.s.Scheduler.SignatureScheduler - Début traitement automatique des signatures...
2026-04-14 14:52:00.283 [scheduling-1] INFO  c.e.s.Scheduler.SignatureScheduler - Fin traitement signatures
2026-04-14 14:53:00.014 [scheduling-1] INFO  c.e.s.Scheduler.SignatureScheduler - Début traitement automatique des signatures...
2026-04-14 14:53:00.280 [scheduling-1] INFO  c.e.s.Scheduler.SignatureScheduler - Fin traitement signatures
2026-04-14 14:54:00.000 [scheduling-1] INFO  c.e.s.Scheduler.SignatureScheduler - Début traitement automatique des signatures...
2026-04-14 14:54:00.268 [scheduling-1] INFO  c.e.s.Scheduler.SignatureScheduler - Fin traitement signatures
2026-04-14 14:55:00.011 [scheduling-1] INFO  c.e.s.Scheduler.SignatureScheduler - Début traitement automatique des signatures...
2026-04-14 14:55:00.287 [scheduling-1] INFO  c.e.s.Scheduler.SignatureScheduler - Fin traitement signatures
2026-04-14 14:56:00.009 [scheduling-1] INFO  c.e.s.Scheduler.SignatureScheduler - Début traitement automatique des signatures...
2026-04-14 14:56:00.282 [scheduling-1] INFO  c.e.s.Scheduler.SignatureScheduler - Fin traitement signatures
2026-04-14 14:57:00.008 [scheduling-1] INFO  c.e.s.Scheduler.SignatureScheduler - Début traitement automatique des signatures...
2026-04-14 14:57:00.280 [scheduling-1] INFO  c.e.s.Scheduler.SignatureScheduler - Fin traitement signatures
2026-04-14 14:58:00.011 [scheduling-1] INFO  c.e.s.Scheduler.SignatureScheduler - Début traitement automatique des signatures...
2026-04-14 14:58:00.363 [scheduling-1] INFO  c.e.s.Scheduler.SignatureScheduler - Fin traitement signatures
2026-04-14 14:59:00.012 [scheduling-1] INFO  c.e.s.Scheduler.SignatureScheduler - Début traitement automatique des signatures...
2026-04-14 14:59:00.296 [scheduling-1] INFO  c.e.s.Scheduler.SignatureScheduler - Fin traitement signatures
2026-04-14 15:00:00.005 [scheduling-1] INFO  c.e.s.Scheduler.SignatureScheduler - Début traitement automatique des signatures...
2026-04-14 15:00:00.271 [scheduling-1] INFO  c.e.s.Scheduler.SignatureScheduler - Fin traitement signatures
2026-04-14 15:01:00.008 [scheduling-1] INFO  c.e.s.Scheduler.SignatureScheduler - Début traitement automatique des signatures...
2026-04-14 15:01:00.276 [scheduling-1] INFO  c.e.s.Scheduler.SignatureScheduler - Fin traitement signatures
2026-04-14 15:02:00.011 [scheduling-1] INFO  c.e.s.Scheduler.SignatureScheduler - Début traitement automatique des signatures...
2026-04-14 15:02:00.279 [scheduling-1] INFO  c.e.s.Scheduler.SignatureScheduler - Fin traitement signatures
2026-04-14 15:03:00.001 [scheduling-1] INFO  c.e.s.Scheduler.SignatureScheduler - Début traitement automatique des signatures...
2026-04-14 15:03:00.269 [scheduling-1] INFO  c.e.s.Scheduler.SignatureScheduler - Fin traitement signatures
2026-04-14 15:04:00.003 [scheduling-1] INFO  c.e.s.Scheduler.SignatureScheduler - Début traitement automatique des signatures...
2026-04-14 15:04:00.266 [scheduling-1] INFO  c.e.s.Scheduler.SignatureScheduler - Fin traitement signatures
2026-04-14 15:05:00.015 [scheduling-1] INFO  c.e.s.Scheduler.SignatureScheduler - Début traitement automatique des signatures...
2026-04-14 15:05:00.285 [scheduling-1] INFO  c.e.s.Scheduler.SignatureScheduler - Fin traitement signatures
2026-04-14 15:06:00.000 [scheduling-1] INFO  c.e.s.Scheduler.SignatureScheduler - Début traitement automatique des signatures...
2026-04-14 15:06:00.332 [scheduling-1] INFO  c.e.s.Scheduler.SignatureScheduler - Fin traitement signatures
2026-04-14 15:07:00.001 [scheduling-1] INFO  c.e.s.Scheduler.SignatureScheduler - Début traitement automatique des signatures...
2026-04-14 15:07:00.274 [scheduling-1] INFO  c.e.s.Scheduler.SignatureScheduler - Fin traitement signatures
2026-04-14 15:08:00.005 [scheduling-1] INFO  c.e.s.Scheduler.SignatureScheduler - Début traitement automatique des signatures...
2026-04-14 15:08:00.272 [scheduling-1] INFO  c.e.s.Scheduler.SignatureScheduler - Fin traitement signatures
2026-04-14 15:09:00.011 [scheduling-1] INFO  c.e.s.Scheduler.SignatureScheduler - Début traitement automatique des signatures...
2026-04-14 15:09:00.282 [scheduling-1] INFO  c.e.s.Scheduler.SignatureScheduler - Fin traitement signatures
2026-04-14 15:10:00.006 [scheduling-1] INFO  c.e.s.Scheduler.SignatureScheduler - Début traitement automatique des signatures...
2026-04-14 15:10:00.276 [scheduling-1] INFO  c.e.s.Scheduler.SignatureScheduler - Fin traitement signatures
2026-04-14 15:11:00.005 [scheduling-1] INFO  c.e.s.Scheduler.SignatureScheduler - Début traitement automatique des signatures...
2026-04-14 15:11:00.312 [scheduling-1] INFO  c.e.s.Scheduler.SignatureScheduler - Fin traitement signatures
2026-04-14 15:12:00.009 [scheduling-1] INFO  c.e.s.Scheduler.SignatureScheduler - Début traitement automatique des signatures...
2026-04-14 15:12:00.274 [scheduling-1] INFO  c.e.s.Scheduler.SignatureScheduler - Fin traitement signatures
2026-04-14 15:13:00.014 [scheduling-1] INFO  c.e.s.Scheduler.SignatureScheduler - Début traitement automatique des signatures...
2026-04-14 15:13:00.276 [scheduling-1] INFO  c.e.s.Scheduler.SignatureScheduler - Fin traitement signatures
2026-04-14 15:14:00.006 [scheduling-1] INFO  c.e.s.Scheduler.SignatureScheduler - Début traitement automatique des signatures...
2026-04-14 15:14:00.276 [scheduling-1] INFO  c.e.s.Scheduler.SignatureScheduler - Fin traitement signatures
2026-04-14 15:15:00.001 [scheduling-1] INFO  c.e.s.Scheduler.SignatureScheduler - Début traitement automatique des signatures...
2026-04-14 15:15:00.284 [scheduling-1] INFO  c.e.s.Scheduler.SignatureScheduler - Fin traitement signatures
2026-04-14 15:16:00.006 [scheduling-1] INFO  c.e.s.Scheduler.SignatureScheduler - Début traitement automatique des signatures...
2026-04-14 15:16:00.270 [scheduling-1] INFO  c.e.s.Scheduler.SignatureScheduler - Fin traitement signatures
2026-04-14 15:17:00.000 [scheduling-1] INFO  c.e.s.Scheduler.SignatureScheduler - Début traitement automatique des signatures...
2026-04-14 15:17:00.276 [scheduling-1] INFO  c.e.s.Scheduler.SignatureScheduler - Fin traitement signatures
2026-04-14 15:18:00.002 [scheduling-1] INFO  c.e.s.Scheduler.SignatureScheduler - Début traitement automatique des signatures...
2026-04-14 15:18:00.267 [scheduling-1] INFO  c.e.s.Scheduler.SignatureScheduler - Fin traitement signatures
2026-04-14 15:19:00.014 [scheduling-1] INFO  c.e.s.Scheduler.SignatureScheduler - Début traitement automatique des signatures...
2026-04-14 15:19:00.293 [scheduling-1] INFO  c.e.s.Scheduler.SignatureScheduler - Fin traitement signatures
2026-04-14 15:20:00.002 [scheduling-1] INFO  c.e.s.Scheduler.SignatureScheduler - Début traitement automatique des signatures...
2026-04-14 15:20:00.362 [scheduling-1] INFO  c.e.s.Scheduler.SignatureScheduler - Fin traitement signatures
2026-04-14 15:21:00.002 [scheduling-1] INFO  c.e.s.Scheduler.SignatureScheduler - Début traitement automatique des signatures...
2026-04-14 15:21:00.264 [scheduling-1] INFO  c.e.s.Scheduler.SignatureScheduler - Fin traitement signatures
2026-04-14 15:22:00.013 [scheduling-1] INFO  c.e.s.Scheduler.SignatureScheduler - Début traitement automatique des signatures...
2026-04-14 15:22:00.486 [scheduling-1] INFO  c.e.s.Scheduler.SignatureScheduler - Fin traitement signatures
2026-04-14 15:23:00.015 [scheduling-1] INFO  c.e.s.Scheduler.SignatureScheduler - Début traitement automatique des signatures...
2026-04-14 15:23:00.376 [scheduling-1] INFO  c.e.s.Scheduler.SignatureScheduler - Fin traitement signatures
2026-04-14 15:24:00.012 [scheduling-1] INFO  c.e.s.Scheduler.SignatureScheduler - Début traitement automatique des signatures...
2026-04-14 15:24:00.359 [scheduling-1] INFO  c.e.s.Scheduler.SignatureScheduler - Fin traitement signatures
2026-04-14 15:25:00.001 [scheduling-1] INFO  c.e.s.Scheduler.SignatureScheduler - Début traitement automatique des signatures...
2026-04-14 15:25:00.558 [scheduling-1] INFO  c.e.s.Scheduler.SignatureScheduler - Fin traitement signatures
2026-04-14 15:26:00.009 [scheduling-1] INFO  c.e.s.Scheduler.SignatureScheduler - Début traitement automatique des signatures...
2026-04-14 15:26:00.358 [scheduling-1] INFO  c.e.s.Scheduler.SignatureScheduler - Fin traitement signatures
2026-04-14 15:27:00.009 [scheduling-1] INFO  c.e.s.Scheduler.SignatureScheduler - Début traitement automatique des signatures...
2026-04-14 15:27:00.360 [scheduling-1] INFO  c.e.s.Scheduler.SignatureScheduler - Fin traitement signatures
2026-04-14 15:28:00.008 [scheduling-1] INFO  c.e.s.Scheduler.SignatureScheduler - Début traitement automatique des signatures...
2026-04-14 15:28:00.353 [scheduling-1] INFO  c.e.s.Scheduler.SignatureScheduler - Fin traitement signatures
2026-04-14 15:29:00.012 [scheduling-1] INFO  c.e.s.Scheduler.SignatureScheduler - Début traitement automatique des signatures...
2026-04-14 15:29:00.371 [scheduling-1] INFO  c.e.s.Scheduler.SignatureScheduler - Fin traitement signatures
2026-04-14 15:30:00.003 [scheduling-1] INFO  c.e.s.Scheduler.SignatureScheduler - Début traitement automatique des signatures...
2026-04-14 15:30:00.349 [scheduling-1] INFO  c.e.s.Scheduler.SignatureScheduler - Fin traitement signatures
2026-04-14 15:31:00.008 [scheduling-1] INFO  c.e.s.Scheduler.SignatureScheduler - Début traitement automatique des signatures...
2026-04-14 15:31:00.356 [scheduling-1] INFO  c.e.s.Scheduler.SignatureScheduler - Fin traitement signatures
2026-04-14 15:32:00.010 [scheduling-1] INFO  c.e.s.Scheduler.SignatureScheduler - Début traitement automatique des signatures...
2026-04-14 15:32:00.359 [scheduling-1] INFO  c.e.s.Scheduler.SignatureScheduler - Fin traitement signatures
2026-04-14 15:33:00.003 [scheduling-1] INFO  c.e.s.Scheduler.SignatureScheduler - Début traitement automatique des signatures...
2026-04-14 15:33:00.350 [scheduling-1] INFO  c.e.s.Scheduler.SignatureScheduler - Fin traitement signatures
2026-04-14 15:34:00.014 [scheduling-1] INFO  c.e.s.Scheduler.SignatureScheduler - Début traitement automatique des signatures...
2026-04-14 15:34:00.365 [scheduling-1] INFO  c.e.s.Scheduler.SignatureScheduler - Fin traitement signatures
2026-04-14 15:35:00.011 [scheduling-1] INFO  c.e.s.Scheduler.SignatureScheduler - Début traitement automatique des signatures...
2026-04-14 15:35:00.365 [scheduling-1] INFO  c.e.s.Scheduler.SignatureScheduler - Fin traitement signatures
2026-04-14 15:36:00.009 [scheduling-1] INFO  c.e.s.Scheduler.SignatureScheduler - Début traitement automatique des signatures...
2026-04-14 15:36:00.361 [scheduling-1] INFO  c.e.s.Scheduler.SignatureScheduler - Fin traitement signatures
2026-04-14 15:37:00.003 [scheduling-1] INFO  c.e.s.Scheduler.SignatureScheduler - Début traitement automatique des signatures...
2026-04-14 15:37:00.356 [scheduling-1] INFO  c.e.s.Scheduler.SignatureScheduler - Fin traitement signatures
2026-04-14 15:38:00.006 [scheduling-1] INFO  c.e.s.Scheduler.SignatureScheduler - Début traitement automatique des signatures...
2026-04-14 15:38:00.360 [scheduling-1] INFO  c.e.s.Scheduler.SignatureScheduler - Fin traitement signatures
2026-04-14 15:39:00.007 [scheduling-1] INFO  c.e.s.Scheduler.SignatureScheduler - Début traitement automatique des signatures...
2026-04-14 15:39:00.355 [scheduling-1] INFO  c.e.s.Scheduler.SignatureScheduler - Fin traitement signatures
2026-04-14 15:40:00.006 [scheduling-1] INFO  c.e.s.Scheduler.SignatureScheduler - Début traitement automatique des signatures...
2026-04-14 15:40:00.356 [scheduling-1] INFO  c.e.s.Scheduler.SignatureScheduler - Fin traitement signatures
2026-04-14 15:41:00.002 [scheduling-1] INFO  c.e.s.Scheduler.SignatureScheduler - Début traitement automatique des signatures...
2026-04-14 15:41:00.359 [scheduling-1] INFO  c.e.s.Scheduler.SignatureScheduler - Fin traitement signatures
2026-04-14 15:42:00.014 [scheduling-1] INFO  c.e.s.Scheduler.SignatureScheduler - Début traitement automatique des signatures...
2026-04-14 15:42:00.371 [scheduling-1] INFO  c.e.s.Scheduler.SignatureScheduler - Fin traitement signatures
2026-04-14 15:43:00.003 [scheduling-1] INFO  c.e.s.Scheduler.SignatureScheduler - Début traitement automatique des signatures...
2026-04-14 15:43:00.350 [scheduling-1] INFO  c.e.s.Scheduler.SignatureScheduler - Fin traitement signatures
2026-04-14 15:44:00.001 [scheduling-1] INFO  c.e.s.Scheduler.SignatureScheduler - Début traitement automatique des signatures...
2026-04-14 15:44:00.560 [scheduling-1] INFO  c.e.s.Scheduler.SignatureScheduler - Fin traitement signatures
2026-04-14 15:45:00.004 [scheduling-1] INFO  c.e.s.Scheduler.SignatureScheduler - Début traitement automatique des signatures...
2026-04-14 15:45:00.352 [scheduling-1] INFO  c.e.s.Scheduler.SignatureScheduler - Fin traitement signatures
2026-04-14 15:46:00.009 [scheduling-1] INFO  c.e.s.Scheduler.SignatureScheduler - Début traitement automatique des signatures...
2026-04-14 15:46:00.360 [scheduling-1] INFO  c.e.s.Scheduler.SignatureScheduler - Fin traitement signatures
2026-04-14 15:47:00.005 [scheduling-1] INFO  c.e.s.Scheduler.SignatureScheduler - Début traitement automatique des signatures...
2026-04-14 15:47:00.356 [scheduling-1] INFO  c.e.s.Scheduler.SignatureScheduler - Fin traitement signatures
2026-04-14 15:48:00.013 [scheduling-1] INFO  c.e.s.Scheduler.SignatureScheduler - Début traitement automatique des signatures...
2026-04-14 15:48:00.368 [scheduling-1] INFO  c.e.s.Scheduler.SignatureScheduler - Fin traitement signatures
2026-04-14 15:49:00.009 [scheduling-1] INFO  c.e.s.Scheduler.SignatureScheduler - Début traitement automatique des signatures...
2026-04-14 15:49:00.395 [scheduling-1] INFO  c.e.s.Scheduler.SignatureScheduler - Fin traitement signatures
2026-04-14 15:50:00.002 [scheduling-1] INFO  c.e.s.Scheduler.SignatureScheduler - Début traitement automatique des signatures...
2026-04-14 15:50:00.266 [scheduling-1] INFO  c.e.s.Scheduler.SignatureScheduler - Fin traitement signatures
2026-04-14 15:51:00.009 [scheduling-1] INFO  c.e.s.Scheduler.SignatureScheduler - Début traitement automatique des signatures...
2026-04-14 15:51:00.348 [scheduling-1] INFO  c.e.s.Scheduler.SignatureScheduler - Fin traitement signatures
2026-04-14 15:52:00.010 [scheduling-1] INFO  c.e.s.Scheduler.SignatureScheduler - Début traitement automatique des signatures...
2026-04-14 15:52:00.275 [scheduling-1] INFO  c.e.s.Scheduler.SignatureScheduler - Fin traitement signatures
2026-04-14 15:53:00.002 [scheduling-1] INFO  c.e.s.Scheduler.SignatureScheduler - Début traitement automatique des signatures...
2026-04-14 15:53:00.496 [scheduling-1] INFO  c.e.s.Scheduler.SignatureScheduler - Fin traitement signatures
2026-04-14 15:54:00.013 [scheduling-1] INFO  c.e.s.Scheduler.SignatureScheduler - Début traitement automatique des signatures...
2026-04-14 15:54:00.279 [scheduling-1] INFO  c.e.s.Scheduler.SignatureScheduler - Fin traitement signatures
2026-04-14 15:55:00.008 [scheduling-1] INFO  c.e.s.Scheduler.SignatureScheduler - Début traitement automatique des signatures...
2026-04-14 15:55:00.282 [scheduling-1] INFO  c.e.s.Scheduler.SignatureScheduler - Fin traitement signatures
2026-04-14 15:56:00.009 [scheduling-1] INFO  c.e.s.Scheduler.SignatureScheduler - Début traitement automatique des signatures...
2026-04-14 15:56:00.472 [scheduling-1] INFO  c.e.s.Scheduler.SignatureScheduler - Fin traitement signatures
2026-04-14 15:57:00.005 [scheduling-1] INFO  c.e.s.Scheduler.SignatureScheduler - Début traitement automatique des signatures...
2026-04-14 15:57:00.331 [scheduling-1] INFO  c.e.s.Scheduler.SignatureScheduler - Fin traitement signatures
2026-04-14 15:58:00.008 [scheduling-1] INFO  c.e.s.Scheduler.SignatureScheduler - Début traitement automatique des signatures...
2026-04-14 15:58:00.284 [scheduling-1] INFO  c.e.s.Scheduler.SignatureScheduler - Fin traitement signatures
2026-04-14 15:59:00.001 [scheduling-1] INFO  c.e.s.Scheduler.SignatureScheduler - Début traitement automatique des signatures...
2026-04-14 15:59:00.357 [scheduling-1] INFO  c.e.s.Scheduler.SignatureScheduler - Fin traitement signatures
2026-04-14 16:00:00.002 [scheduling-1] INFO  c.e.s.Scheduler.SignatureScheduler - Début traitement automatique des signatures...
2026-04-14 16:00:00.496 [scheduling-1] INFO  c.e.s.Scheduler.SignatureScheduler - Fin traitement signatures
2026-04-14 16:01:00.003 [scheduling-1] INFO  c.e.s.Scheduler.SignatureScheduler - Début traitement automatique des signatures...
2026-04-14 16:01:00.501 [scheduling-1] INFO  c.e.s.Scheduler.SignatureScheduler - Fin traitement signatures
2026-04-14 16:02:00.002 [scheduling-1] INFO  c.e.s.Scheduler.SignatureScheduler - Début traitement automatique des signatures...
2026-04-14 16:02:00.269 [scheduling-1] INFO  c.e.s.Scheduler.SignatureScheduler - Fin traitement signatures
2026-04-14 16:03:00.003 [scheduling-1] INFO  c.e.s.Scheduler.SignatureScheduler - Début traitement automatique des signatures...
2026-04-14 16:03:00.295 [scheduling-1] INFO  c.e.s.Scheduler.SignatureScheduler - Fin traitement signatures
2026-04-14 16:04:00.010 [scheduling-1] INFO  c.e.s.Scheduler.SignatureScheduler - Début traitement automatique des signatures...
2026-04-14 16:04:00.280 [scheduling-1] INFO  c.e.s.Scheduler.SignatureScheduler - Fin traitement signatures
2026-04-14 16:05:00.013 [scheduling-1] INFO  c.e.s.Scheduler.SignatureScheduler - Début traitement automatique des signatures...
2026-04-14 16:05:00.284 [scheduling-1] INFO  c.e.s.Scheduler.SignatureScheduler - Fin traitement signatures
2026-04-14 16:06:00.009 [scheduling-1] INFO  c.e.s.Scheduler.SignatureScheduler - Début traitement automatique des signatures...
2026-04-14 16:06:00.286 [scheduling-1] INFO  c.e.s.Scheduler.SignatureScheduler - Fin traitement signatures
2026-04-14 16:07:00.000 [scheduling-1] INFO  c.e.s.Scheduler.SignatureScheduler - Début traitement automatique des signatures...
2026-04-14 16:07:00.304 [scheduling-1] INFO  c.e.s.Scheduler.SignatureScheduler - Fin traitement signatures
2026-04-14 16:08:00.002 [scheduling-1] INFO  c.e.s.Scheduler.SignatureScheduler - Début traitement automatique des signatures...
2026-04-14 16:08:00.277 [scheduling-1] INFO  c.e.s.Scheduler.SignatureScheduler - Fin traitement signatures
2026-04-14 16:09:00.002 [scheduling-1] INFO  c.e.s.Scheduler.SignatureScheduler - Début traitement automatique des signatures...
2026-04-14 16:09:00.269 [scheduling-1] INFO  c.e.s.Scheduler.SignatureScheduler - Fin traitement signatures
2026-04-14 16:10:00.004 [scheduling-1] INFO  c.e.s.Scheduler.SignatureScheduler - Début traitement automatique des signatures...
2026-04-14 16:10:00.299 [scheduling-1] INFO  c.e.s.Scheduler.SignatureScheduler - Fin traitement signatures
2026-04-14 16:11:00.001 [scheduling-1] INFO  c.e.s.Scheduler.SignatureScheduler - Début traitement automatique des signatures...
2026-04-14 16:11:00.272 [scheduling-1] INFO  c.e.s.Scheduler.SignatureScheduler - Fin traitement signatures
2026-04-14 16:12:00.015 [scheduling-1] INFO  c.e.s.Scheduler.SignatureScheduler - Début traitement automatique des signatures...
2026-04-14 16:12:00.292 [scheduling-1] INFO  c.e.s.Scheduler.SignatureScheduler - Fin traitement signatures
2026-04-14 16:13:00.011 [scheduling-1] INFO  c.e.s.Scheduler.SignatureScheduler - Début traitement automatique des signatures...
2026-04-14 16:13:00.277 [scheduling-1] INFO  c.e.s.Scheduler.SignatureScheduler - Fin traitement signatures
2026-04-14 16:14:00.006 [scheduling-1] INFO  c.e.s.Scheduler.SignatureScheduler - Début traitement automatique des signatures...
2026-04-14 16:14:00.276 [scheduling-1] INFO  c.e.s.Scheduler.SignatureScheduler - Fin traitement signatures
2026-04-14 16:15:00.002 [scheduling-1] INFO  c.e.s.Scheduler.SignatureScheduler - Début traitement automatique des signatures...
2026-04-14 16:15:00.267 [scheduling-1] INFO  c.e.s.Scheduler.SignatureScheduler - Fin traitement signatures
2026-04-14 16:16:00.009 [scheduling-1] INFO  c.e.s.Scheduler.SignatureScheduler - Début traitement automatique des signatures...
2026-04-14 16:16:00.296 [scheduling-1] INFO  c.e.s.Scheduler.SignatureScheduler - Fin traitement signatures
2026-04-14 16:17:00.002 [scheduling-1] INFO  c.e.s.Scheduler.SignatureScheduler - Début traitement automatique des signatures...
2026-04-14 16:17:00.266 [scheduling-1] INFO  c.e.s.Scheduler.SignatureScheduler - Fin traitement signatures
2026-04-14 16:18:00.006 [scheduling-1] INFO  c.e.s.Scheduler.SignatureScheduler - Début traitement automatique des signatures...
2026-04-14 16:18:00.292 [scheduling-1] INFO  c.e.s.Scheduler.SignatureScheduler - Fin traitement signatures
2026-04-14 16:19:00.003 [scheduling-1] INFO  c.e.s.Scheduler.SignatureScheduler - Début traitement automatique des signatures...
2026-04-14 16:19:00.274 [scheduling-1] INFO  c.e.s.Scheduler.SignatureScheduler - Fin traitement signatures
2026-04-14 16:20:00.005 [scheduling-1] INFO  c.e.s.Scheduler.SignatureScheduler - Début traitement automatique des signatures...
2026-04-14 16:20:00.280 [scheduling-1] INFO  c.e.s.Scheduler.SignatureScheduler - Fin traitement signatures
2026-04-14 16:21:00.008 [scheduling-1] INFO  c.e.s.Scheduler.SignatureScheduler - Début traitement automatique des signatures...
2026-04-14 16:21:00.281 [scheduling-1] INFO  c.e.s.Scheduler.SignatureScheduler - Fin traitement signatures
2026-04-14 16:22:00.009 [scheduling-1] INFO  c.e.s.Scheduler.SignatureScheduler - Début traitement automatique des signatures...
2026-04-14 16:22:00.280 [scheduling-1] INFO  c.e.s.Scheduler.SignatureScheduler - Fin traitement signatures
2026-04-14 16:23:00.010 [scheduling-1] INFO  c.e.s.Scheduler.SignatureScheduler - Début traitement automatique des signatures...
2026-04-14 16:23:00.436 [scheduling-1] INFO  c.e.s.Scheduler.SignatureScheduler - Fin traitement signatures
2026-04-14 16:24:00.003 [scheduling-1] INFO  c.e.s.Scheduler.SignatureScheduler - Début traitement automatique des signatures...
2026-04-14 16:24:00.377 [scheduling-1] INFO  c.e.s.Scheduler.SignatureScheduler - Fin traitement signatures
2026-04-14 16:25:00.000 [scheduling-1] INFO  c.e.s.Scheduler.SignatureScheduler - Début traitement automatique des signatures...
2026-04-14 16:25:00.350 [scheduling-1] INFO  c.e.s.Scheduler.SignatureScheduler - Fin traitement signatures
2026-04-14 16:26:00.010 [scheduling-1] INFO  c.e.s.Scheduler.SignatureScheduler - Début traitement automatique des signatures...
2026-04-14 16:26:00.361 [scheduling-1] INFO  c.e.s.Scheduler.SignatureScheduler - Fin traitement signatures
2026-04-14 16:27:00.012 [scheduling-1] INFO  c.e.s.Scheduler.SignatureScheduler - Début traitement automatique des signatures...
2026-04-14 16:27:00.361 [scheduling-1] INFO  c.e.s.Scheduler.SignatureScheduler - Fin traitement signatures
2026-04-14 16:28:00.015 [scheduling-1] INFO  c.e.s.Scheduler.SignatureScheduler - Début traitement automatique des signatures...
2026-04-14 16:28:00.361 [scheduling-1] INFO  c.e.s.Scheduler.SignatureScheduler - Fin traitement signatures
2026-04-14 16:29:00.010 [scheduling-1] INFO  c.e.s.Scheduler.SignatureScheduler - Début traitement automatique des signatures...
2026-04-14 16:29:00.401 [scheduling-1] INFO  c.e.s.Scheduler.SignatureScheduler - Fin traitement signatures
2026-04-14 16:30:00.003 [scheduling-1] INFO  c.e.s.Scheduler.SignatureScheduler - Début traitement automatique des signatures...
2026-04-14 16:30:00.614 [scheduling-1] INFO  c.e.s.Scheduler.SignatureScheduler - Fin traitement signatures
2026-04-14 16:31:00.002 [scheduling-1] INFO  c.e.s.Scheduler.SignatureScheduler - Début traitement automatique des signatures...
2026-04-14 16:31:00.345 [scheduling-1] INFO  c.e.s.Scheduler.SignatureScheduler - Fin traitement signatures
2026-04-14 16:32:00.008 [scheduling-1] INFO  c.e.s.Scheduler.SignatureScheduler - Début traitement automatique des signatures...
2026-04-14 16:32:00.360 [scheduling-1] INFO  c.e.s.Scheduler.SignatureScheduler - Fin traitement signatures
2026-04-14 16:33:00.001 [scheduling-1] INFO  c.e.s.Scheduler.SignatureScheduler - Début traitement automatique des signatures...
2026-04-14 16:33:00.578 [scheduling-1] INFO  c.e.s.Scheduler.SignatureScheduler - Fin traitement signatures
2026-04-14 16:34:00.004 [scheduling-1] INFO  c.e.s.Scheduler.SignatureScheduler - Début traitement automatique des signatures...
2026-04-14 16:34:00.358 [scheduling-1] INFO  c.e.s.Scheduler.SignatureScheduler - Fin traitement signatures
2026-04-14 16:35:00.014 [scheduling-1] INFO  c.e.s.Scheduler.SignatureScheduler - Début traitement automatique des signatures...
2026-04-14 16:35:00.444 [scheduling-1] INFO  c.e.s.Scheduler.SignatureScheduler - Fin traitement signatures
2026-04-14 16:36:00.006 [scheduling-1] INFO  c.e.s.Scheduler.SignatureScheduler - Début traitement automatique des signatures...
2026-04-14 16:36:00.361 [scheduling-1] INFO  c.e.s.Scheduler.SignatureScheduler - Fin traitement signatures
2026-04-14 16:37:00.014 [scheduling-1] INFO  c.e.s.Scheduler.SignatureScheduler - Début traitement automatique des signatures...
2026-04-14 16:37:00.357 [scheduling-1] INFO  c.e.s.Scheduler.SignatureScheduler - Fin traitement signatures
2026-04-14 16:38:00.014 [scheduling-1] INFO  c.e.s.Scheduler.SignatureScheduler - Début traitement automatique des signatures...
2026-04-14 16:38:00.357 [scheduling-1] INFO  c.e.s.Scheduler.SignatureScheduler - Fin traitement signatures
2026-04-14 16:39:00.002 [scheduling-1] INFO  c.e.s.Scheduler.SignatureScheduler - Début traitement automatique des signatures...
2026-04-14 16:39:00.351 [scheduling-1] INFO  c.e.s.Scheduler.SignatureScheduler - Fin traitement signatures
2026-04-14 16:40:00.009 [scheduling-1] INFO  c.e.s.Scheduler.SignatureScheduler - Début traitement automatique des signatures...
2026-04-14 16:40:00.352 [scheduling-1] INFO  c.e.s.Scheduler.SignatureScheduler - Fin traitement signatures
2026-04-14 16:41:00.007 [scheduling-1] INFO  c.e.s.Scheduler.SignatureScheduler - Début traitement automatique des signatures...
2026-04-14 16:41:00.351 [scheduling-1] INFO  c.e.s.Scheduler.SignatureScheduler - Fin traitement signatures
2026-04-14 16:42:00.004 [scheduling-1] INFO  c.e.s.Scheduler.SignatureScheduler - Début traitement automatique des signatures...
2026-04-14 16:42:00.346 [scheduling-1] INFO  c.e.s.Scheduler.SignatureScheduler - Fin traitement signatures
2026-04-14 16:43:00.003 [scheduling-1] INFO  c.e.s.Scheduler.SignatureScheduler - Début traitement automatique des signatures...
2026-04-14 16:43:00.349 [scheduling-1] INFO  c.e.s.Scheduler.SignatureScheduler - Fin traitement signatures
2026-04-14 16:44:00.014 [scheduling-1] INFO  c.e.s.Scheduler.SignatureScheduler - Début traitement automatique des signatures...
2026-04-14 16:44:00.358 [scheduling-1] INFO  c.e.s.Scheduler.SignatureScheduler - Fin traitement signatures
2026-04-14 16:45:00.012 [scheduling-1] INFO  c.e.s.Scheduler.SignatureScheduler - Début traitement automatique des signatures...
2026-04-14 16:45:00.354 [scheduling-1] INFO  c.e.s.Scheduler.SignatureScheduler - Fin traitement signatures
2026-04-14 16:46:00.015 [scheduling-1] INFO  c.e.s.Scheduler.SignatureScheduler - Début traitement automatique des signatures...
2026-04-14 16:46:00.360 [scheduling-1] INFO  c.e.s.Scheduler.SignatureScheduler - Fin traitement signatures
2026-04-14 16:47:00.004 [scheduling-1] INFO  c.e.s.Scheduler.SignatureScheduler - Début traitement automatique des signatures...
2026-04-14 16:47:00.551 [scheduling-1] INFO  c.e.s.Scheduler.SignatureScheduler - Fin traitement signatures
2026-04-14 16:48:00.003 [scheduling-1] INFO  c.e.s.Scheduler.SignatureScheduler - Début traitement automatique des signatures...
2026-04-14 16:48:00.347 [scheduling-1] INFO  c.e.s.Scheduler.SignatureScheduler - Fin traitement signatures
2026-04-14 16:49:00.007 [scheduling-1] INFO  c.e.s.Scheduler.SignatureScheduler - Début traitement automatique des signatures...
2026-04-14 16:49:00.353 [scheduling-1] INFO  c.e.s.Scheduler.SignatureScheduler - Fin traitement signatures
2026-04-14 16:50:00.015 [scheduling-1] INFO  c.e.s.Scheduler.SignatureScheduler - Début traitement automatique des signatures...
2026-04-14 16:50:00.474 [scheduling-1] INFO  c.e.s.Scheduler.SignatureScheduler - Fin traitement signatures
2026-04-14 16:51:00.001 [scheduling-1] INFO  c.e.s.Scheduler.SignatureScheduler - Début traitement automatique des signatures...
2026-04-14 16:51:00.334 [scheduling-1] INFO  c.e.s.Scheduler.SignatureScheduler - Fin traitement signatures
2026-04-14 16:52:00.015 [scheduling-1] INFO  c.e.s.Scheduler.SignatureScheduler - Début traitement automatique des signatures...
2026-04-14 16:52:00.276 [scheduling-1] INFO  c.e.s.Scheduler.SignatureScheduler - Fin traitement signatures
2026-04-14 16:53:00.002 [scheduling-1] INFO  c.e.s.Scheduler.SignatureScheduler - Début traitement automatique des signatures...
2026-04-14 16:53:00.263 [scheduling-1] INFO  c.e.s.Scheduler.SignatureScheduler - Fin traitement signatures
2026-04-14 16:54:00.015 [scheduling-1] INFO  c.e.s.Scheduler.SignatureScheduler - Début traitement automatique des signatures...
2026-04-14 16:54:00.277 [scheduling-1] INFO  c.e.s.Scheduler.SignatureScheduler - Fin traitement signatures
2026-04-14 16:55:00.011 [scheduling-1] INFO  c.e.s.Scheduler.SignatureScheduler - Début traitement automatique des signatures...
2026-04-14 16:55:00.306 [scheduling-1] INFO  c.e.s.Scheduler.SignatureScheduler - Fin traitement signatures
2026-04-14 16:56:00.006 [scheduling-1] INFO  c.e.s.Scheduler.SignatureScheduler - Début traitement automatique des signatures...
2026-04-14 16:56:00.268 [scheduling-1] INFO  c.e.s.Scheduler.SignatureScheduler - Fin traitement signatures
2026-04-14 16:57:00.011 [scheduling-1] INFO  c.e.s.Scheduler.SignatureScheduler - Début traitement automatique des signatures...
2026-04-14 16:57:00.270 [scheduling-1] INFO  c.e.s.Scheduler.SignatureScheduler - Fin traitement signatures
2026-04-14 16:58:00.015 [scheduling-1] INFO  c.e.s.Scheduler.SignatureScheduler - Début traitement automatique des signatures...
2026-04-14 16:58:00.277 [scheduling-1] INFO  c.e.s.Scheduler.SignatureScheduler - Fin traitement signatures
2026-04-14 16:59:00.014 [scheduling-1] INFO  c.e.s.Scheduler.SignatureScheduler - Début traitement automatique des signatures...
2026-04-14 16:59:00.275 [scheduling-1] INFO  c.e.s.Scheduler.SignatureScheduler - Fin traitement signatures
2026-04-14 17:00:00.006 [scheduling-1] INFO  c.e.s.Scheduler.SignatureScheduler - Début traitement automatique des signatures...
2026-04-14 17:00:00.271 [scheduling-1] INFO  c.e.s.Scheduler.SignatureScheduler - Fin traitement signatures
2026-04-14 17:01:00.005 [scheduling-1] INFO  c.e.s.Scheduler.SignatureScheduler - Début traitement automatique des signatures...
2026-04-14 17:01:00.265 [scheduling-1] INFO  c.e.s.Scheduler.SignatureScheduler - Fin traitement signatures
2026-04-14 17:02:00.004 [scheduling-1] INFO  c.e.s.Scheduler.SignatureScheduler - Début traitement automatique des signatures...
2026-04-14 17:02:00.271 [scheduling-1] INFO  c.e.s.Scheduler.SignatureScheduler - Fin traitement signatures
2026-04-14 17:03:00.005 [scheduling-1] INFO  c.e.s.Scheduler.SignatureScheduler - Début traitement automatique des signatures...
2026-04-14 17:03:00.486 [scheduling-1] INFO  c.e.s.Scheduler.SignatureScheduler - Fin traitement signatures
2026-04-14 17:04:00.009 [scheduling-1] INFO  c.e.s.Scheduler.SignatureScheduler - Début traitement automatique des signatures...
2026-04-14 17:04:00.273 [scheduling-1] INFO  c.e.s.Scheduler.SignatureScheduler - Fin traitement signatures
2026-04-14 17:05:00.006 [scheduling-1] INFO  c.e.s.Scheduler.SignatureScheduler - Début traitement automatique des signatures...
2026-04-14 17:05:00.520 [scheduling-1] INFO  c.e.s.Scheduler.SignatureScheduler - Fin traitement signatures
2026-04-14 17:06:00.014 [scheduling-1] INFO  c.e.s.Scheduler.SignatureScheduler - Début traitement automatique des signatures...
2026-04-14 17:06:00.273 [scheduling-1] INFO  c.e.s.Scheduler.SignatureScheduler - Fin traitement signatures
2026-04-14 17:07:00.004 [scheduling-1] INFO  c.e.s.Scheduler.SignatureScheduler - Début traitement automatique des signatures...
2026-04-14 17:07:00.269 [scheduling-1] INFO  c.e.s.Scheduler.SignatureScheduler - Fin traitement signatures
2026-04-14 17:08:00.004 [scheduling-1] INFO  c.e.s.Scheduler.SignatureScheduler - Début traitement automatique des signatures...
2026-04-14 17:08:00.264 [scheduling-1] INFO  c.e.s.Scheduler.SignatureScheduler - Fin traitement signatures
2026-04-14 17:09:00.003 [scheduling-1] INFO  c.e.s.Scheduler.SignatureScheduler - Début traitement automatique des signatures...
2026-04-14 17:09:00.280 [scheduling-1] INFO  c.e.s.Scheduler.SignatureScheduler - Fin traitement signatures
2026-04-14 17:10:00.012 [scheduling-1] INFO  c.e.s.Scheduler.SignatureScheduler - Début traitement automatique des signatures...
2026-04-14 17:10:00.375 [scheduling-1] INFO  c.e.s.Scheduler.SignatureScheduler - Fin traitement signatures
2026-04-14 17:11:00.000 [scheduling-1] INFO  c.e.s.Scheduler.SignatureScheduler - Début traitement automatique des signatures...
2026-04-14 17:11:00.307 [scheduling-1] INFO  c.e.s.Scheduler.SignatureScheduler - Fin traitement signatures
2026-04-14 17:12:00.004 [scheduling-1] INFO  c.e.s.Scheduler.SignatureScheduler - Début traitement automatique des signatures...
2026-04-14 17:12:00.307 [scheduling-1] INFO  c.e.s.Scheduler.SignatureScheduler - Fin traitement signatures
2026-04-14 17:13:00.000 [scheduling-1] INFO  c.e.s.Scheduler.SignatureScheduler - Début traitement automatique des signatures...
2026-04-14 17:13:00.271 [scheduling-1] INFO  c.e.s.Scheduler.SignatureScheduler - Fin traitement signatures
2026-04-14 17:14:00.013 [scheduling-1] INFO  c.e.s.Scheduler.SignatureScheduler - Début traitement automatique des signatures...
2026-04-14 17:14:00.274 [scheduling-1] INFO  c.e.s.Scheduler.SignatureScheduler - Fin traitement signatures
2026-04-14 17:15:00.014 [scheduling-1] INFO  c.e.s.Scheduler.SignatureScheduler - Début traitement automatique des signatures...
2026-04-14 17:15:00.298 [scheduling-1] INFO  c.e.s.Scheduler.SignatureScheduler - Fin traitement signatures
2026-04-14 17:16:00.009 [scheduling-1] INFO  c.e.s.Scheduler.SignatureScheduler - Début traitement automatique des signatures...
2026-04-14 17:16:00.272 [scheduling-1] INFO  c.e.s.Scheduler.SignatureScheduler - Fin traitement signatures
2026-04-14 17:17:00.000 [scheduling-1] INFO  c.e.s.Scheduler.SignatureScheduler - Début traitement automatique des signatures...
2026-04-14 17:17:00.331 [scheduling-1] INFO  c.e.s.Scheduler.SignatureScheduler - Fin traitement signatures
2026-04-14 17:18:00.010 [scheduling-1] INFO  c.e.s.Scheduler.SignatureScheduler - Début traitement automatique des signatures...
2026-04-14 17:18:00.330 [scheduling-1] INFO  c.e.s.Scheduler.SignatureScheduler - Fin traitement signatures
2026-04-14 17:19:00.008 [scheduling-1] INFO  c.e.s.Scheduler.SignatureScheduler - Début traitement automatique des signatures...
2026-04-14 17:19:00.272 [scheduling-1] INFO  c.e.s.Scheduler.SignatureScheduler - Fin traitement signatures
2026-04-14 17:20:00.005 [scheduling-1] INFO  c.e.s.Scheduler.SignatureScheduler - Début traitement automatique des signatures...
2026-04-14 17:20:00.269 [scheduling-1] INFO  c.e.s.Scheduler.SignatureScheduler - Fin traitement signatures
2026-04-14 17:21:00.011 [scheduling-1] INFO  c.e.s.Scheduler.SignatureScheduler - Début traitement automatique des signatures...
2026-04-14 17:21:00.356 [scheduling-1] INFO  c.e.s.Scheduler.SignatureScheduler - Fin traitement signatures
2026-04-14 17:22:00.003 [scheduling-1] INFO  c.e.s.Scheduler.SignatureScheduler - Début traitement automatique des signatures...
2026-04-14 17:22:00.355 [scheduling-1] INFO  c.e.s.Scheduler.SignatureScheduler - Fin traitement signatures
2026-04-14 17:23:00.013 [scheduling-1] INFO  c.e.s.Scheduler.SignatureScheduler - Début traitement automatique des signatures...
2026-04-14 17:23:00.362 [scheduling-1] INFO  c.e.s.Scheduler.SignatureScheduler - Fin traitement signatures
2026-04-14 17:24:00.003 [scheduling-1] INFO  c.e.s.Scheduler.SignatureScheduler - Début traitement automatique des signatures...
2026-04-14 17:24:00.376 [scheduling-1] INFO  c.e.s.Scheduler.SignatureScheduler - Fin traitement signatures
2026-04-14 17:25:00.004 [scheduling-1] INFO  c.e.s.Scheduler.SignatureScheduler - Début traitement automatique des signatures...
2026-04-14 17:25:00.380 [scheduling-1] INFO  c.e.s.Scheduler.SignatureScheduler - Fin traitement signatures
2026-04-14 17:26:00.014 [scheduling-1] INFO  c.e.s.Scheduler.SignatureScheduler - Début traitement automatique des signatures...
2026-04-14 17:26:00.376 [scheduling-1] INFO  c.e.s.Scheduler.SignatureScheduler - Fin traitement signatures
2026-04-14 17:27:00.004 [scheduling-1] INFO  c.e.s.Scheduler.SignatureScheduler - Début traitement automatique des signatures...
2026-04-14 17:27:00.376 [scheduling-1] INFO  c.e.s.Scheduler.SignatureScheduler - Fin traitement signatures
2026-04-14 17:28:00.005 [scheduling-1] INFO  c.e.s.Scheduler.SignatureScheduler - Début traitement automatique des signatures...
2026-04-14 17:28:00.350 [scheduling-1] INFO  c.e.s.Scheduler.SignatureScheduler - Fin traitement signatures
2026-04-14 17:29:00.005 [scheduling-1] INFO  c.e.s.Scheduler.SignatureScheduler - Début traitement automatique des signatures...
2026-04-14 17:29:00.400 [scheduling-1] INFO  c.e.s.Scheduler.SignatureScheduler - Fin traitement signatures
2026-04-14 17:30:00.005 [scheduling-1] INFO  c.e.s.Scheduler.SignatureScheduler - Début traitement automatique des signatures...
2026-04-14 17:30:00.551 [scheduling-1] INFO  c.e.s.Scheduler.SignatureScheduler - Fin traitement signatures
2026-04-14 17:31:00.014 [scheduling-1] INFO  c.e.s.Scheduler.SignatureScheduler - Début traitement automatique des signatures...
2026-04-14 17:31:00.363 [scheduling-1] INFO  c.e.s.Scheduler.SignatureScheduler - Fin traitement signatures
2026-04-14 17:32:00.009 [scheduling-1] INFO  c.e.s.Scheduler.SignatureScheduler - Début traitement automatique des signatures...
2026-04-14 17:32:00.363 [scheduling-1] INFO  c.e.s.Scheduler.SignatureScheduler - Fin traitement signatures
2026-04-14 17:33:00.011 [scheduling-1] INFO  c.e.s.Scheduler.SignatureScheduler - Début traitement automatique des signatures...
2026-04-14 17:33:00.386 [scheduling-1] INFO  c.e.s.Scheduler.SignatureScheduler - Fin traitement signatures
2026-04-14 17:34:00.011 [scheduling-1] INFO  c.e.s.Scheduler.SignatureScheduler - Début traitement automatique des signatures...
2026-04-14 17:34:00.384 [scheduling-1] INFO  c.e.s.Scheduler.SignatureScheduler - Fin traitement signatures
2026-04-14 17:35:00.006 [scheduling-1] INFO  c.e.s.Scheduler.SignatureScheduler - Début traitement automatique des signatures...
2026-04-14 17:35:00.397 [scheduling-1] INFO  c.e.s.Scheduler.SignatureScheduler - Fin traitement signatures
2026-04-14 17:36:00.002 [scheduling-1] INFO  c.e.s.Scheduler.SignatureScheduler - Début traitement automatique des signatures...
2026-04-14 17:36:00.371 [scheduling-1] INFO  c.e.s.Scheduler.SignatureScheduler - Fin traitement signatures
2026-04-14 17:37:00.013 [scheduling-1] INFO  c.e.s.Scheduler.SignatureScheduler - Début traitement automatique des signatures...
2026-04-14 17:37:00.606 [scheduling-1] INFO  c.e.s.Scheduler.SignatureScheduler - Fin traitement signatures
2026-04-14 17:38:00.010 [scheduling-1] INFO  c.e.s.Scheduler.SignatureScheduler - Début traitement automatique des signatures...
2026-04-14 17:38:00.405 [scheduling-1] INFO  c.e.s.Scheduler.SignatureScheduler - Fin traitement signatures
2026-04-14 17:39:00.011 [scheduling-1] INFO  c.e.s.Scheduler.SignatureScheduler - Début traitement automatique des signatures...
2026-04-14 17:39:00.359 [scheduling-1] INFO  c.e.s.Scheduler.SignatureScheduler - Fin traitement signatures
2026-04-14 17:40:00.006 [scheduling-1] INFO  c.e.s.Scheduler.SignatureScheduler - Début traitement automatique des signatures...
2026-04-14 17:40:00.360 [scheduling-1] INFO  c.e.s.Scheduler.SignatureScheduler - Fin traitement signatures
2026-04-14 17:41:00.005 [scheduling-1] INFO  c.e.s.Scheduler.SignatureScheduler - Début traitement automatique des signatures...
2026-04-14 17:41:00.443 [scheduling-1] INFO  c.e.s.Scheduler.SignatureScheduler - Fin traitement signatures
2026-04-14 17:42:00.002 [scheduling-1] INFO  c.e.s.Scheduler.SignatureScheduler - Début traitement automatique des signatures...
2026-04-14 17:42:00.411 [scheduling-1] INFO  c.e.s.Scheduler.SignatureScheduler - Fin traitement signatures
2026-04-14 17:43:00.000 [scheduling-1] INFO  c.e.s.Scheduler.SignatureScheduler - Début traitement automatique des signatures...
2026-04-14 17:43:00.365 [scheduling-1] INFO  c.e.s.Scheduler.SignatureScheduler - Fin traitement signatures
2026-04-14 17:44:00.015 [scheduling-1] INFO  c.e.s.Scheduler.SignatureScheduler - Début traitement automatique des signatures...
2026-04-14 17:44:00.363 [scheduling-1] INFO  c.e.s.Scheduler.SignatureScheduler - Fin traitement signatures
2026-04-14 17:45:00.003 [scheduling-1] INFO  c.e.s.Scheduler.SignatureScheduler - Début traitement automatique des signatures...
2026-04-14 17:45:00.366 [scheduling-1] INFO  c.e.s.Scheduler.SignatureScheduler - Fin traitement signatures
2026-04-14 17:46:00.007 [scheduling-1] INFO  c.e.s.Scheduler.SignatureScheduler - Début traitement automatique des signatures...
2026-04-14 17:46:00.442 [scheduling-1] INFO  c.e.s.Scheduler.SignatureScheduler - Fin traitement signatures
2026-04-14 17:47:00.014 [scheduling-1] INFO  c.e.s.Scheduler.SignatureScheduler - Début traitement automatique des signatures...
2026-04-14 17:47:00.360 [scheduling-1] INFO  c.e.s.Scheduler.SignatureScheduler - Fin traitement signatures
2026-04-14 17:48:00.010 [scheduling-1] INFO  c.e.s.Scheduler.SignatureScheduler - Début traitement automatique des signatures...
2026-04-14 17:48:00.272 [scheduling-1] INFO  c.e.s.Scheduler.SignatureScheduler - Fin traitement signatures
2026-04-14 17:49:00.013 [scheduling-1] INFO  c.e.s.Scheduler.SignatureScheduler - Début traitement automatique des signatures...
2026-04-14 17:49:00.313 [scheduling-1] INFO  c.e.s.Scheduler.SignatureScheduler - Fin traitement signatures
2026-04-14 17:50:00.006 [scheduling-1] INFO  c.e.s.Scheduler.SignatureScheduler - Début traitement automatique des signatures...
2026-04-14 17:50:00.282 [scheduling-1] INFO  c.e.s.Scheduler.SignatureScheduler - Fin traitement signatures
2026-04-14 17:51:00.007 [scheduling-1] INFO  c.e.s.Scheduler.SignatureScheduler - Début traitement automatique des signatures...
2026-04-14 17:51:00.315 [scheduling-1] INFO  c.e.s.Scheduler.SignatureScheduler - Fin traitement signatures
2026-04-14 17:52:00.012 [scheduling-1] INFO  c.e.s.Scheduler.SignatureScheduler - Début traitement automatique des signatures...
2026-04-14 17:52:00.275 [scheduling-1] INFO  c.e.s.Scheduler.SignatureScheduler - Fin traitement signatures
2026-04-14 17:53:00.010 [scheduling-1] INFO  c.e.s.Scheduler.SignatureScheduler - Début traitement automatique des signatures...
2026-04-14 17:53:00.284 [scheduling-1] INFO  c.e.s.Scheduler.SignatureScheduler - Fin traitement signatures
2026-04-14 17:54:00.005 [scheduling-1] INFO  c.e.s.Scheduler.SignatureScheduler - Début traitement automatique des signatures...
2026-04-14 17:54:00.277 [scheduling-1] INFO  c.e.s.Scheduler.SignatureScheduler - Fin traitement signatures
2026-04-14 17:55:00.007 [scheduling-1] INFO  c.e.s.Scheduler.SignatureScheduler - Début traitement automatique des signatures...
2026-04-14 17:55:00.283 [scheduling-1] INFO  c.e.s.Scheduler.SignatureScheduler - Fin traitement signatures
2026-04-14 17:56:00.006 [scheduling-1] INFO  c.e.s.Scheduler.SignatureScheduler - Début traitement automatique des signatures...
2026-04-14 17:56:00.266 [scheduling-1] INFO  c.e.s.Scheduler.SignatureScheduler - Fin traitement signatures
2026-04-14 17:57:00.002 [scheduling-1] INFO  c.e.s.Scheduler.SignatureScheduler - Début traitement automatique des signatures...
2026-04-14 17:57:00.263 [scheduling-1] INFO  c.e.s.Scheduler.SignatureScheduler - Fin traitement signatures
2026-04-14 17:58:00.005 [scheduling-1] INFO  c.e.s.Scheduler.SignatureScheduler - Début traitement automatique des signatures...
2026-04-14 17:58:00.276 [scheduling-1] INFO  c.e.s.Scheduler.SignatureScheduler - Fin traitement signatures
2026-04-14 17:59:00.013 [scheduling-1] INFO  c.e.s.Scheduler.SignatureScheduler - Début traitement automatique des signatures...
2026-04-14 17:59:00.279 [scheduling-1] INFO  c.e.s.Scheduler.SignatureScheduler - Fin traitement signatures
2026-04-14 18:00:00.002 [scheduling-1] INFO  c.e.s.Scheduler.SignatureScheduler - Début traitement automatique des signatures...
2026-04-14 18:00:00.267 [scheduling-1] INFO  c.e.s.Scheduler.SignatureScheduler - Fin traitement signatures
2026-04-14 18:01:00.014 [scheduling-1] INFO  c.e.s.Scheduler.SignatureScheduler - Début traitement automatique des signatures...
2026-04-14 18:01:00.530 [scheduling-1] INFO  c.e.s.Scheduler.SignatureScheduler - Fin traitement signatures
2026-04-14 18:02:00.002 [scheduling-1] INFO  c.e.s.Scheduler.SignatureScheduler - Début traitement automatique des signatures...
2026-04-14 18:02:00.493 [scheduling-1] INFO  c.e.s.Scheduler.SignatureScheduler - Fin traitement signatures
2026-04-14 18:03:00.004 [scheduling-1] INFO  c.e.s.Scheduler.SignatureScheduler - Début traitement automatique des signatures...
2026-04-14 18:03:00.273 [scheduling-1] INFO  c.e.s.Scheduler.SignatureScheduler - Fin traitement signatures
2026-04-14 18:04:00.006 [scheduling-1] INFO  c.e.s.Scheduler.SignatureScheduler - Début traitement automatique des signatures...
2026-04-14 18:04:00.267 [scheduling-1] INFO  c.e.s.Scheduler.SignatureScheduler - Fin traitement signatures
2026-04-14 18:05:00.014 [scheduling-1] INFO  c.e.s.Scheduler.SignatureScheduler - Début traitement automatique des signatures...
2026-04-14 18:05:00.315 [scheduling-1] INFO  c.e.s.Scheduler.SignatureScheduler - Fin traitement signatures
2026-04-14 18:06:00.003 [scheduling-1] INFO  c.e.s.Scheduler.SignatureScheduler - Début traitement automatique des signatures...
2026-04-14 18:06:00.271 [scheduling-1] INFO  c.e.s.Scheduler.SignatureScheduler - Fin traitement signatures
2026-04-14 18:07:00.011 [scheduling-1] INFO  c.e.s.Scheduler.SignatureScheduler - Début traitement automatique des signatures...
2026-04-14 18:07:00.525 [scheduling-1] INFO  c.e.s.Scheduler.SignatureScheduler - Fin traitement signatures
2026-04-14 18:08:00.003 [scheduling-1] INFO  c.e.s.Scheduler.SignatureScheduler - Début traitement automatique des signatures...
2026-04-14 18:08:00.274 [scheduling-1] INFO  c.e.s.Scheduler.SignatureScheduler - Fin traitement signatures
2026-04-14 18:09:00.001 [scheduling-1] INFO  c.e.s.Scheduler.SignatureScheduler - Début traitement automatique des signatures...
2026-04-14 18:09:00.322 [scheduling-1] INFO  c.e.s.Scheduler.SignatureScheduler - Fin traitement signatures
2026-04-14 18:10:00.008 [scheduling-1] INFO  c.e.s.Scheduler.SignatureScheduler - Début traitement automatique des signatures...
2026-04-14 18:10:00.268 [scheduling-1] INFO  c.e.s.Scheduler.SignatureScheduler - Fin traitement signatures
2026-04-14 18:11:00.008 [scheduling-1] INFO  c.e.s.Scheduler.SignatureScheduler - Début traitement automatique des signatures...
2026-04-14 18:11:00.291 [scheduling-1] INFO  c.e.s.Scheduler.SignatureScheduler - Fin traitement signatures
2026-04-14 18:12:00.002 [scheduling-1] INFO  c.e.s.Scheduler.SignatureScheduler - Début traitement automatique des signatures...
2026-04-14 18:12:00.263 [scheduling-1] INFO  c.e.s.Scheduler.SignatureScheduler - Fin traitement signatures
2026-04-14 18:13:00.008 [scheduling-1] INFO  c.e.s.Scheduler.SignatureScheduler - Début traitement automatique des signatures...
2026-04-14 18:13:00.314 [scheduling-1] INFO  c.e.s.Scheduler.SignatureScheduler - Fin traitement signatures
2026-04-14 18:14:00.007 [scheduling-1] INFO  c.e.s.Scheduler.SignatureScheduler - Début traitement automatique des signatures...
2026-04-14 18:14:00.309 [scheduling-1] INFO  c.e.s.Scheduler.SignatureScheduler - Fin traitement signatures
2026-04-14 18:15:00.015 [scheduling-1] INFO  c.e.s.Scheduler.SignatureScheduler - Début traitement automatique des signatures...
2026-04-14 18:15:00.327 [scheduling-1] INFO  c.e.s.Scheduler.SignatureScheduler - Fin traitement signatures
2026-04-14 18:16:00.014 [scheduling-1] INFO  c.e.s.Scheduler.SignatureScheduler - Début traitement automatique des signatures...
2026-04-14 18:16:00.310 [scheduling-1] INFO  c.e.s.Scheduler.SignatureScheduler - Fin traitement signatures
2026-04-14 18:17:00.000 [scheduling-1] INFO  c.e.s.Scheduler.SignatureScheduler - Début traitement automatique des signatures...
2026-04-14 18:17:00.500 [scheduling-1] INFO  c.e.s.Scheduler.SignatureScheduler - Fin traitement signatures
2026-04-14 18:18:00.010 [scheduling-1] INFO  c.e.s.Scheduler.SignatureScheduler - Début traitement automatique des signatures...
2026-04-14 18:18:00.270 [scheduling-1] INFO  c.e.s.Scheduler.SignatureScheduler - Fin traitement signatures
2026-04-14 18:19:00.005 [scheduling-1] INFO  c.e.s.Scheduler.SignatureScheduler - Début traitement automatique des signatures...
2026-04-14 18:19:00.277 [scheduling-1] INFO  c.e.s.Scheduler.SignatureScheduler - Fin traitement signatures
2026-04-14 18:20:00.011 [scheduling-1] INFO  c.e.s.Scheduler.SignatureScheduler - Début traitement automatique des signatures...
2026-04-14 18:20:00.284 [scheduling-1] INFO  c.e.s.Scheduler.SignatureScheduler - Fin traitement signatures
2026-04-14 18:21:00.011 [scheduling-1] INFO  c.e.s.Scheduler.SignatureScheduler - Début traitement automatique des signatures...
2026-04-14 18:21:00.280 [scheduling-1] INFO  c.e.s.Scheduler.SignatureScheduler - Fin traitement signatures
2026-04-14 18:22:00.011 [scheduling-1] INFO  c.e.s.Scheduler.SignatureScheduler - Début traitement automatique des signatures...
2026-04-14 18:22:00.308 [scheduling-1] INFO  c.e.s.Scheduler.SignatureScheduler - Fin traitement signatures
2026-04-14 18:23:00.002 [scheduling-1] INFO  c.e.s.Scheduler.SignatureScheduler - Début traitement automatique des signatures...
2026-04-14 18:23:00.295 [scheduling-1] INFO  c.e.s.Scheduler.SignatureScheduler - Fin traitement signatures
2026-04-14 18:24:00.004 [scheduling-1] INFO  c.e.s.Scheduler.SignatureScheduler - Début traitement automatique des signatures...
2026-04-14 18:24:00.281 [scheduling-1] INFO  c.e.s.Scheduler.SignatureScheduler - Fin traitement signatures
2026-04-14 18:25:00.011 [scheduling-1] INFO  c.e.s.Scheduler.SignatureScheduler - Début traitement automatique des signatures...
2026-04-14 18:25:00.277 [scheduling-1] INFO  c.e.s.Scheduler.SignatureScheduler - Fin traitement signatures
2026-04-14 18:26:00.013 [scheduling-1] INFO  c.e.s.Scheduler.SignatureScheduler - Début traitement automatique des signatures...
2026-04-14 18:26:00.300 [scheduling-1] INFO  c.e.s.Scheduler.SignatureScheduler - Fin traitement signatures
2026-04-14 18:27:00.012 [scheduling-1] INFO  c.e.s.Scheduler.SignatureScheduler - Début traitement automatique des signatures...
2026-04-14 18:27:00.286 [scheduling-1] INFO  c.e.s.Scheduler.SignatureScheduler - Fin traitement signatures
2026-04-14 18:28:00.003 [scheduling-1] INFO  c.e.s.Scheduler.SignatureScheduler - Début traitement automatique des signatures...
2026-04-14 18:28:00.261 [scheduling-1] INFO  c.e.s.Scheduler.SignatureScheduler - Fin traitement signatures
2026-04-14 18:29:00.009 [scheduling-1] INFO  c.e.s.Scheduler.SignatureScheduler - Début traitement automatique des signatures...
2026-04-14 18:29:00.273 [scheduling-1] INFO  c.e.s.Scheduler.SignatureScheduler - Fin traitement signatures
2026-04-14 18:30:00.014 [scheduling-1] INFO  c.e.s.Scheduler.SignatureScheduler - Début traitement automatique des signatures...
2026-04-14 18:30:00.290 [scheduling-1] INFO  c.e.s.Scheduler.SignatureScheduler - Fin traitement signatures
2026-04-14 18:31:00.013 [scheduling-1] INFO  c.e.s.Scheduler.SignatureScheduler - Début traitement automatique des signatures...
2026-04-14 18:31:00.283 [scheduling-1] INFO  c.e.s.Scheduler.SignatureScheduler - Fin traitement signatures
2026-04-14 18:32:00.006 [scheduling-1] INFO  c.e.s.Scheduler.SignatureScheduler - Début traitement automatique des signatures...
2026-04-14 18:32:00.271 [scheduling-1] INFO  c.e.s.Scheduler.SignatureScheduler - Fin traitement signatures
2026-04-14 18:33:00.014 [scheduling-1] INFO  c.e.s.Scheduler.SignatureScheduler - Début traitement automatique des signatures...
2026-04-14 18:33:00.276 [scheduling-1] INFO  c.e.s.Scheduler.SignatureScheduler - Fin traitement signatures
2026-04-14 18:34:00.008 [scheduling-1] INFO  c.e.s.Scheduler.SignatureScheduler - Début traitement automatique des signatures...
2026-04-14 18:34:00.270 [scheduling-1] INFO  c.e.s.Scheduler.SignatureScheduler - Fin traitement signatures
2026-04-14 18:35:00.001 [scheduling-1] INFO  c.e.s.Scheduler.SignatureScheduler - Début traitement automatique des signatures...
2026-04-14 18:35:00.263 [scheduling-1] INFO  c.e.s.Scheduler.SignatureScheduler - Fin traitement signatures
2026-04-14 18:36:00.013 [scheduling-1] INFO  c.e.s.Scheduler.SignatureScheduler - Début traitement automatique des signatures...
2026-04-14 18:36:00.272 [scheduling-1] INFO  c.e.s.Scheduler.SignatureScheduler - Fin traitement signatures
2026-04-14 18:37:00.002 [scheduling-1] INFO  c.e.s.Scheduler.SignatureScheduler - Début traitement automatique des signatures...
2026-04-14 18:37:00.274 [scheduling-1] INFO  c.e.s.Scheduler.SignatureScheduler - Fin traitement signatures
2026-04-14 18:38:00.012 [scheduling-1] INFO  c.e.s.Scheduler.SignatureScheduler - Début traitement automatique des signatures...
2026-04-14 18:38:00.272 [scheduling-1] INFO  c.e.s.Scheduler.SignatureScheduler - Fin traitement signatures
2026-04-14 18:39:00.002 [scheduling-1] INFO  c.e.s.Scheduler.SignatureScheduler - Début traitement automatique des signatures...
2026-04-14 18:39:00.264 [scheduling-1] INFO  c.e.s.Scheduler.SignatureScheduler - Fin traitement signatures
2026-04-14 18:40:00.009 [scheduling-1] INFO  c.e.s.Scheduler.SignatureScheduler - Début traitement automatique des signatures...
2026-04-14 18:40:00.268 [scheduling-1] INFO  c.e.s.Scheduler.SignatureScheduler - Fin traitement signatures
2026-04-14 18:41:00.003 [scheduling-1] INFO  c.e.s.Scheduler.SignatureScheduler - Début traitement automatique des signatures...
2026-04-14 18:41:00.299 [scheduling-1] INFO  c.e.s.Scheduler.SignatureScheduler - Fin traitement signatures
2026-04-14 18:42:00.010 [scheduling-1] INFO  c.e.s.Scheduler.SignatureScheduler - Début traitement automatique des signatures...
2026-04-14 18:42:00.476 [scheduling-1] INFO  c.e.s.Scheduler.SignatureScheduler - Fin traitement signatures
2026-04-14 18:43:00.007 [scheduling-1] INFO  c.e.s.Scheduler.SignatureScheduler - Début traitement automatique des signatures...
2026-04-14 18:43:00.304 [scheduling-1] INFO  c.e.s.Scheduler.SignatureScheduler - Fin traitement signatures
2026-04-14 18:44:00.010 [scheduling-1] INFO  c.e.s.Scheduler.SignatureScheduler - Début traitement automatique des signatures...
2026-04-14 18:44:00.277 [scheduling-1] INFO  c.e.s.Scheduler.SignatureScheduler - Fin traitement signatures
2026-04-14 18:45:00.010 [scheduling-1] INFO  c.e.s.Scheduler.SignatureScheduler - Début traitement automatique des signatures...
2026-04-14 18:45:00.270 [scheduling-1] INFO  c.e.s.Scheduler.SignatureScheduler - Fin traitement signatures
2026-04-14 18:46:00.015 [scheduling-1] INFO  c.e.s.Scheduler.SignatureScheduler - Début traitement automatique des signatures...
2026-04-14 18:46:00.315 [scheduling-1] INFO  c.e.s.Scheduler.SignatureScheduler - Fin traitement signatures
2026-04-14 18:47:00.016 [scheduling-1] INFO  c.e.s.Scheduler.SignatureScheduler - Début traitement automatique des signatures...
2026-04-14 18:47:00.481 [scheduling-1] INFO  c.e.s.Scheduler.SignatureScheduler - Fin traitement signatures
2026-04-14 18:48:00.005 [scheduling-1] INFO  c.e.s.Scheduler.SignatureScheduler - Début traitement automatique des signatures...
2026-04-14 18:48:00.282 [scheduling-1] INFO  c.e.s.Scheduler.SignatureScheduler - Fin traitement signatures
2026-04-14 18:49:00.006 [scheduling-1] INFO  c.e.s.Scheduler.SignatureScheduler - Début traitement automatique des signatures...
2026-04-14 18:49:00.308 [scheduling-1] INFO  c.e.s.Scheduler.SignatureScheduler - Fin traitement signatures
2026-04-14 18:50:00.000 [scheduling-1] INFO  c.e.s.Scheduler.SignatureScheduler - Début traitement automatique des signatures...
2026-04-14 18:50:00.567 [scheduling-1] INFO  c.e.s.Scheduler.SignatureScheduler - Fin traitement signatures
2026-04-14 18:51:00.004 [scheduling-1] INFO  c.e.s.Scheduler.SignatureScheduler - Début traitement automatique des signatures...
2026-04-14 18:51:00.299 [scheduling-1] INFO  c.e.s.Scheduler.SignatureScheduler - Fin traitement signatures
2026-04-14 18:52:00.005 [scheduling-1] INFO  c.e.s.Scheduler.SignatureScheduler - Début traitement automatique des signatures...
2026-04-14 18:52:00.301 [scheduling-1] INFO  c.e.s.Scheduler.SignatureScheduler - Fin traitement signatures
2026-04-14 18:53:00.003 [scheduling-1] INFO  c.e.s.Scheduler.SignatureScheduler - Début traitement automatique des signatures...
2026-04-14 18:53:00.345 [scheduling-1] INFO  c.e.s.Scheduler.SignatureScheduler - Fin traitement signatures
2026-04-14 18:54:00.015 [scheduling-1] INFO  c.e.s.Scheduler.SignatureScheduler - Début traitement automatique des signatures...
2026-04-14 18:54:00.280 [scheduling-1] INFO  c.e.s.Scheduler.SignatureScheduler - Fin traitement signatures
2026-04-14 18:55:00.009 [scheduling-1] INFO  c.e.s.Scheduler.SignatureScheduler - Début traitement automatique des signatures...
2026-04-14 18:55:00.272 [scheduling-1] INFO  c.e.s.Scheduler.SignatureScheduler - Fin traitement signatures
2026-04-14 18:56:00.003 [scheduling-1] INFO  c.e.s.Scheduler.SignatureScheduler - Début traitement automatique des signatures...
2026-04-14 18:56:00.296 [scheduling-1] INFO  c.e.s.Scheduler.SignatureScheduler - Fin traitement signatures
2026-04-14 18:57:00.009 [scheduling-1] INFO  c.e.s.Scheduler.SignatureScheduler - Début traitement automatique des signatures...
2026-04-14 18:57:00.466 [scheduling-1] INFO  c.e.s.Scheduler.SignatureScheduler - Fin traitement signatures
2026-04-14 18:58:00.004 [scheduling-1] INFO  c.e.s.Scheduler.SignatureScheduler - Début traitement automatique des signatures...
2026-04-14 18:58:00.266 [scheduling-1] INFO  c.e.s.Scheduler.SignatureScheduler - Fin traitement signatures
2026-04-14 18:59:00.000 [scheduling-1] INFO  c.e.s.Scheduler.SignatureScheduler - Début traitement automatique des signatures...
2026-04-14 18:59:00.476 [scheduling-1] INFO  c.e.s.Scheduler.SignatureScheduler - Fin traitement signatures
2026-04-14 19:00:00.006 [scheduling-1] INFO  c.e.s.Scheduler.SignatureScheduler - Début traitement automatique des signatures...
2026-04-14 19:00:00.569 [scheduling-1] INFO  c.e.s.Scheduler.SignatureScheduler - Fin traitement signatures
2026-04-14 19:01:00.005 [scheduling-1] INFO  c.e.s.Scheduler.SignatureScheduler - Début traitement automatique des signatures...
2026-04-14 19:01:00.344 [scheduling-1] INFO  c.e.s.Scheduler.SignatureScheduler - Fin traitement signatures
2026-04-14 19:02:00.015 [scheduling-1] INFO  c.e.s.Scheduler.SignatureScheduler - Début traitement automatique des signatures...
2026-04-14 19:02:00.282 [scheduling-1] INFO  c.e.s.Scheduler.SignatureScheduler - Fin traitement signatures
2026-04-14 19:03:00.011 [scheduling-1] INFO  c.e.s.Scheduler.SignatureScheduler - Début traitement automatique des signatures...
2026-04-14 19:03:00.291 [scheduling-1] INFO  c.e.s.Scheduler.SignatureScheduler - Fin traitement signatures
2026-04-14 19:04:00.001 [scheduling-1] INFO  c.e.s.Scheduler.SignatureScheduler - Début traitement automatique des signatures...
2026-04-14 19:04:00.262 [scheduling-1] INFO  c.e.s.Scheduler.SignatureScheduler - Fin traitement signatures
2026-04-14 19:05:00.010 [scheduling-1] INFO  c.e.s.Scheduler.SignatureScheduler - Début traitement automatique des signatures...
2026-04-14 19:05:00.501 [scheduling-1] INFO  c.e.s.Scheduler.SignatureScheduler - Fin traitement signatures
2026-04-14 19:06:00.014 [scheduling-1] INFO  c.e.s.Scheduler.SignatureScheduler - Début traitement automatique des signatures...
2026-04-14 19:06:00.504 [scheduling-1] INFO  c.e.s.Scheduler.SignatureScheduler - Fin traitement signatures
2026-04-14 19:07:00.010 [scheduling-1] INFO  c.e.s.Scheduler.SignatureScheduler - Début traitement automatique des signatures...
2026-04-14 19:07:00.270 [scheduling-1] INFO  c.e.s.Scheduler.SignatureScheduler - Fin traitement signatures
2026-04-14 19:08:00.005 [scheduling-1] INFO  c.e.s.Scheduler.SignatureScheduler - Début traitement automatique des signatures...
2026-04-14 19:08:00.262 [scheduling-1] INFO  c.e.s.Scheduler.SignatureScheduler - Fin traitement signatures
2026-04-14 19:09:00.012 [scheduling-1] INFO  c.e.s.Scheduler.SignatureScheduler - Début traitement automatique des signatures...
2026-04-14 19:09:00.291 [scheduling-1] INFO  c.e.s.Scheduler.SignatureScheduler - Fin traitement signatures
2026-04-14 19:10:00.014 [scheduling-1] INFO  c.e.s.Scheduler.SignatureScheduler - Début traitement automatique des signatures...
2026-04-14 19:10:00.491 [scheduling-1] INFO  c.e.s.Scheduler.SignatureScheduler - Fin traitement signatures
2026-04-14 19:11:00.001 [scheduling-1] INFO  c.e.s.Scheduler.SignatureScheduler - Début traitement automatique des signatures...
2026-04-14 19:11:00.477 [scheduling-1] INFO  c.e.s.Scheduler.SignatureScheduler - Fin traitement signatures
2026-04-14 19:12:00.006 [scheduling-1] INFO  c.e.s.Scheduler.SignatureScheduler - Début traitement automatique des signatures...
2026-04-14 19:12:00.460 [scheduling-1] INFO  c.e.s.Scheduler.SignatureScheduler - Fin traitement signatures
2026-04-14 19:13:00.003 [scheduling-1] INFO  c.e.s.Scheduler.SignatureScheduler - Début traitement automatique des signatures...
2026-04-14 19:13:00.260 [scheduling-1] INFO  c.e.s.Scheduler.SignatureScheduler - Fin traitement signatures
2026-04-14 19:14:00.005 [scheduling-1] INFO  c.e.s.Scheduler.SignatureScheduler - Début traitement automatique des signatures...
2026-04-14 19:14:00.266 [scheduling-1] INFO  c.e.s.Scheduler.SignatureScheduler - Fin traitement signatures
2026-04-14 19:15:00.013 [scheduling-1] INFO  c.e.s.Scheduler.SignatureScheduler - Début traitement automatique des signatures...
2026-04-14 19:15:00.496 [scheduling-1] INFO  c.e.s.Scheduler.SignatureScheduler - Fin traitement signatures
2026-04-14 19:16:00.013 [scheduling-1] INFO  c.e.s.Scheduler.SignatureScheduler - Début traitement automatique des signatures...
2026-04-14 19:16:00.484 [scheduling-1] INFO  c.e.s.Scheduler.SignatureScheduler - Fin traitement signatures
2026-04-14 19:17:00.016 [scheduling-1] INFO  c.e.s.Scheduler.SignatureScheduler - Début traitement automatique des signatures...
2026-04-14 19:17:00.289 [scheduling-1] INFO  c.e.s.Scheduler.SignatureScheduler - Fin traitement signatures
2026-04-14 19:18:00.005 [scheduling-1] INFO  c.e.s.Scheduler.SignatureScheduler - Début traitement automatique des signatures...
2026-04-14 19:18:00.350 [scheduling-1] INFO  c.e.s.Scheduler.SignatureScheduler - Fin traitement signatures
2026-04-14 19:19:00.011 [scheduling-1] INFO  c.e.s.Scheduler.SignatureScheduler - Début traitement automatique des signatures...
2026-04-14 19:19:00.272 [scheduling-1] INFO  c.e.s.Scheduler.SignatureScheduler - Fin traitement signatures
2026-04-14 19:20:00.002 [scheduling-1] INFO  c.e.s.Scheduler.SignatureScheduler - Début traitement automatique des signatures...
2026-04-14 19:20:00.350 [scheduling-1] INFO  c.e.s.Scheduler.SignatureScheduler - Fin traitement signatures
2026-04-14 19:21:00.004 [scheduling-1] INFO  c.e.s.Scheduler.SignatureScheduler - Début traitement automatique des signatures...
2026-04-14 19:21:00.495 [scheduling-1] INFO  c.e.s.Scheduler.SignatureScheduler - Fin traitement signatures
2026-04-14 19:22:00.016 [scheduling-1] INFO  c.e.s.Scheduler.SignatureScheduler - Début traitement automatique des signatures...
2026-04-14 19:22:00.274 [scheduling-1] INFO  c.e.s.Scheduler.SignatureScheduler - Fin traitement signatures
