2026-04-23 09:05:40.342 [HikariPool-1 housekeeper] WARN  com.zaxxer.hikari.pool.HikariPool - HikariPool-1 - Thread starvation or clock leap detected (housekeeper delta=20h10m12s779ms353µs301ns).
2026-04-23 09:06:04.634 [scheduling-1] INFO  c.e.s.Scheduler.SignatureScheduler - Début traitement automatique des signatures...
2026-04-23 09:06:05.225 [scheduling-1] INFO  c.e.s.Scheduler.SignatureScheduler - Fin traitement signatures
2026-04-23 09:07:00.343 [scheduling-1] INFO  c.e.s.Scheduler.SignatureScheduler - Début traitement automatique des signatures...
2026-04-23 09:07:00.764 [scheduling-1] INFO  c.e.s.Scheduler.SignatureScheduler - Fin traitement signatures
2026-04-23 09:08:00.005 [scheduling-1] INFO  c.e.s.Scheduler.SignatureScheduler - Début traitement automatique des signatures...
2026-04-23 09:08:00.498 [scheduling-1] INFO  c.e.s.Scheduler.SignatureScheduler - Fin traitement signatures
2026-04-23 09:09:00.016 [scheduling-1] INFO  c.e.s.Scheduler.SignatureScheduler - Début traitement automatique des signatures...
2026-04-23 09:09:00.510 [scheduling-1] INFO  c.e.s.Scheduler.SignatureScheduler - Fin traitement signatures
2026-04-23 09:10:00.009 [scheduling-1] INFO  c.e.s.Scheduler.SignatureScheduler - Début traitement automatique des signatures...
2026-04-23 09:10:00.473 [scheduling-1] INFO  c.e.s.Scheduler.SignatureScheduler - Fin traitement signatures
2026-04-23 09:11:00.361 [scheduling-1] INFO  c.e.s.Scheduler.SignatureScheduler - Début traitement automatique des signatures...
2026-04-23 09:11:00.751 [scheduling-1] INFO  c.e.s.Scheduler.SignatureScheduler - Fin traitement signatures
2026-04-23 09:12:00.349 [scheduling-1] INFO  c.e.s.Scheduler.SignatureScheduler - Début traitement automatique des signatures...
2026-04-23 09:12:00.776 [scheduling-1] INFO  c.e.s.Scheduler.SignatureScheduler - Fin traitement signatures
2026-04-23 09:13:00.362 [scheduling-1] INFO  c.e.s.Scheduler.SignatureScheduler - Début traitement automatique des signatures...
2026-04-23 09:13:00.824 [scheduling-1] INFO  c.e.s.Scheduler.SignatureScheduler - Fin traitement signatures
2026-04-23 09:14:00.347 [scheduling-1] INFO  c.e.s.Scheduler.SignatureScheduler - Début traitement automatique des signatures...
2026-04-23 09:14:00.752 [scheduling-1] INFO  c.e.s.Scheduler.SignatureScheduler - Fin traitement signatures
2026-04-23 09:15:00.390 [scheduling-1] INFO  c.e.s.Scheduler.SignatureScheduler - Début traitement automatique des signatures...
2026-04-23 09:15:00.796 [scheduling-1] INFO  c.e.s.Scheduler.SignatureScheduler - Fin traitement signatures
2026-04-23 09:16:00.351 [scheduling-1] INFO  c.e.s.Scheduler.SignatureScheduler - Début traitement automatique des signatures...
2026-04-23 09:16:00.754 [scheduling-1] INFO  c.e.s.Scheduler.SignatureScheduler - Fin traitement signatures
2026-04-23 09:17:00.004 [scheduling-1] INFO  c.e.s.Scheduler.SignatureScheduler - Début traitement automatique des signatures...
2026-04-23 09:17:00.516 [scheduling-1] INFO  c.e.s.Scheduler.SignatureScheduler - Fin traitement signatures
2026-04-23 09:18:00.414 [scheduling-1] INFO  c.e.s.Scheduler.SignatureScheduler - Début traitement automatique des signatures...
2026-04-23 09:18:00.839 [scheduling-1] INFO  c.e.s.Scheduler.SignatureScheduler - Fin traitement signatures
2026-04-23 09:19:00.011 [scheduling-1] INFO  c.e.s.Scheduler.SignatureScheduler - Début traitement automatique des signatures...
2026-04-23 09:19:00.481 [scheduling-1] INFO  c.e.s.Scheduler.SignatureScheduler - Fin traitement signatures
2026-04-23 09:20:00.001 [scheduling-1] INFO  c.e.s.Scheduler.SignatureScheduler - Début traitement automatique des signatures...
2026-04-23 09:20:00.483 [scheduling-1] INFO  c.e.s.Scheduler.SignatureScheduler - Fin traitement signatures
2026-04-23 09:21:00.009 [scheduling-1] INFO  c.e.s.Scheduler.SignatureScheduler - Début traitement automatique des signatures...
2026-04-23 09:21:00.518 [scheduling-1] INFO  c.e.s.Scheduler.SignatureScheduler - Fin traitement signatures
2026-04-23 09:22:00.007 [scheduling-1] INFO  c.e.s.Scheduler.SignatureScheduler - Début traitement automatique des signatures...
2026-04-23 09:22:00.493 [scheduling-1] INFO  c.e.s.Scheduler.SignatureScheduler - Fin traitement signatures
2026-04-23 09:23:00.360 [scheduling-1] INFO  c.e.s.Scheduler.SignatureScheduler - Début traitement automatique des signatures...
2026-04-23 09:23:00.774 [scheduling-1] INFO  c.e.s.Scheduler.SignatureScheduler - Fin traitement signatures
2026-04-23 09:24:00.009 [scheduling-1] INFO  c.e.s.Scheduler.SignatureScheduler - Début traitement automatique des signatures...
2026-04-23 09:24:00.585 [scheduling-1] INFO  c.e.s.Scheduler.SignatureScheduler - Fin traitement signatures
2026-04-23 09:25:00.014 [scheduling-1] INFO  c.e.s.Scheduler.SignatureScheduler - Début traitement automatique des signatures...
2026-04-23 09:25:00.483 [scheduling-1] INFO  c.e.s.Scheduler.SignatureScheduler - Fin traitement signatures
2026-04-23 09:26:00.005 [scheduling-1] INFO  c.e.s.Scheduler.SignatureScheduler - Début traitement automatique des signatures...
2026-04-23 09:26:00.454 [scheduling-1] INFO  c.e.s.Scheduler.SignatureScheduler - Fin traitement signatures
2026-04-23 09:27:00.000 [scheduling-1] INFO  c.e.s.Scheduler.SignatureScheduler - Début traitement automatique des signatures...
2026-04-23 09:27:05.015 [scheduling-1] WARN  com.zaxxer.hikari.pool.PoolBase - HikariPool-1 - Failed to validate connection oracle.jdbc.driver.T4CConnection@1b853fed (Connexion interrompue). Possibly consider using a shorter maxLifetime value.
2026-04-23 09:27:07.327 [scheduling-1] INFO  c.e.s.Scheduler.SignatureScheduler - Fin traitement signatures
2026-04-23 09:28:00.004 [scheduling-1] INFO  c.e.s.Scheduler.SignatureScheduler - Début traitement automatique des signatures...
2026-04-23 09:28:00.448 [scheduling-1] INFO  c.e.s.Scheduler.SignatureScheduler - Fin traitement signatures
2026-04-23 09:29:00.005 [scheduling-1] INFO  c.e.s.Scheduler.SignatureScheduler - Début traitement automatique des signatures...
2026-04-23 09:29:00.461 [scheduling-1] INFO  c.e.s.Scheduler.SignatureScheduler - Fin traitement signatures
2026-04-23 09:30:00.338 [scheduling-1] INFO  c.e.s.Scheduler.SignatureScheduler - Début traitement automatique des signatures...
2026-04-23 09:30:00.724 [scheduling-1] INFO  c.e.s.Scheduler.SignatureScheduler - Fin traitement signatures
2026-04-23 09:31:00.007 [scheduling-1] INFO  c.e.s.Scheduler.SignatureScheduler - Début traitement automatique des signatures...
2026-04-23 09:31:01.181 [scheduling-1] INFO  c.e.s.Scheduler.SignatureScheduler - Fin traitement signatures
2026-04-23 09:32:00.381 [scheduling-1] INFO  c.e.s.Scheduler.SignatureScheduler - Début traitement automatique des signatures...
2026-04-23 09:32:00.820 [scheduling-1] INFO  c.e.s.Scheduler.SignatureScheduler - Fin traitement signatures
2026-04-23 09:33:00.393 [scheduling-1] INFO  c.e.s.Scheduler.SignatureScheduler - Début traitement automatique des signatures...
2026-04-23 09:33:00.845 [scheduling-1] INFO  c.e.s.Scheduler.SignatureScheduler - Fin traitement signatures
2026-04-23 09:34:00.395 [scheduling-1] INFO  c.e.s.Scheduler.SignatureScheduler - Début traitement automatique des signatures...
2026-04-23 09:34:00.836 [scheduling-1] INFO  c.e.s.Scheduler.SignatureScheduler - Fin traitement signatures
2026-04-23 09:35:00.006 [scheduling-1] INFO  c.e.s.Scheduler.SignatureScheduler - Début traitement automatique des signatures...
2026-04-23 09:35:00.516 [scheduling-1] INFO  c.e.s.Scheduler.SignatureScheduler - Fin traitement signatures
2026-04-23 09:36:00.383 [scheduling-1] INFO  c.e.s.Scheduler.SignatureScheduler - Début traitement automatique des signatures...
2026-04-23 09:36:00.841 [scheduling-1] INFO  c.e.s.Scheduler.SignatureScheduler - Fin traitement signatures
2026-04-23 09:37:00.002 [scheduling-1] INFO  c.e.s.Scheduler.SignatureScheduler - Début traitement automatique des signatures...
2026-04-23 09:37:00.522 [scheduling-1] INFO  c.e.s.Scheduler.SignatureScheduler - Fin traitement signatures
2026-04-23 09:38:00.010 [scheduling-1] INFO  c.e.s.Scheduler.SignatureScheduler - Début traitement automatique des signatures...
2026-04-23 09:38:03.050 [scheduling-1] INFO  c.e.s.Scheduler.SignatureScheduler - Fin traitement signatures
2026-04-23 09:39:00.011 [scheduling-1] INFO  c.e.s.Scheduler.SignatureScheduler - Début traitement automatique des signatures...
2026-04-23 09:39:00.532 [scheduling-1] INFO  c.e.s.Scheduler.SignatureScheduler - Fin traitement signatures
2026-04-23 09:40:00.013 [scheduling-1] INFO  c.e.s.Scheduler.SignatureScheduler - Début traitement automatique des signatures...
2026-04-23 09:40:00.702 [scheduling-1] INFO  c.e.s.Scheduler.SignatureScheduler - Fin traitement signatures
2026-04-23 09:41:00.011 [scheduling-1] INFO  c.e.s.Scheduler.SignatureScheduler - Début traitement automatique des signatures...
2026-04-23 09:41:00.512 [scheduling-1] INFO  c.e.s.Scheduler.SignatureScheduler - Fin traitement signatures
2026-04-23 09:42:00.012 [scheduling-1] INFO  c.e.s.Scheduler.SignatureScheduler - Début traitement automatique des signatures...
2026-04-23 09:42:00.532 [scheduling-1] INFO  c.e.s.Scheduler.SignatureScheduler - Fin traitement signatures
2026-04-23 09:43:00.405 [scheduling-1] INFO  c.e.s.Scheduler.SignatureScheduler - Début traitement automatique des signatures...
2026-04-23 09:43:00.856 [scheduling-1] INFO  c.e.s.Scheduler.SignatureScheduler - Fin traitement signatures
2026-04-23 09:44:00.016 [scheduling-1] INFO  c.e.s.Scheduler.SignatureScheduler - Début traitement automatique des signatures...
2026-04-23 09:44:00.540 [scheduling-1] INFO  c.e.s.Scheduler.SignatureScheduler - Fin traitement signatures
2026-04-23 09:45:00.006 [scheduling-1] INFO  c.e.s.Scheduler.SignatureScheduler - Début traitement automatique des signatures...
2026-04-23 09:45:05.015 [scheduling-1] WARN  com.zaxxer.hikari.pool.PoolBase - HikariPool-1 - Failed to validate connection oracle.jdbc.driver.T4CConnection@5ac9a44a (Erreur d'E/S: Invalid Operation, NOT Connected). Possibly consider using a shorter maxLifetime value.
2026-04-23 09:45:08.257 [scheduling-1] INFO  c.e.s.Scheduler.SignatureScheduler - Fin traitement signatures
2026-04-23 09:46:00.626 [scheduling-1] INFO  c.e.s.Scheduler.SignatureScheduler - Début traitement automatique des signatures...
2026-04-23 09:46:01.264 [scheduling-1] INFO  c.e.s.Scheduler.SignatureScheduler - Fin traitement signatures
2026-04-23 09:47:00.389 [scheduling-1] INFO  c.e.s.Scheduler.SignatureScheduler - Début traitement automatique des signatures...
2026-04-23 09:47:00.831 [scheduling-1] INFO  c.e.s.Scheduler.SignatureScheduler - Fin traitement signatures
2026-04-23 09:48:00.007 [scheduling-1] INFO  c.e.s.Scheduler.SignatureScheduler - Début traitement automatique des signatures...
2026-04-23 09:48:00.512 [scheduling-1] INFO  c.e.s.Scheduler.SignatureScheduler - Fin traitement signatures
2026-04-23 09:49:00.007 [scheduling-1] INFO  c.e.s.Scheduler.SignatureScheduler - Début traitement automatique des signatures...
2026-04-23 09:49:00.511 [scheduling-1] INFO  c.e.s.Scheduler.SignatureScheduler - Fin traitement signatures
2026-04-23 09:50:00.390 [scheduling-1] INFO  c.e.s.Scheduler.SignatureScheduler - Début traitement automatique des signatures...
2026-04-23 09:50:00.906 [scheduling-1] INFO  c.e.s.Scheduler.SignatureScheduler - Fin traitement signatures
2026-04-23 09:51:00.000 [scheduling-1] INFO  c.e.s.Scheduler.SignatureScheduler - Début traitement automatique des signatures...
2026-04-23 09:51:05.621 [scheduling-1] INFO  c.e.s.Scheduler.SignatureScheduler - Fin traitement signatures
2026-04-23 09:52:00.007 [scheduling-1] INFO  c.e.s.Scheduler.SignatureScheduler - Début traitement automatique des signatures...
2026-04-23 09:52:02.194 [scheduling-1] INFO  c.e.s.Scheduler.SignatureScheduler - Fin traitement signatures
2026-04-23 09:53:01.611 [scheduling-1] INFO  c.e.s.Scheduler.SignatureScheduler - Début traitement automatique des signatures...
2026-04-23 09:53:03.549 [scheduling-1] INFO  c.e.s.Scheduler.SignatureScheduler - Fin traitement signatures
2026-04-23 09:54:00.009 [scheduling-1] INFO  c.e.s.Scheduler.SignatureScheduler - Début traitement automatique des signatures...
2026-04-23 09:54:02.179 [scheduling-1] INFO  c.e.s.Scheduler.SignatureScheduler - Fin traitement signatures
2026-04-23 09:55:00.006 [scheduling-1] INFO  c.e.s.Scheduler.SignatureScheduler - Début traitement automatique des signatures...
2026-04-23 09:55:00.517 [scheduling-1] INFO  c.e.s.Scheduler.SignatureScheduler - Fin traitement signatures
2026-04-23 09:56:00.007 [scheduling-1] INFO  c.e.s.Scheduler.SignatureScheduler - Début traitement automatique des signatures...
2026-04-23 09:56:06.114 [scheduling-1] INFO  c.e.s.Scheduler.SignatureScheduler - Fin traitement signatures
2026-04-23 09:57:03.239 [scheduling-1] INFO  c.e.s.Scheduler.SignatureScheduler - Début traitement automatique des signatures...
2026-04-23 09:57:05.117 [scheduling-1] INFO  c.e.s.Scheduler.SignatureScheduler - Fin traitement signatures
2026-04-23 09:58:00.002 [scheduling-1] INFO  c.e.s.Scheduler.SignatureScheduler - Début traitement automatique des signatures...
2026-04-23 09:58:02.860 [scheduling-1] INFO  c.e.s.Scheduler.SignatureScheduler - Fin traitement signatures
2026-04-23 09:59:00.009 [scheduling-1] INFO  c.e.s.Scheduler.SignatureScheduler - Début traitement automatique des signatures...
2026-04-23 09:59:05.689 [scheduling-1] INFO  c.e.s.Scheduler.SignatureScheduler - Fin traitement signatures
2026-04-23 10:00:00.001 [scheduling-1] INFO  c.e.s.Scheduler.SignatureScheduler - Début traitement automatique des signatures...
2026-04-23 10:00:05.095 [scheduling-1] INFO  c.e.s.Scheduler.SignatureScheduler - Fin traitement signatures
2026-04-23 10:01:00.008 [scheduling-1] INFO  c.e.s.Scheduler.SignatureScheduler - Début traitement automatique des signatures...
2026-04-23 10:01:02.945 [scheduling-1] INFO  c.e.s.Scheduler.SignatureScheduler - Fin traitement signatures
2026-04-23 10:02:03.903 [scheduling-1] INFO  c.e.s.Scheduler.SignatureScheduler - Début traitement automatique des signatures...
2026-04-23 10:02:08.856 [scheduling-1] INFO  c.e.s.Scheduler.SignatureScheduler - Fin traitement signatures
2026-04-23 10:03:00.004 [scheduling-1] INFO  c.e.s.Scheduler.SignatureScheduler - Début traitement automatique des signatures...
2026-04-23 10:03:01.984 [scheduling-1] INFO  c.e.s.Scheduler.SignatureScheduler - Fin traitement signatures
2026-04-23 10:04:00.011 [scheduling-1] INFO  c.e.s.Scheduler.SignatureScheduler - Début traitement automatique des signatures...
2026-04-23 10:04:02.384 [scheduling-1] INFO  c.e.s.Scheduler.SignatureScheduler - Fin traitement signatures
2026-04-23 10:05:01.448 [scheduling-1] INFO  c.e.s.Scheduler.SignatureScheduler - Début traitement automatique des signatures...
2026-04-23 10:05:03.341 [scheduling-1] INFO  c.e.s.Scheduler.SignatureScheduler - Fin traitement signatures
2026-04-23 10:06:02.392 [scheduling-1] INFO  c.e.s.Scheduler.SignatureScheduler - Début traitement automatique des signatures...
2026-04-23 10:06:04.148 [scheduling-1] INFO  c.e.s.Scheduler.SignatureScheduler - Fin traitement signatures
2026-04-23 10:07:00.011 [scheduling-1] INFO  c.e.s.Scheduler.SignatureScheduler - Début traitement automatique des signatures...
2026-04-23 10:07:01.003 [scheduling-1] INFO  c.e.s.Scheduler.SignatureScheduler - Fin traitement signatures
2026-04-23 10:07:58.796 [SpringApplicationShutdownHook] INFO  o.s.o.j.LocalContainerEntityManagerFactoryBean - Closing JPA EntityManagerFactory for persistence unit 'default'
2026-04-23 10:07:58.806 [SpringApplicationShutdownHook] INFO  com.zaxxer.hikari.HikariDataSource - HikariPool-1 - Shutdown initiated...
2026-04-23 10:08:01.113 [SpringApplicationShutdownHook] INFO  com.zaxxer.hikari.HikariDataSource - HikariPool-1 - Shutdown completed.
2026-04-23 10:08:05.762 [background-preinit] INFO  o.h.validator.internal.util.Version - HV000001: Hibernate Validator 8.0.1.Final
2026-04-23 10:08:05.843 [main] INFO  c.e.signature.SignatureApplication - Starting SignatureApplication using Java 17.0.16 with PID 19672 (C:\Users\LENOVO\Desktop\MES projets\Projet Signature\xml-signature-springboot-complete\target\classes started by LENOVO in C:\Users\LENOVO\Desktop\MES projets\Projet Signature\xml-signature-springboot-complete)
2026-04-23 10:08:05.844 [main] INFO  c.e.signature.SignatureApplication - No active profile set, falling back to 1 default profile: "default"
2026-04-23 10:08:07.094 [main] INFO  o.s.d.r.c.RepositoryConfigurationDelegate - Bootstrapping Spring Data JPA repositories in DEFAULT mode.
2026-04-23 10:08:07.178 [main] INFO  o.s.d.r.c.RepositoryConfigurationDelegate - Finished Spring Data repository scanning in 75 ms. Found 3 JPA repository interfaces.
2026-04-23 10:08:09.381 [main] INFO  o.s.b.w.e.tomcat.TomcatWebServer - Tomcat initialized with port 8075 (http)
2026-04-23 10:08:09.407 [main] INFO  o.a.coyote.http11.Http11NioProtocol - Initializing ProtocolHandler ["http-nio-8075"]
2026-04-23 10:08:09.414 [main] INFO  o.a.catalina.core.StandardService - Starting service [Tomcat]
2026-04-23 10:08:09.415 [main] INFO  o.a.catalina.core.StandardEngine - Starting Servlet engine: [Apache Tomcat/10.1.20]
2026-04-23 10:08:09.619 [main] INFO  o.a.c.c.C.[Tomcat].[localhost].[/] - Initializing Spring embedded WebApplicationContext
2026-04-23 10:08:09.622 [main] INFO  o.s.b.w.s.c.ServletWebServerApplicationContext - Root WebApplicationContext: initialization completed in 3685 ms
2026-04-23 10:08:10.796 [main] INFO  o.h.jpa.internal.util.LogHelper - HHH000204: Processing PersistenceUnitInfo [name: default]
2026-04-23 10:08:10.960 [main] INFO  org.hibernate.Version - HHH000412: Hibernate ORM core version 6.4.4.Final
2026-04-23 10:08:11.080 [main] INFO  o.h.c.i.RegionFactoryInitiator - HHH000026: Second-level cache disabled
2026-04-23 10:08:14.493 [main] INFO  o.s.o.j.p.SpringPersistenceUnitInfo - No LoadTimeWeaver setup: ignoring JPA class transformer
2026-04-23 10:08:14.557 [main] INFO  com.zaxxer.hikari.HikariDataSource - HikariPool-1 - Starting...
2026-04-23 10:08:19.227 [main] INFO  com.zaxxer.hikari.pool.HikariPool - HikariPool-1 - Added connection oracle.jdbc.driver.T4CConnection@32328dc4
2026-04-23 10:08:19.236 [main] INFO  com.zaxxer.hikari.HikariDataSource - HikariPool-1 - Start completed.
2026-04-23 10:08:24.673 [main] INFO  o.h.e.t.j.p.i.JtaPlatformInitiator - HHH000489: No JTA platform available (set 'hibernate.transaction.jta.platform' to enable JTA platform integration)
2026-04-23 10:08:24.716 [main] INFO  o.s.o.j.LocalContainerEntityManagerFactoryBean - Initialized JPA EntityManagerFactory for persistence unit 'default'
2026-04-23 10:08:25.980 [main] INFO  o.s.d.j.r.query.QueryEnhancerFactory - Hibernate is in classpath; If applicable, HQL parser will be used.
2026-04-23 10:08:32.647 [main] INFO  o.a.coyote.http11.Http11NioProtocol - Starting ProtocolHandler ["http-nio-8075"]
2026-04-23 10:08:32.804 [main] INFO  o.s.b.w.e.tomcat.TomcatWebServer - Tomcat started on port 8075 (http) with context path ''
2026-04-23 10:08:33.028 [main] INFO  c.e.signature.SignatureApplication - Started SignatureApplication in 28.064 seconds (process running for 28.588)
2026-04-23 10:09:04.119 [scheduling-1] INFO  c.e.s.Scheduler.SignatureScheduler - Début traitement automatique des signatures...
2026-04-23 10:09:06.562 [scheduling-1] INFO  c.e.s.Scheduler.SignatureScheduler - Fin traitement signatures
2026-04-23 10:10:00.003 [scheduling-1] INFO  c.e.s.Scheduler.SignatureScheduler - Début traitement automatique des signatures...
2026-04-23 10:10:01.051 [scheduling-1] INFO  c.e.s.Scheduler.SignatureScheduler - Fin traitement signatures
2026-04-23 10:11:00.008 [scheduling-1] INFO  c.e.s.Scheduler.SignatureScheduler - Début traitement automatique des signatures...
2026-04-23 10:11:02.388 [scheduling-1] INFO  c.e.s.Scheduler.SignatureScheduler - Fin traitement signatures
2026-04-23 10:12:01.831 [scheduling-1] INFO  c.e.s.Scheduler.SignatureScheduler - Début traitement automatique des signatures...
2026-04-23 10:12:03.809 [scheduling-1] INFO  c.e.s.Scheduler.SignatureScheduler - Fin traitement signatures
2026-04-23 10:13:00.086 [scheduling-1] INFO  c.e.s.Scheduler.SignatureScheduler - Début traitement automatique des signatures...
2026-04-23 10:13:02.233 [scheduling-1] INFO  c.e.s.Scheduler.SignatureScheduler - Fin traitement signatures
2026-04-23 10:14:02.851 [scheduling-1] INFO  c.e.s.Scheduler.SignatureScheduler - Début traitement automatique des signatures...
2026-04-23 10:14:05.300 [scheduling-1] INFO  c.e.s.Scheduler.SignatureScheduler - Fin traitement signatures
2026-04-23 10:14:39.462 [SpringApplicationShutdownHook] INFO  o.s.o.j.LocalContainerEntityManagerFactoryBean - Closing JPA EntityManagerFactory for persistence unit 'default'
2026-04-23 10:14:39.464 [SpringApplicationShutdownHook] INFO  com.zaxxer.hikari.HikariDataSource - HikariPool-1 - Shutdown initiated...
2026-04-23 10:14:42.254 [SpringApplicationShutdownHook] INFO  com.zaxxer.hikari.HikariDataSource - HikariPool-1 - Shutdown completed.
2026-04-23 10:22:29.381 [background-preinit] INFO  o.h.validator.internal.util.Version - HV000001: Hibernate Validator 8.0.1.Final
2026-04-23 10:22:29.463 [main] INFO  c.e.signature.SignatureApplication - Starting SignatureApplication using Java 17.0.16 with PID 28880 (C:\Users\LENOVO\Desktop\MES projets\Projet Signature\xml-signature-springboot-complete\target\classes started by LENOVO in C:\Users\LENOVO\Desktop\MES projets\Projet Signature\xml-signature-springboot-complete)
2026-04-23 10:22:29.465 [main] INFO  c.e.signature.SignatureApplication - No active profile set, falling back to 1 default profile: "default"
2026-04-23 10:22:30.503 [main] INFO  o.s.d.r.c.RepositoryConfigurationDelegate - Bootstrapping Spring Data JPA repositories in DEFAULT mode.
2026-04-23 10:22:30.593 [main] INFO  o.s.d.r.c.RepositoryConfigurationDelegate - Finished Spring Data repository scanning in 79 ms. Found 3 JPA repository interfaces.
2026-04-23 10:22:31.542 [main] INFO  o.s.b.w.e.tomcat.TomcatWebServer - Tomcat initialized with port 8075 (http)
2026-04-23 10:22:31.559 [main] INFO  o.a.coyote.http11.Http11NioProtocol - Initializing ProtocolHandler ["http-nio-8075"]
2026-04-23 10:22:31.559 [main] INFO  o.a.catalina.core.StandardService - Starting service [Tomcat]
2026-04-23 10:22:31.559 [main] INFO  o.a.catalina.core.StandardEngine - Starting Servlet engine: [Apache Tomcat/10.1.20]
2026-04-23 10:22:31.656 [main] INFO  o.a.c.c.C.[Tomcat].[localhost].[/] - Initializing Spring embedded WebApplicationContext
2026-04-23 10:22:31.656 [main] INFO  o.s.b.w.s.c.ServletWebServerApplicationContext - Root WebApplicationContext: initialization completed in 2108 ms
2026-04-23 10:22:32.054 [main] INFO  o.h.jpa.internal.util.LogHelper - HHH000204: Processing PersistenceUnitInfo [name: default]
2026-04-23 10:22:32.143 [main] INFO  org.hibernate.Version - HHH000412: Hibernate ORM core version 6.4.4.Final
2026-04-23 10:22:32.177 [main] INFO  o.h.c.i.RegionFactoryInitiator - HHH000026: Second-level cache disabled
2026-04-23 10:22:33.268 [main] INFO  o.s.o.j.p.SpringPersistenceUnitInfo - No LoadTimeWeaver setup: ignoring JPA class transformer
2026-04-23 10:22:33.293 [main] INFO  com.zaxxer.hikari.HikariDataSource - HikariPool-1 - Starting...
2026-04-23 10:22:45.791 [main] INFO  com.zaxxer.hikari.pool.HikariPool - HikariPool-1 - Added connection oracle.jdbc.driver.T4CConnection@17df689e
2026-04-23 10:22:45.795 [main] INFO  com.zaxxer.hikari.HikariDataSource - HikariPool-1 - Start completed.
2026-04-23 10:22:47.333 [main] INFO  o.h.e.t.j.p.i.JtaPlatformInitiator - HHH000489: No JTA platform available (set 'hibernate.transaction.jta.platform' to enable JTA platform integration)
2026-04-23 10:22:47.337 [main] INFO  o.s.o.j.LocalContainerEntityManagerFactoryBean - Initialized JPA EntityManagerFactory for persistence unit 'default'
2026-04-23 10:22:47.855 [main] INFO  o.s.d.j.r.query.QueryEnhancerFactory - Hibernate is in classpath; If applicable, HQL parser will be used.
2026-04-23 10:22:49.818 [main] INFO  o.a.coyote.http11.Http11NioProtocol - Starting ProtocolHandler ["http-nio-8075"]
2026-04-23 10:22:49.874 [main] INFO  o.s.b.w.e.tomcat.TomcatWebServer - Tomcat started on port 8075 (http) with context path ''
2026-04-23 10:22:49.930 [main] INFO  c.e.signature.SignatureApplication - Started SignatureApplication in 21.106 seconds (process running for 21.558)
2026-04-23 10:23:00.618 [scheduling-1] INFO  c.e.s.Scheduler.SignatureScheduler - Début traitement automatique des signatures...
2026-04-23 10:23:00.872 [scheduling-1] ERROR c.e.s.Scheduler.SignatureScheduler - Erreur dans le scheduler signature
java.lang.IllegalStateException: Le répertoire TTN est introuvable : C:\weblogic\Oracle\Middleware\Oracle_Home\Appserv\domi_images\ttn\ttn
	at com.example.signature.service.ImailSignatureService.comparePendingSignatures(ImailSignatureService.java:67)
	at java.base/jdk.internal.reflect.NativeMethodAccessorImpl.invoke0(Native Method)
	at java.base/jdk.internal.reflect.NativeMethodAccessorImpl.invoke(NativeMethodAccessorImpl.java:77)
	at java.base/jdk.internal.reflect.DelegatingMethodAccessorImpl.invoke(DelegatingMethodAccessorImpl.java:43)
	at java.base/java.lang.reflect.Method.invoke(Method.java:568)
	at org.springframework.aop.support.AopUtils.invokeJoinpointUsingReflection(AopUtils.java:354)
	at org.springframework.aop.framework.ReflectiveMethodInvocation.invokeJoinpoint(ReflectiveMethodInvocation.java:196)
	at org.springframework.aop.framework.ReflectiveMethodInvocation.proceed(ReflectiveMethodInvocation.java:163)
	at org.springframework.aop.framework.CglibAopProxy$CglibMethodInvocation.proceed(CglibAopProxy.java:768)
	at org.springframework.transaction.interceptor.TransactionInterceptor$1.proceedWithInvocation(TransactionInterceptor.java:123)
	at org.springframework.transaction.interceptor.TransactionAspectSupport.invokeWithinTransaction(TransactionAspectSupport.java:392)
	at org.springframework.transaction.interceptor.TransactionInterceptor.invoke(TransactionInterceptor.java:119)
	at org.springframework.aop.framework.ReflectiveMethodInvocation.proceed(ReflectiveMethodInvocation.java:184)
	at org.springframework.aop.framework.CglibAopProxy$CglibMethodInvocation.proceed(CglibAopProxy.java:768)
	at org.springframework.aop.framework.CglibAopProxy$DynamicAdvisedInterceptor.intercept(CglibAopProxy.java:720)
	at com.example.signature.service.ImailSignatureService$$SpringCGLIB$$0.comparePendingSignatures(<generated>)
	at com.example.signature.Scheduler.SignatureScheduler.runSignatureCheck(SignatureScheduler.java:28)
	at java.base/jdk.internal.reflect.NativeMethodAccessorImpl.invoke0(Native Method)
	at java.base/jdk.internal.reflect.NativeMethodAccessorImpl.invoke(NativeMethodAccessorImpl.java:77)
	at java.base/jdk.internal.reflect.DelegatingMethodAccessorImpl.invoke(DelegatingMethodAccessorImpl.java:43)
	at java.base/java.lang.reflect.Method.invoke(Method.java:568)
	at org.springframework.scheduling.support.ScheduledMethodRunnable.runInternal(ScheduledMethodRunnable.java:130)
	at org.springframework.scheduling.support.ScheduledMethodRunnable.lambda$run$2(ScheduledMethodRunnable.java:124)
	at io.micrometer.observation.Observation.observe(Observation.java:499)
	at org.springframework.scheduling.support.ScheduledMethodRunnable.run(ScheduledMethodRunnable.java:124)
	at org.springframework.scheduling.support.DelegatingErrorHandlingRunnable.run(DelegatingErrorHandlingRunnable.java:54)
	at org.springframework.scheduling.concurrent.ReschedulingRunnable.run(ReschedulingRunnable.java:96)
	at java.base/java.util.concurrent.Executors$RunnableAdapter.call(Executors.java:539)
	at java.base/java.util.concurrent.FutureTask.run(FutureTask.java:264)
	at java.base/java.util.concurrent.ScheduledThreadPoolExecutor$ScheduledFutureTask.run(ScheduledThreadPoolExecutor.java:304)
	at java.base/java.util.concurrent.ThreadPoolExecutor.runWorker(ThreadPoolExecutor.java:1136)
	at java.base/java.util.concurrent.ThreadPoolExecutor$Worker.run(ThreadPoolExecutor.java:635)
	at java.base/java.lang.Thread.run(Thread.java:842)
2026-04-23 10:23:24.806 [SpringApplicationShutdownHook] INFO  o.s.o.j.LocalContainerEntityManagerFactoryBean - Closing JPA EntityManagerFactory for persistence unit 'default'
2026-04-23 10:23:24.810 [SpringApplicationShutdownHook] INFO  com.zaxxer.hikari.HikariDataSource - HikariPool-1 - Shutdown initiated...
2026-04-23 10:23:25.488 [SpringApplicationShutdownHook] INFO  com.zaxxer.hikari.HikariDataSource - HikariPool-1 - Shutdown completed.
2026-04-23 10:23:28.960 [background-preinit] INFO  o.h.validator.internal.util.Version - HV000001: Hibernate Validator 8.0.1.Final
2026-04-23 10:23:29.025 [main] INFO  c.e.signature.SignatureApplication - Starting SignatureApplication using Java 17.0.16 with PID 17328 (C:\Users\LENOVO\Desktop\MES projets\Projet Signature\xml-signature-springboot-complete\target\classes started by LENOVO in C:\Users\LENOVO\Desktop\MES projets\Projet Signature\xml-signature-springboot-complete)
2026-04-23 10:23:29.025 [main] INFO  c.e.signature.SignatureApplication - No active profile set, falling back to 1 default profile: "default"
2026-04-23 10:23:29.987 [main] INFO  o.s.d.r.c.RepositoryConfigurationDelegate - Bootstrapping Spring Data JPA repositories in DEFAULT mode.
2026-04-23 10:23:30.076 [main] INFO  o.s.d.r.c.RepositoryConfigurationDelegate - Finished Spring Data repository scanning in 72 ms. Found 3 JPA repository interfaces.
2026-04-23 10:23:31.015 [main] INFO  o.s.b.w.e.tomcat.TomcatWebServer - Tomcat initialized with port 8075 (http)
2026-04-23 10:23:31.021 [main] INFO  o.a.coyote.http11.Http11NioProtocol - Initializing ProtocolHandler ["http-nio-8075"]
2026-04-23 10:23:31.021 [main] INFO  o.a.catalina.core.StandardService - Starting service [Tomcat]
2026-04-23 10:23:31.021 [main] INFO  o.a.catalina.core.StandardEngine - Starting Servlet engine: [Apache Tomcat/10.1.20]
2026-04-23 10:23:31.079 [main] INFO  o.a.c.c.C.[Tomcat].[localhost].[/] - Initializing Spring embedded WebApplicationContext
2026-04-23 10:23:31.088 [main] INFO  o.s.b.w.s.c.ServletWebServerApplicationContext - Root WebApplicationContext: initialization completed in 1997 ms
2026-04-23 10:23:31.611 [main] INFO  o.h.jpa.internal.util.LogHelper - HHH000204: Processing PersistenceUnitInfo [name: default]
2026-04-23 10:23:31.790 [main] INFO  org.hibernate.Version - HHH000412: Hibernate ORM core version 6.4.4.Final
2026-04-23 10:23:31.837 [main] INFO  o.h.c.i.RegionFactoryInitiator - HHH000026: Second-level cache disabled
2026-04-23 10:23:33.049 [main] INFO  o.s.o.j.p.SpringPersistenceUnitInfo - No LoadTimeWeaver setup: ignoring JPA class transformer
2026-04-23 10:23:33.066 [main] INFO  com.zaxxer.hikari.HikariDataSource - HikariPool-1 - Starting...
2026-04-23 10:23:34.021 [main] INFO  com.zaxxer.hikari.pool.HikariPool - HikariPool-1 - Added connection oracle.jdbc.driver.T4CConnection@4b9f7edc
2026-04-23 10:23:34.025 [main] INFO  com.zaxxer.hikari.HikariDataSource - HikariPool-1 - Start completed.
2026-04-23 10:23:35.455 [main] INFO  o.h.e.t.j.p.i.JtaPlatformInitiator - HHH000489: No JTA platform available (set 'hibernate.transaction.jta.platform' to enable JTA platform integration)
2026-04-23 10:23:35.478 [main] INFO  o.s.o.j.LocalContainerEntityManagerFactoryBean - Initialized JPA EntityManagerFactory for persistence unit 'default'
2026-04-23 10:23:35.862 [main] INFO  o.s.d.j.r.query.QueryEnhancerFactory - Hibernate is in classpath; If applicable, HQL parser will be used.
2026-04-23 10:23:37.617 [main] INFO  o.a.coyote.http11.Http11NioProtocol - Starting ProtocolHandler ["http-nio-8075"]
2026-04-23 10:23:37.666 [main] INFO  o.s.b.w.e.tomcat.TomcatWebServer - Tomcat started on port 8075 (http) with context path ''
2026-04-23 10:23:37.693 [main] INFO  c.e.signature.SignatureApplication - Started SignatureApplication in 9.199 seconds (process running for 9.68)
2026-04-23 10:24:00.733 [scheduling-1] INFO  c.e.s.Scheduler.SignatureScheduler - Début traitement automatique des signatures...
2026-04-23 10:24:01.625 [scheduling-1] INFO  c.e.s.Scheduler.SignatureScheduler - Fin traitement signatures
2026-04-23 10:25:00.426 [scheduling-1] INFO  c.e.s.Scheduler.SignatureScheduler - Début traitement automatique des signatures...
2026-04-23 10:25:00.954 [scheduling-1] INFO  c.e.s.Scheduler.SignatureScheduler - Fin traitement signatures
2026-04-23 10:26:00.001 [scheduling-1] INFO  c.e.s.Scheduler.SignatureScheduler - Début traitement automatique des signatures...
2026-04-23 10:26:00.555 [scheduling-1] INFO  c.e.s.Scheduler.SignatureScheduler - Fin traitement signatures
2026-04-23 10:27:00.764 [scheduling-1] INFO  c.e.s.Scheduler.SignatureScheduler - Début traitement automatique des signatures...
2026-04-23 10:27:01.289 [scheduling-1] INFO  c.e.s.Scheduler.SignatureScheduler - Fin traitement signatures
2026-04-23 10:28:00.005 [scheduling-1] INFO  c.e.s.Scheduler.SignatureScheduler - Début traitement automatique des signatures...
2026-04-23 10:28:00.575 [scheduling-1] INFO  c.e.s.Scheduler.SignatureScheduler - Fin traitement signatures
2026-04-23 10:29:00.007 [scheduling-1] INFO  c.e.s.Scheduler.SignatureScheduler - Début traitement automatique des signatures...
2026-04-23 10:29:01.811 [scheduling-1] INFO  c.e.s.Scheduler.SignatureScheduler - Fin traitement signatures
2026-04-23 10:30:00.011 [scheduling-1] INFO  c.e.s.Scheduler.SignatureScheduler - Début traitement automatique des signatures...
2026-04-23 10:30:00.544 [scheduling-1] INFO  c.e.s.Scheduler.SignatureScheduler - Fin traitement signatures
2026-04-23 10:31:00.013 [scheduling-1] INFO  c.e.s.Scheduler.SignatureScheduler - Début traitement automatique des signatures...
2026-04-23 10:31:00.564 [scheduling-1] INFO  c.e.s.Scheduler.SignatureScheduler - Fin traitement signatures
2026-04-23 10:32:00.014 [scheduling-1] INFO  c.e.s.Scheduler.SignatureScheduler - Début traitement automatique des signatures...
2026-04-23 10:32:00.570 [scheduling-1] INFO  c.e.s.Scheduler.SignatureScheduler - Fin traitement signatures
2026-04-23 10:33:00.003 [scheduling-1] INFO  c.e.s.Scheduler.SignatureScheduler - Début traitement automatique des signatures...
2026-04-23 10:33:00.557 [scheduling-1] INFO  c.e.s.Scheduler.SignatureScheduler - Fin traitement signatures
2026-04-23 10:34:05.009 [scheduling-1] WARN  com.zaxxer.hikari.pool.PoolBase - HikariPool-1 - Failed to validate connection oracle.jdbc.driver.T4CConnection@4b9f7edc (Connexion interrompue). Possibly consider using a shorter maxLifetime value.
2026-04-23 10:34:10.048 [scheduling-1] WARN  com.zaxxer.hikari.pool.PoolBase - HikariPool-1 - Failed to validate connection oracle.jdbc.driver.T4CConnection@41d202bd (Erreur d'E/S: Invalid Operation, NOT Connected). Possibly consider using a shorter maxLifetime value.
2026-04-23 10:34:11.618 [scheduling-1] INFO  c.e.s.Scheduler.SignatureScheduler - Début traitement automatique des signatures...
2026-04-23 10:34:12.114 [scheduling-1] INFO  c.e.s.Scheduler.SignatureScheduler - Fin traitement signatures
2026-04-23 10:35:00.273 [scheduling-1] INFO  c.e.s.Scheduler.SignatureScheduler - Début traitement automatique des signatures...
2026-04-23 10:35:01.097 [scheduling-1] INFO  c.e.s.Scheduler.SignatureScheduler - Fin traitement signatures
2026-04-23 10:36:00.452 [scheduling-1] INFO  c.e.s.Scheduler.SignatureScheduler - Début traitement automatique des signatures...
2026-04-23 10:36:00.987 [scheduling-1] INFO  c.e.s.Scheduler.SignatureScheduler - Fin traitement signatures
2026-04-23 10:37:00.424 [scheduling-1] INFO  c.e.s.Scheduler.SignatureScheduler - Début traitement automatique des signatures...
2026-04-23 10:37:00.907 [scheduling-1] INFO  c.e.s.Scheduler.SignatureScheduler - Fin traitement signatures
2026-04-23 10:38:00.394 [scheduling-1] INFO  c.e.s.Scheduler.SignatureScheduler - Début traitement automatique des signatures...
2026-04-23 10:38:00.845 [scheduling-1] INFO  c.e.s.Scheduler.SignatureScheduler - Fin traitement signatures
2026-04-23 10:39:00.010 [scheduling-1] INFO  c.e.s.Scheduler.SignatureScheduler - Début traitement automatique des signatures...
2026-04-23 10:39:00.543 [scheduling-1] INFO  c.e.s.Scheduler.SignatureScheduler - Fin traitement signatures
2026-04-23 10:40:00.910 [scheduling-1] INFO  c.e.s.Scheduler.SignatureScheduler - Début traitement automatique des signatures...
2026-04-23 10:40:01.553 [scheduling-1] INFO  c.e.s.Scheduler.SignatureScheduler - Fin traitement signatures
2026-04-23 10:41:00.714 [scheduling-1] INFO  c.e.s.Scheduler.SignatureScheduler - Début traitement automatique des signatures...
2026-04-23 10:41:01.178 [scheduling-1] INFO  c.e.s.Scheduler.SignatureScheduler - Fin traitement signatures
2026-04-23 10:41:59.999 [scheduling-1] INFO  c.e.s.Scheduler.SignatureScheduler - Début traitement automatique des signatures...
2026-04-23 10:42:00.507 [scheduling-1] INFO  c.e.s.Scheduler.SignatureScheduler - Fin traitement signatures
2026-04-23 10:43:00.017 [scheduling-1] INFO  c.e.s.Scheduler.SignatureScheduler - Début traitement automatique des signatures...
2026-04-23 10:43:00.594 [scheduling-1] INFO  c.e.s.Scheduler.SignatureScheduler - Fin traitement signatures
2026-04-23 10:44:00.409 [scheduling-1] INFO  c.e.s.Scheduler.SignatureScheduler - Début traitement automatique des signatures...
2026-04-23 10:44:00.911 [scheduling-1] INFO  c.e.s.Scheduler.SignatureScheduler - Fin traitement signatures
2026-04-23 10:45:00.023 [scheduling-1] INFO  c.e.s.Scheduler.SignatureScheduler - Début traitement automatique des signatures...
2026-04-23 10:45:00.979 [scheduling-1] INFO  c.e.s.Scheduler.SignatureScheduler - Fin traitement signatures
2026-04-23 10:46:00.012 [scheduling-1] INFO  c.e.s.Scheduler.SignatureScheduler - Début traitement automatique des signatures...
2026-04-23 10:46:00.662 [scheduling-1] INFO  c.e.s.Scheduler.SignatureScheduler - Fin traitement signatures
2026-04-23 10:47:00.411 [scheduling-1] INFO  c.e.s.Scheduler.SignatureScheduler - Début traitement automatique des signatures...
2026-04-23 10:47:00.942 [scheduling-1] INFO  c.e.s.Scheduler.SignatureScheduler - Fin traitement signatures
2026-04-23 10:48:00.435 [scheduling-1] INFO  c.e.s.Scheduler.SignatureScheduler - Début traitement automatique des signatures...
2026-04-23 10:48:00.971 [scheduling-1] INFO  c.e.s.Scheduler.SignatureScheduler - Fin traitement signatures
2026-04-23 10:49:00.013 [scheduling-1] INFO  c.e.s.Scheduler.SignatureScheduler - Début traitement automatique des signatures...
2026-04-23 10:49:00.840 [scheduling-1] INFO  c.e.s.Scheduler.SignatureScheduler - Fin traitement signatures
2026-04-23 10:50:00.528 [scheduling-1] INFO  c.e.s.Scheduler.SignatureScheduler - Début traitement automatique des signatures...
2026-04-23 10:50:01.055 [scheduling-1] INFO  c.e.s.Scheduler.SignatureScheduler - Fin traitement signatures
2026-04-23 10:51:00.011 [scheduling-1] INFO  c.e.s.Scheduler.SignatureScheduler - Début traitement automatique des signatures...
2026-04-23 10:51:00.572 [scheduling-1] INFO  c.e.s.Scheduler.SignatureScheduler - Fin traitement signatures
2026-04-23 10:52:00.820 [scheduling-1] INFO  c.e.s.Scheduler.SignatureScheduler - Début traitement automatique des signatures...
2026-04-23 10:52:01.392 [scheduling-1] INFO  c.e.s.Scheduler.SignatureScheduler - Fin traitement signatures
2026-04-23 10:53:00.429 [scheduling-1] INFO  c.e.s.Scheduler.SignatureScheduler - Début traitement automatique des signatures...
2026-04-23 10:53:01.004 [scheduling-1] INFO  c.e.s.Scheduler.SignatureScheduler - Fin traitement signatures
2026-04-23 10:54:00.013 [scheduling-1] INFO  c.e.s.Scheduler.SignatureScheduler - Début traitement automatique des signatures...
2026-04-23 10:54:00.581 [scheduling-1] INFO  c.e.s.Scheduler.SignatureScheduler - Fin traitement signatures
2026-04-23 10:55:00.421 [scheduling-1] INFO  c.e.s.Scheduler.SignatureScheduler - Début traitement automatique des signatures...
2026-04-23 10:55:01.041 [scheduling-1] INFO  c.e.s.Scheduler.SignatureScheduler - Fin traitement signatures
2026-04-23 10:56:00.006 [scheduling-1] INFO  c.e.s.Scheduler.SignatureScheduler - Début traitement automatique des signatures...
2026-04-23 10:56:00.548 [scheduling-1] INFO  c.e.s.Scheduler.SignatureScheduler - Fin traitement signatures
2026-04-23 10:57:00.412 [scheduling-1] INFO  c.e.s.Scheduler.SignatureScheduler - Début traitement automatique des signatures...
2026-04-23 10:57:00.879 [scheduling-1] INFO  c.e.s.Scheduler.SignatureScheduler - Fin traitement signatures
2026-04-23 10:58:00.703 [scheduling-1] INFO  c.e.s.Scheduler.SignatureScheduler - Début traitement automatique des signatures...
2026-04-23 10:58:01.223 [scheduling-1] INFO  c.e.s.Scheduler.SignatureScheduler - Fin traitement signatures
2026-04-23 10:59:00.412 [scheduling-1] INFO  c.e.s.Scheduler.SignatureScheduler - Début traitement automatique des signatures...
2026-04-23 10:59:00.912 [scheduling-1] INFO  c.e.s.Scheduler.SignatureScheduler - Fin traitement signatures
2026-04-23 11:00:00.016 [scheduling-1] INFO  c.e.s.Scheduler.SignatureScheduler - Début traitement automatique des signatures...
2026-04-23 11:00:00.870 [scheduling-1] INFO  c.e.s.Scheduler.SignatureScheduler - Fin traitement signatures
2026-04-23 11:01:00.423 [scheduling-1] INFO  c.e.s.Scheduler.SignatureScheduler - Début traitement automatique des signatures...
2026-04-23 11:01:00.950 [scheduling-1] INFO  c.e.s.Scheduler.SignatureScheduler - Fin traitement signatures
2026-04-23 11:02:00.006 [scheduling-1] INFO  c.e.s.Scheduler.SignatureScheduler - Début traitement automatique des signatures...
2026-04-23 11:02:00.593 [scheduling-1] INFO  c.e.s.Scheduler.SignatureScheduler - Fin traitement signatures
2026-04-23 11:03:00.432 [scheduling-1] INFO  c.e.s.Scheduler.SignatureScheduler - Début traitement automatique des signatures...
2026-04-23 11:03:00.920 [scheduling-1] INFO  c.e.s.Scheduler.SignatureScheduler - Fin traitement signatures
2026-04-23 11:04:01.040 [scheduling-1] INFO  c.e.s.Scheduler.SignatureScheduler - Début traitement automatique des signatures...
2026-04-23 11:04:01.507 [scheduling-1] INFO  c.e.s.Scheduler.SignatureScheduler - Fin traitement signatures
2026-04-23 11:05:00.005 [scheduling-1] INFO  c.e.s.Scheduler.SignatureScheduler - Début traitement automatique des signatures...
2026-04-23 11:05:00.569 [scheduling-1] INFO  c.e.s.Scheduler.SignatureScheduler - Fin traitement signatures
2026-04-23 11:06:00.014 [scheduling-1] INFO  c.e.s.Scheduler.SignatureScheduler - Début traitement automatique des signatures...
2026-04-23 11:06:00.862 [scheduling-1] INFO  c.e.s.Scheduler.SignatureScheduler - Fin traitement signatures
2026-04-23 11:07:00.016 [scheduling-1] INFO  c.e.s.Scheduler.SignatureScheduler - Début traitement automatique des signatures...
2026-04-23 11:07:00.574 [scheduling-1] INFO  c.e.s.Scheduler.SignatureScheduler - Fin traitement signatures
2026-04-23 11:08:00.512 [scheduling-1] INFO  c.e.s.Scheduler.SignatureScheduler - Début traitement automatique des signatures...
2026-04-23 11:08:01.100 [scheduling-1] INFO  c.e.s.Scheduler.SignatureScheduler - Fin traitement signatures
2026-04-23 11:09:00.438 [scheduling-1] INFO  c.e.s.Scheduler.SignatureScheduler - Début traitement automatique des signatures...
2026-04-23 11:09:00.968 [scheduling-1] INFO  c.e.s.Scheduler.SignatureScheduler - Fin traitement signatures
2026-04-23 11:10:00.425 [scheduling-1] INFO  c.e.s.Scheduler.SignatureScheduler - Début traitement automatique des signatures...
2026-04-23 11:10:00.946 [scheduling-1] INFO  c.e.s.Scheduler.SignatureScheduler - Fin traitement signatures
2026-04-23 11:11:00.008 [scheduling-1] INFO  c.e.s.Scheduler.SignatureScheduler - Début traitement automatique des signatures...
2026-04-23 11:11:00.585 [scheduling-1] INFO  c.e.s.Scheduler.SignatureScheduler - Fin traitement signatures
2026-04-23 11:12:00.440 [scheduling-1] INFO  c.e.s.Scheduler.SignatureScheduler - Début traitement automatique des signatures...
2026-04-23 11:12:00.925 [scheduling-1] INFO  c.e.s.Scheduler.SignatureScheduler - Fin traitement signatures
2026-04-23 11:13:00.405 [scheduling-1] INFO  c.e.s.Scheduler.SignatureScheduler - Début traitement automatique des signatures...
2026-04-23 11:13:00.950 [scheduling-1] INFO  c.e.s.Scheduler.SignatureScheduler - Fin traitement signatures
2026-04-23 11:14:00.006 [scheduling-1] INFO  c.e.s.Scheduler.SignatureScheduler - Début traitement automatique des signatures...
2026-04-23 11:14:00.929 [scheduling-1] INFO  c.e.s.Scheduler.SignatureScheduler - Fin traitement signatures
2026-04-23 11:15:00.001 [scheduling-1] INFO  c.e.s.Scheduler.SignatureScheduler - Début traitement automatique des signatures...
2026-04-23 11:15:00.552 [scheduling-1] INFO  c.e.s.Scheduler.SignatureScheduler - Fin traitement signatures
2026-04-23 11:16:00.432 [scheduling-1] INFO  c.e.s.Scheduler.SignatureScheduler - Début traitement automatique des signatures...
2026-04-23 11:16:00.905 [scheduling-1] INFO  c.e.s.Scheduler.SignatureScheduler - Fin traitement signatures
2026-04-23 11:17:00.008 [scheduling-1] INFO  c.e.s.Scheduler.SignatureScheduler - Début traitement automatique des signatures...
2026-04-23 11:17:00.580 [scheduling-1] INFO  c.e.s.Scheduler.SignatureScheduler - Fin traitement signatures
2026-04-23 11:18:00.513 [scheduling-1] INFO  c.e.s.Scheduler.SignatureScheduler - Début traitement automatique des signatures...
2026-04-23 11:18:00.999 [scheduling-1] INFO  c.e.s.Scheduler.SignatureScheduler - Fin traitement signatures
2026-04-23 11:19:00.008 [scheduling-1] INFO  c.e.s.Scheduler.SignatureScheduler - Début traitement automatique des signatures...
2026-04-23 11:19:00.555 [scheduling-1] INFO  c.e.s.Scheduler.SignatureScheduler - Fin traitement signatures
2026-04-23 11:20:00.001 [scheduling-1] INFO  c.e.s.Scheduler.SignatureScheduler - Début traitement automatique des signatures...
2026-04-23 11:20:00.545 [scheduling-1] INFO  c.e.s.Scheduler.SignatureScheduler - Fin traitement signatures
2026-04-23 11:21:00.015 [scheduling-1] INFO  c.e.s.Scheduler.SignatureScheduler - Début traitement automatique des signatures...
2026-04-23 11:21:00.554 [scheduling-1] INFO  c.e.s.Scheduler.SignatureScheduler - Fin traitement signatures
2026-04-23 11:22:00.709 [scheduling-1] INFO  c.e.s.Scheduler.SignatureScheduler - Début traitement automatique des signatures...
2026-04-23 11:22:01.179 [scheduling-1] INFO  c.e.s.Scheduler.SignatureScheduler - Fin traitement signatures
2026-04-23 11:23:00.003 [scheduling-1] INFO  c.e.s.Scheduler.SignatureScheduler - Début traitement automatique des signatures...
2026-04-23 11:23:05.194 [scheduling-1] WARN  com.zaxxer.hikari.pool.PoolBase - HikariPool-1 - Failed to validate connection oracle.jdbc.driver.T4CConnection@6ec472fc (Erreur d'E/S: Invalid Operation, NOT Connected). Possibly consider using a shorter maxLifetime value.
2026-04-23 11:23:06.283 [scheduling-1] INFO  c.e.s.Scheduler.SignatureScheduler - Fin traitement signatures
2026-04-23 11:24:00.528 [scheduling-1] INFO  c.e.s.Scheduler.SignatureScheduler - Début traitement automatique des signatures...
2026-04-23 11:24:01.006 [scheduling-1] INFO  c.e.s.Scheduler.SignatureScheduler - Fin traitement signatures
2026-04-23 11:25:00.005 [scheduling-1] INFO  c.e.s.Scheduler.SignatureScheduler - Début traitement automatique des signatures...
2026-04-23 11:25:00.548 [scheduling-1] INFO  c.e.s.Scheduler.SignatureScheduler - Fin traitement signatures
2026-04-23 11:26:00.710 [scheduling-1] INFO  c.e.s.Scheduler.SignatureScheduler - Début traitement automatique des signatures...
2026-04-23 11:26:01.314 [scheduling-1] INFO  c.e.s.Scheduler.SignatureScheduler - Fin traitement signatures
2026-04-23 11:27:00.402 [scheduling-1] INFO  c.e.s.Scheduler.SignatureScheduler - Début traitement automatique des signatures...
2026-04-23 11:27:00.927 [scheduling-1] INFO  c.e.s.Scheduler.SignatureScheduler - Fin traitement signatures
2026-04-23 11:28:00.007 [scheduling-1] INFO  c.e.s.Scheduler.SignatureScheduler - Début traitement automatique des signatures...
2026-04-23 11:28:01.177 [scheduling-1] INFO  c.e.s.Scheduler.SignatureScheduler - Fin traitement signatures
2026-04-23 11:29:00.482 [scheduling-1] INFO  c.e.s.Scheduler.SignatureScheduler - Début traitement automatique des signatures...
2026-04-23 11:29:00.953 [scheduling-1] INFO  c.e.s.Scheduler.SignatureScheduler - Fin traitement signatures
2026-04-23 11:30:00.412 [scheduling-1] INFO  c.e.s.Scheduler.SignatureScheduler - Début traitement automatique des signatures...
2026-04-23 11:30:00.870 [scheduling-1] INFO  c.e.s.Scheduler.SignatureScheduler - Fin traitement signatures
2026-04-23 11:31:00.418 [scheduling-1] INFO  c.e.s.Scheduler.SignatureScheduler - Début traitement automatique des signatures...
2026-04-23 11:31:01.016 [scheduling-1] INFO  c.e.s.Scheduler.SignatureScheduler - Fin traitement signatures
2026-04-23 11:32:00.000 [scheduling-1] INFO  c.e.s.Scheduler.SignatureScheduler - Début traitement automatique des signatures...
2026-04-23 11:32:00.561 [scheduling-1] INFO  c.e.s.Scheduler.SignatureScheduler - Fin traitement signatures
2026-04-23 11:33:00.007 [scheduling-1] INFO  c.e.s.Scheduler.SignatureScheduler - Début traitement automatique des signatures...
2026-04-23 11:33:01.633 [scheduling-1] INFO  c.e.s.Scheduler.SignatureScheduler - Fin traitement signatures
2026-04-23 11:34:00.481 [scheduling-1] INFO  c.e.s.Scheduler.SignatureScheduler - Début traitement automatique des signatures...
2026-04-23 11:34:00.960 [scheduling-1] INFO  c.e.s.Scheduler.SignatureScheduler - Fin traitement signatures
2026-04-23 11:35:01.113 [scheduling-1] INFO  c.e.s.Scheduler.SignatureScheduler - Début traitement automatique des signatures...
2026-04-23 11:35:01.915 [scheduling-1] INFO  c.e.s.Scheduler.SignatureScheduler - Fin traitement signatures
2026-04-23 11:36:00.006 [scheduling-1] INFO  c.e.s.Scheduler.SignatureScheduler - Début traitement automatique des signatures...
2026-04-23 11:36:00.549 [scheduling-1] INFO  c.e.s.Scheduler.SignatureScheduler - Fin traitement signatures
2026-04-23 11:37:00.426 [scheduling-1] INFO  c.e.s.Scheduler.SignatureScheduler - Début traitement automatique des signatures...
2026-04-23 11:37:00.893 [scheduling-1] INFO  c.e.s.Scheduler.SignatureScheduler - Fin traitement signatures
2026-04-23 11:38:00.766 [scheduling-1] INFO  c.e.s.Scheduler.SignatureScheduler - Début traitement automatique des signatures...
2026-04-23 11:38:01.745 [scheduling-1] INFO  c.e.s.Scheduler.SignatureScheduler - Fin traitement signatures
2026-04-23 11:39:01.493 [scheduling-1] INFO  c.e.s.Scheduler.SignatureScheduler - Début traitement automatique des signatures...
2026-04-23 11:39:03.603 [scheduling-1] INFO  c.e.s.Scheduler.SignatureScheduler - Fin traitement signatures
2026-04-23 11:39:49.604 [SpringApplicationShutdownHook] INFO  o.s.o.j.LocalContainerEntityManagerFactoryBean - Closing JPA EntityManagerFactory for persistence unit 'default'
2026-04-23 11:39:49.614 [SpringApplicationShutdownHook] INFO  com.zaxxer.hikari.HikariDataSource - HikariPool-1 - Shutdown initiated...
2026-04-23 11:39:50.271 [SpringApplicationShutdownHook] INFO  com.zaxxer.hikari.HikariDataSource - HikariPool-1 - Shutdown completed.
2026-04-23 11:39:55.971 [background-preinit] INFO  o.h.validator.internal.util.Version - HV000001: Hibernate Validator 8.0.1.Final
2026-04-23 11:39:56.045 [main] INFO  c.e.signature.SignatureApplication - Starting SignatureApplication using Java 17.0.16 with PID 9404 (C:\Users\LENOVO\Desktop\MES projets\Projet Signature\xml-signature-springboot-complete\target\classes started by LENOVO in C:\Users\LENOVO\Desktop\MES projets\Projet Signature\xml-signature-springboot-complete)
2026-04-23 11:39:56.045 [main] INFO  c.e.signature.SignatureApplication - No active profile set, falling back to 1 default profile: "default"
2026-04-23 11:39:57.029 [main] INFO  o.s.d.r.c.RepositoryConfigurationDelegate - Bootstrapping Spring Data JPA repositories in DEFAULT mode.
2026-04-23 11:39:57.138 [main] INFO  o.s.d.r.c.RepositoryConfigurationDelegate - Finished Spring Data repository scanning in 64 ms. Found 3 JPA repository interfaces.
2026-04-23 11:39:58.087 [main] INFO  o.s.b.w.e.tomcat.TomcatWebServer - Tomcat initialized with port 8075 (http)
2026-04-23 11:39:58.099 [main] INFO  o.a.coyote.http11.Http11NioProtocol - Initializing ProtocolHandler ["http-nio-8075"]
2026-04-23 11:39:58.104 [main] INFO  o.a.catalina.core.StandardService - Starting service [Tomcat]
2026-04-23 11:39:58.104 [main] INFO  o.a.catalina.core.StandardEngine - Starting Servlet engine: [Apache Tomcat/10.1.20]
2026-04-23 11:39:58.185 [main] INFO  o.a.c.c.C.[Tomcat].[localhost].[/] - Initializing Spring embedded WebApplicationContext
2026-04-23 11:39:58.185 [main] INFO  o.s.b.w.s.c.ServletWebServerApplicationContext - Root WebApplicationContext: initialization completed in 2053 ms
2026-04-23 11:39:58.545 [main] INFO  o.h.jpa.internal.util.LogHelper - HHH000204: Processing PersistenceUnitInfo [name: default]
2026-04-23 11:39:58.650 [main] INFO  org.hibernate.Version - HHH000412: Hibernate ORM core version 6.4.4.Final
2026-04-23 11:39:58.706 [main] INFO  o.h.c.i.RegionFactoryInitiator - HHH000026: Second-level cache disabled
2026-04-23 11:39:59.895 [main] INFO  o.s.o.j.p.SpringPersistenceUnitInfo - No LoadTimeWeaver setup: ignoring JPA class transformer
2026-04-23 11:39:59.917 [main] INFO  com.zaxxer.hikari.HikariDataSource - HikariPool-1 - Starting...
2026-04-23 11:40:01.197 [main] INFO  com.zaxxer.hikari.pool.HikariPool - HikariPool-1 - Added connection oracle.jdbc.driver.T4CConnection@21540255
2026-04-23 11:40:01.197 [main] INFO  com.zaxxer.hikari.HikariDataSource - HikariPool-1 - Start completed.
2026-04-23 11:40:02.738 [main] INFO  o.h.e.t.j.p.i.JtaPlatformInitiator - HHH000489: No JTA platform available (set 'hibernate.transaction.jta.platform' to enable JTA platform integration)
2026-04-23 11:40:02.740 [main] INFO  o.s.o.j.LocalContainerEntityManagerFactoryBean - Initialized JPA EntityManagerFactory for persistence unit 'default'
2026-04-23 11:40:03.162 [main] INFO  o.s.d.j.r.query.QueryEnhancerFactory - Hibernate is in classpath; If applicable, HQL parser will be used.
2026-04-23 11:40:05.485 [main] INFO  o.a.coyote.http11.Http11NioProtocol - Starting ProtocolHandler ["http-nio-8075"]
2026-04-23 11:40:05.739 [main] INFO  o.s.b.w.e.tomcat.TomcatWebServer - Tomcat started on port 8075 (http) with context path ''
2026-04-23 11:40:05.837 [main] INFO  c.e.signature.SignatureApplication - Started SignatureApplication in 10.402 seconds (process running for 10.881)
2026-04-23 11:41:00.136 [scheduling-1] INFO  c.e.s.Scheduler.SignatureScheduler - Début traitement automatique des signatures...
2026-04-23 11:41:01.002 [scheduling-1] INFO  c.e.s.Scheduler.SignatureScheduler - Fin traitement signatures
2026-04-23 11:42:00.001 [scheduling-1] INFO  c.e.s.Scheduler.SignatureScheduler - Début traitement automatique des signatures...
2026-04-23 11:42:00.520 [scheduling-1] INFO  c.e.s.Scheduler.SignatureScheduler - Fin traitement signatures
2026-04-23 11:42:41.540 [http-nio-8075-exec-4] INFO  o.a.c.c.C.[Tomcat].[localhost].[/] - Initializing Spring DispatcherServlet 'dispatcherServlet'
2026-04-23 11:42:41.540 [http-nio-8075-exec-4] INFO  o.s.web.servlet.DispatcherServlet - Initializing Servlet 'dispatcherServlet'
2026-04-23 11:42:41.544 [http-nio-8075-exec-4] INFO  o.s.web.servlet.DispatcherServlet - Completed initialization in 4 ms
2026-04-23 11:42:41.704 [http-nio-8075-exec-4] WARN  o.s.w.s.m.s.DefaultHandlerExceptionResolver - Resolved [org.springframework.web.bind.MissingServletRequestParameterException: Required request parameter 'numDos' for method parameter type String is not present]
2026-04-23 11:43:00.001 [scheduling-1] INFO  c.e.s.Scheduler.SignatureScheduler - Début traitement automatique des signatures...
2026-04-23 11:43:00.676 [scheduling-1] INFO  c.e.s.Scheduler.SignatureScheduler - Fin traitement signatures
2026-04-23 11:44:00.451 [scheduling-1] INFO  c.e.s.Scheduler.SignatureScheduler - Début traitement automatique des signatures...
2026-04-23 11:44:01.061 [scheduling-1] INFO  c.e.s.Scheduler.SignatureScheduler - Fin traitement signatures
2026-04-23 11:45:00.390 [scheduling-1] INFO  c.e.s.Scheduler.SignatureScheduler - Début traitement automatique des signatures...
2026-04-23 11:45:00.855 [scheduling-1] INFO  c.e.s.Scheduler.SignatureScheduler - Fin traitement signatures
2026-04-23 11:45:36.547 [SpringApplicationShutdownHook] INFO  o.s.o.j.LocalContainerEntityManagerFactoryBean - Closing JPA EntityManagerFactory for persistence unit 'default'
2026-04-23 11:45:36.552 [SpringApplicationShutdownHook] INFO  com.zaxxer.hikari.HikariDataSource - HikariPool-1 - Shutdown initiated...
2026-04-23 11:45:37.176 [SpringApplicationShutdownHook] INFO  com.zaxxer.hikari.HikariDataSource - HikariPool-1 - Shutdown completed.
2026-04-23 11:45:42.566 [background-preinit] INFO  o.h.validator.internal.util.Version - HV000001: Hibernate Validator 8.0.1.Final
2026-04-23 11:45:42.652 [main] INFO  c.e.signature.SignatureApplication - Starting SignatureApplication using Java 17.0.16 with PID 32740 (C:\Users\LENOVO\Desktop\MES projets\Projet Signature\xml-signature-springboot-complete\target\classes started by LENOVO in C:\Users\LENOVO\Desktop\MES projets\Projet Signature\xml-signature-springboot-complete)
2026-04-23 11:45:42.652 [main] INFO  c.e.signature.SignatureApplication - No active profile set, falling back to 1 default profile: "default"
2026-04-23 11:45:43.819 [main] INFO  o.s.d.r.c.RepositoryConfigurationDelegate - Bootstrapping Spring Data JPA repositories in DEFAULT mode.
2026-04-23 11:45:43.940 [main] INFO  o.s.d.r.c.RepositoryConfigurationDelegate - Finished Spring Data repository scanning in 107 ms. Found 3 JPA repository interfaces.
2026-04-23 11:45:44.969 [main] INFO  o.s.b.w.e.tomcat.TomcatWebServer - Tomcat initialized with port 8075 (http)
2026-04-23 11:45:44.977 [main] INFO  o.a.coyote.http11.Http11NioProtocol - Initializing ProtocolHandler ["http-nio-8075"]
2026-04-23 11:45:44.977 [main] INFO  o.a.catalina.core.StandardService - Starting service [Tomcat]
2026-04-23 11:45:44.977 [main] INFO  o.a.catalina.core.StandardEngine - Starting Servlet engine: [Apache Tomcat/10.1.20]
2026-04-23 11:45:45.085 [main] INFO  o.a.c.c.C.[Tomcat].[localhost].[/] - Initializing Spring embedded WebApplicationContext
2026-04-23 11:45:45.085 [main] INFO  o.s.b.w.s.c.ServletWebServerApplicationContext - Root WebApplicationContext: initialization completed in 2355 ms
2026-04-23 11:45:45.520 [main] INFO  o.h.jpa.internal.util.LogHelper - HHH000204: Processing PersistenceUnitInfo [name: default]
2026-04-23 11:45:45.618 [main] INFO  org.hibernate.Version - HHH000412: Hibernate ORM core version 6.4.4.Final
2026-04-23 11:45:45.655 [main] INFO  o.h.c.i.RegionFactoryInitiator - HHH000026: Second-level cache disabled
2026-04-23 11:45:46.953 [main] INFO  o.s.o.j.p.SpringPersistenceUnitInfo - No LoadTimeWeaver setup: ignoring JPA class transformer
2026-04-23 11:45:46.979 [main] INFO  com.zaxxer.hikari.HikariDataSource - HikariPool-1 - Starting...
2026-04-23 11:45:48.210 [main] INFO  com.zaxxer.hikari.pool.HikariPool - HikariPool-1 - Added connection oracle.jdbc.driver.T4CConnection@42b43a6
2026-04-23 11:45:48.214 [main] INFO  com.zaxxer.hikari.HikariDataSource - HikariPool-1 - Start completed.
2026-04-23 11:45:49.730 [main] INFO  o.h.e.t.j.p.i.JtaPlatformInitiator - HHH000489: No JTA platform available (set 'hibernate.transaction.jta.platform' to enable JTA platform integration)
2026-04-23 11:45:49.733 [main] INFO  o.s.o.j.LocalContainerEntityManagerFactoryBean - Initialized JPA EntityManagerFactory for persistence unit 'default'
2026-04-23 11:45:50.374 [main] INFO  o.s.d.j.r.query.QueryEnhancerFactory - Hibernate is in classpath; If applicable, HQL parser will be used.
2026-04-23 11:45:52.120 [main] INFO  o.a.coyote.http11.Http11NioProtocol - Starting ProtocolHandler ["http-nio-8075"]
2026-04-23 11:45:52.187 [main] INFO  o.s.b.w.e.tomcat.TomcatWebServer - Tomcat started on port 8075 (http) with context path ''
2026-04-23 11:45:52.224 [main] INFO  c.e.signature.SignatureApplication - Started SignatureApplication in 10.151 seconds (process running for 10.531)
2026-04-23 11:46:00.015 [scheduling-1] INFO  c.e.s.Scheduler.SignatureScheduler - Début traitement automatique des signatures...
2026-04-23 11:46:00.662 [scheduling-1] INFO  c.e.s.Scheduler.SignatureScheduler - Fin traitement signatures
2026-04-23 11:47:00.010 [scheduling-1] INFO  c.e.s.Scheduler.SignatureScheduler - Début traitement automatique des signatures...
2026-04-23 11:47:00.565 [scheduling-1] INFO  c.e.s.Scheduler.SignatureScheduler - Fin traitement signatures
2026-04-23 11:48:00.510 [scheduling-1] INFO  c.e.s.Scheduler.SignatureScheduler - Début traitement automatique des signatures...
2026-04-23 11:48:00.967 [scheduling-1] INFO  c.e.s.Scheduler.SignatureScheduler - Fin traitement signatures
2026-04-23 11:49:00.006 [scheduling-1] INFO  c.e.s.Scheduler.SignatureScheduler - Début traitement automatique des signatures...
2026-04-23 11:49:01.743 [scheduling-1] INFO  c.e.s.Scheduler.SignatureScheduler - Fin traitement signatures
2026-04-23 11:49:15.147 [http-nio-8075-exec-1] INFO  o.a.c.c.C.[Tomcat].[localhost].[/] - Initializing Spring DispatcherServlet 'dispatcherServlet'
2026-04-23 11:49:15.147 [http-nio-8075-exec-1] INFO  o.s.web.servlet.DispatcherServlet - Initializing Servlet 'dispatcherServlet'
2026-04-23 11:49:15.160 [http-nio-8075-exec-1] INFO  o.s.web.servlet.DispatcherServlet - Completed initialization in 4 ms
2026-04-23 11:50:00.401 [scheduling-1] INFO  c.e.s.Scheduler.SignatureScheduler - Début traitement automatique des signatures...
2026-04-23 11:50:01.478 [scheduling-1] INFO  c.e.s.Scheduler.SignatureScheduler - Fin traitement signatures
2026-04-23 11:50:40.782 [SpringApplicationShutdownHook] INFO  o.s.o.j.LocalContainerEntityManagerFactoryBean - Closing JPA EntityManagerFactory for persistence unit 'default'
2026-04-23 11:50:40.795 [SpringApplicationShutdownHook] INFO  com.zaxxer.hikari.HikariDataSource - HikariPool-1 - Shutdown initiated...
2026-04-23 11:50:41.508 [SpringApplicationShutdownHook] INFO  com.zaxxer.hikari.HikariDataSource - HikariPool-1 - Shutdown completed.
2026-04-23 11:50:45.061 [background-preinit] INFO  o.h.validator.internal.util.Version - HV000001: Hibernate Validator 8.0.1.Final
2026-04-23 11:50:45.128 [main] INFO  c.e.signature.SignatureApplication - Starting SignatureApplication using Java 17.0.16 with PID 22736 (C:\Users\LENOVO\Desktop\MES projets\Projet Signature\xml-signature-springboot-complete\target\classes started by LENOVO in C:\Users\LENOVO\Desktop\MES projets\Projet Signature\xml-signature-springboot-complete)
2026-04-23 11:50:45.128 [main] INFO  c.e.signature.SignatureApplication - No active profile set, falling back to 1 default profile: "default"
2026-04-23 11:50:46.114 [main] INFO  o.s.d.r.c.RepositoryConfigurationDelegate - Bootstrapping Spring Data JPA repositories in DEFAULT mode.
2026-04-23 11:50:46.212 [main] INFO  o.s.d.r.c.RepositoryConfigurationDelegate - Finished Spring Data repository scanning in 82 ms. Found 3 JPA repository interfaces.
2026-04-23 11:50:47.200 [main] INFO  o.s.b.w.e.tomcat.TomcatWebServer - Tomcat initialized with port 8075 (http)
2026-04-23 11:50:47.210 [main] INFO  o.a.coyote.http11.Http11NioProtocol - Initializing ProtocolHandler ["http-nio-8075"]
2026-04-23 11:50:47.213 [main] INFO  o.a.catalina.core.StandardService - Starting service [Tomcat]
2026-04-23 11:50:47.213 [main] INFO  o.a.catalina.core.StandardEngine - Starting Servlet engine: [Apache Tomcat/10.1.20]
2026-04-23 11:50:47.289 [main] INFO  o.a.c.c.C.[Tomcat].[localhost].[/] - Initializing Spring embedded WebApplicationContext
2026-04-23 11:50:47.289 [main] INFO  o.s.b.w.s.c.ServletWebServerApplicationContext - Root WebApplicationContext: initialization completed in 2093 ms
2026-04-23 11:50:47.734 [main] INFO  o.h.jpa.internal.util.LogHelper - HHH000204: Processing PersistenceUnitInfo [name: default]
2026-04-23 11:50:47.852 [main] INFO  org.hibernate.Version - HHH000412: Hibernate ORM core version 6.4.4.Final
2026-04-23 11:50:47.901 [main] INFO  o.h.c.i.RegionFactoryInitiator - HHH000026: Second-level cache disabled
2026-04-23 11:50:48.967 [main] INFO  o.s.o.j.p.SpringPersistenceUnitInfo - No LoadTimeWeaver setup: ignoring JPA class transformer
2026-04-23 11:50:48.983 [main] INFO  com.zaxxer.hikari.HikariDataSource - HikariPool-1 - Starting...
2026-04-23 11:50:50.103 [main] INFO  com.zaxxer.hikari.pool.HikariPool - HikariPool-1 - Added connection oracle.jdbc.driver.T4CConnection@11adab6d
2026-04-23 11:50:50.125 [main] INFO  com.zaxxer.hikari.HikariDataSource - HikariPool-1 - Start completed.
2026-04-23 11:50:51.583 [main] INFO  o.h.e.t.j.p.i.JtaPlatformInitiator - HHH000489: No JTA platform available (set 'hibernate.transaction.jta.platform' to enable JTA platform integration)
2026-04-23 11:50:51.585 [main] INFO  o.s.o.j.LocalContainerEntityManagerFactoryBean - Initialized JPA EntityManagerFactory for persistence unit 'default'
2026-04-23 11:50:52.002 [main] INFO  o.s.d.j.r.query.QueryEnhancerFactory - Hibernate is in classpath; If applicable, HQL parser will be used.
2026-04-23 11:50:53.986 [main] INFO  o.a.coyote.http11.Http11NioProtocol - Starting ProtocolHandler ["http-nio-8075"]
2026-04-23 11:50:54.063 [main] INFO  o.s.b.w.e.tomcat.TomcatWebServer - Tomcat started on port 8075 (http) with context path ''
2026-04-23 11:50:54.097 [main] INFO  c.e.signature.SignatureApplication - Started SignatureApplication in 9.53 seconds (process running for 9.989)
2026-04-23 11:51:00.021 [scheduling-1] INFO  c.e.s.Scheduler.SignatureScheduler - Début traitement automatique des signatures...
2026-04-23 11:51:00.826 [scheduling-1] INFO  c.e.s.Scheduler.SignatureScheduler - Fin traitement signatures
2026-04-23 11:52:00.458 [scheduling-1] INFO  c.e.s.Scheduler.SignatureScheduler - Début traitement automatique des signatures...
2026-04-23 11:52:00.959 [scheduling-1] INFO  c.e.s.Scheduler.SignatureScheduler - Fin traitement signatures
2026-04-23 11:53:00.001 [scheduling-1] INFO  c.e.s.Scheduler.SignatureScheduler - Début traitement automatique des signatures...
2026-04-23 11:53:00.570 [scheduling-1] INFO  c.e.s.Scheduler.SignatureScheduler - Fin traitement signatures
2026-04-23 11:54:00.429 [scheduling-1] INFO  c.e.s.Scheduler.SignatureScheduler - Début traitement automatique des signatures...
2026-04-23 11:54:00.970 [scheduling-1] INFO  c.e.s.Scheduler.SignatureScheduler - Fin traitement signatures
2026-04-23 11:55:00.001 [scheduling-1] INFO  c.e.s.Scheduler.SignatureScheduler - Début traitement automatique des signatures...
2026-04-23 11:55:01.061 [scheduling-1] INFO  c.e.s.Scheduler.SignatureScheduler - Fin traitement signatures
2026-04-23 11:56:00.403 [scheduling-1] INFO  c.e.s.Scheduler.SignatureScheduler - Début traitement automatique des signatures...
2026-04-23 11:56:01.015 [scheduling-1] INFO  c.e.s.Scheduler.SignatureScheduler - Fin traitement signatures
2026-04-23 11:57:00.577 [scheduling-1] INFO  c.e.s.Scheduler.SignatureScheduler - Début traitement automatique des signatures...
2026-04-23 11:57:01.268 [scheduling-1] INFO  c.e.s.Scheduler.SignatureScheduler - Fin traitement signatures
2026-04-23 11:58:00.425 [scheduling-1] INFO  c.e.s.Scheduler.SignatureScheduler - Début traitement automatique des signatures...
2026-04-23 11:58:00.884 [scheduling-1] INFO  c.e.s.Scheduler.SignatureScheduler - Fin traitement signatures
2026-04-23 11:59:00.401 [scheduling-1] INFO  c.e.s.Scheduler.SignatureScheduler - Début traitement automatique des signatures...
2026-04-23 11:59:00.935 [scheduling-1] INFO  c.e.s.Scheduler.SignatureScheduler - Fin traitement signatures
2026-04-23 12:00:00.414 [scheduling-1] INFO  c.e.s.Scheduler.SignatureScheduler - Début traitement automatique des signatures...
2026-04-23 12:00:00.892 [scheduling-1] INFO  c.e.s.Scheduler.SignatureScheduler - Fin traitement signatures
2026-04-23 12:01:00.534 [scheduling-1] INFO  c.e.s.Scheduler.SignatureScheduler - Début traitement automatique des signatures...
2026-04-23 12:01:01.032 [scheduling-1] INFO  c.e.s.Scheduler.SignatureScheduler - Fin traitement signatures
2026-04-23 12:02:00.012 [scheduling-1] INFO  c.e.s.Scheduler.SignatureScheduler - Début traitement automatique des signatures...
2026-04-23 12:02:00.623 [scheduling-1] INFO  c.e.s.Scheduler.SignatureScheduler - Fin traitement signatures
2026-04-23 12:03:00.487 [scheduling-1] INFO  c.e.s.Scheduler.SignatureScheduler - Début traitement automatique des signatures...
2026-04-23 12:03:01.020 [scheduling-1] INFO  c.e.s.Scheduler.SignatureScheduler - Fin traitement signatures
2026-04-23 12:04:00.004 [scheduling-1] INFO  c.e.s.Scheduler.SignatureScheduler - Début traitement automatique des signatures...
2026-04-23 12:04:01.127 [scheduling-1] INFO  c.e.s.Scheduler.SignatureScheduler - Fin traitement signatures
2026-04-23 12:05:00.004 [scheduling-1] INFO  c.e.s.Scheduler.SignatureScheduler - Début traitement automatique des signatures...
2026-04-23 12:05:00.632 [scheduling-1] INFO  c.e.s.Scheduler.SignatureScheduler - Fin traitement signatures
2026-04-23 12:06:00.007 [scheduling-1] INFO  c.e.s.Scheduler.SignatureScheduler - Début traitement automatique des signatures...
2026-04-23 12:06:00.725 [scheduling-1] INFO  c.e.s.Scheduler.SignatureScheduler - Fin traitement signatures
2026-04-23 12:07:00.002 [scheduling-1] INFO  c.e.s.Scheduler.SignatureScheduler - Début traitement automatique des signatures...
2026-04-23 12:07:00.718 [scheduling-1] INFO  c.e.s.Scheduler.SignatureScheduler - Fin traitement signatures
2026-04-23 12:08:00.003 [scheduling-1] INFO  c.e.s.Scheduler.SignatureScheduler - Début traitement automatique des signatures...
2026-04-23 12:08:00.594 [scheduling-1] INFO  c.e.s.Scheduler.SignatureScheduler - Fin traitement signatures
2026-04-23 12:09:00.489 [scheduling-1] INFO  c.e.s.Scheduler.SignatureScheduler - Début traitement automatique des signatures...
2026-04-23 12:09:01.043 [scheduling-1] INFO  c.e.s.Scheduler.SignatureScheduler - Fin traitement signatures
2026-04-23 12:09:34.961 [http-nio-8075-exec-1] INFO  o.a.c.c.C.[Tomcat].[localhost].[/] - Initializing Spring DispatcherServlet 'dispatcherServlet'
2026-04-23 12:09:34.961 [http-nio-8075-exec-1] INFO  o.s.web.servlet.DispatcherServlet - Initializing Servlet 'dispatcherServlet'
2026-04-23 12:09:34.986 [http-nio-8075-exec-1] INFO  o.s.web.servlet.DispatcherServlet - Completed initialization in 8 ms
2026-04-23 12:10:00.824 [scheduling-1] INFO  c.e.s.Scheduler.SignatureScheduler - Début traitement automatique des signatures...
2026-04-23 12:10:01.373 [scheduling-1] INFO  c.e.s.Scheduler.SignatureScheduler - Fin traitement signatures
2026-04-23 12:11:00.391 [scheduling-1] INFO  c.e.s.Scheduler.SignatureScheduler - Début traitement automatique des signatures...
2026-04-23 12:11:00.852 [scheduling-1] INFO  c.e.s.Scheduler.SignatureScheduler - Fin traitement signatures
2026-04-23 12:12:00.004 [scheduling-1] INFO  c.e.s.Scheduler.SignatureScheduler - Début traitement automatique des signatures...
2026-04-23 12:12:00.545 [scheduling-1] INFO  c.e.s.Scheduler.SignatureScheduler - Fin traitement signatures
2026-04-23 12:13:00.404 [scheduling-1] INFO  c.e.s.Scheduler.SignatureScheduler - Début traitement automatique des signatures...
2026-04-23 12:13:00.882 [scheduling-1] INFO  c.e.s.Scheduler.SignatureScheduler - Fin traitement signatures
2026-04-23 12:13:08.030 [SpringApplicationShutdownHook] INFO  o.s.o.j.LocalContainerEntityManagerFactoryBean - Closing JPA EntityManagerFactory for persistence unit 'default'
2026-04-23 12:13:08.038 [SpringApplicationShutdownHook] INFO  com.zaxxer.hikari.HikariDataSource - HikariPool-1 - Shutdown initiated...
2026-04-23 12:13:08.694 [SpringApplicationShutdownHook] INFO  com.zaxxer.hikari.HikariDataSource - HikariPool-1 - Shutdown completed.
2026-04-23 12:13:13.818 [background-preinit] INFO  o.h.validator.internal.util.Version - HV000001: Hibernate Validator 8.0.1.Final
2026-04-23 12:13:13.882 [main] INFO  c.e.signature.SignatureApplication - Starting SignatureApplication using Java 17.0.16 with PID 17152 (C:\Users\LENOVO\Desktop\MES projets\Projet Signature\xml-signature-springboot-complete\target\classes started by LENOVO in C:\Users\LENOVO\Desktop\MES projets\Projet Signature\xml-signature-springboot-complete)
2026-04-23 12:13:13.882 [main] INFO  c.e.signature.SignatureApplication - No active profile set, falling back to 1 default profile: "default"
2026-04-23 12:13:14.792 [main] INFO  o.s.d.r.c.RepositoryConfigurationDelegate - Bootstrapping Spring Data JPA repositories in DEFAULT mode.
2026-04-23 12:13:14.882 [main] INFO  o.s.d.r.c.RepositoryConfigurationDelegate - Finished Spring Data repository scanning in 77 ms. Found 3 JPA repository interfaces.
2026-04-23 12:13:15.801 [main] INFO  o.s.b.w.e.tomcat.TomcatWebServer - Tomcat initialized with port 8075 (http)
2026-04-23 12:13:15.810 [main] INFO  o.a.coyote.http11.Http11NioProtocol - Initializing ProtocolHandler ["http-nio-8075"]
2026-04-23 12:13:15.810 [main] INFO  o.a.catalina.core.StandardService - Starting service [Tomcat]
2026-04-23 12:13:15.810 [main] INFO  o.a.catalina.core.StandardEngine - Starting Servlet engine: [Apache Tomcat/10.1.20]
2026-04-23 12:13:15.942 [main] INFO  o.a.c.c.C.[Tomcat].[localhost].[/] - Initializing Spring embedded WebApplicationContext
2026-04-23 12:13:15.942 [main] INFO  o.s.b.w.s.c.ServletWebServerApplicationContext - Root WebApplicationContext: initialization completed in 1980 ms
2026-04-23 12:13:16.615 [main] INFO  o.h.jpa.internal.util.LogHelper - HHH000204: Processing PersistenceUnitInfo [name: default]
2026-04-23 12:13:16.832 [main] INFO  org.hibernate.Version - HHH000412: Hibernate ORM core version 6.4.4.Final
2026-04-23 12:13:16.865 [main] INFO  o.h.c.i.RegionFactoryInitiator - HHH000026: Second-level cache disabled
2026-04-23 12:13:18.092 [main] INFO  o.s.o.j.p.SpringPersistenceUnitInfo - No LoadTimeWeaver setup: ignoring JPA class transformer
2026-04-23 12:13:18.122 [main] INFO  com.zaxxer.hikari.HikariDataSource - HikariPool-1 - Starting...
2026-04-23 12:13:19.212 [main] INFO  com.zaxxer.hikari.pool.HikariPool - HikariPool-1 - Added connection oracle.jdbc.driver.T4CConnection@42b43a6
2026-04-23 12:13:19.222 [main] INFO  com.zaxxer.hikari.HikariDataSource - HikariPool-1 - Start completed.
2026-04-23 12:13:20.629 [main] INFO  o.h.e.t.j.p.i.JtaPlatformInitiator - HHH000489: No JTA platform available (set 'hibernate.transaction.jta.platform' to enable JTA platform integration)
2026-04-23 12:13:20.632 [main] INFO  o.s.o.j.LocalContainerEntityManagerFactoryBean - Initialized JPA EntityManagerFactory for persistence unit 'default'
2026-04-23 12:13:20.979 [main] INFO  o.s.d.j.r.query.QueryEnhancerFactory - Hibernate is in classpath; If applicable, HQL parser will be used.
2026-04-23 12:13:22.723 [main] INFO  o.a.coyote.http11.Http11NioProtocol - Starting ProtocolHandler ["http-nio-8075"]
2026-04-23 12:13:22.798 [main] INFO  o.s.b.w.e.tomcat.TomcatWebServer - Tomcat started on port 8075 (http) with context path ''
2026-04-23 12:13:22.839 [main] INFO  c.e.signature.SignatureApplication - Started SignatureApplication in 9.493 seconds (process running for 9.894)
2026-04-23 12:13:28.479 [http-nio-8075-exec-1] INFO  o.a.c.c.C.[Tomcat].[localhost].[/] - Initializing Spring DispatcherServlet 'dispatcherServlet'
2026-04-23 12:13:28.479 [http-nio-8075-exec-1] INFO  o.s.web.servlet.DispatcherServlet - Initializing Servlet 'dispatcherServlet'
2026-04-23 12:13:28.481 [http-nio-8075-exec-1] INFO  o.s.web.servlet.DispatcherServlet - Completed initialization in 2 ms
2026-04-23 12:14:01.040 [scheduling-1] INFO  c.e.s.Scheduler.SignatureScheduler - Début traitement automatique des signatures...
2026-04-23 12:14:01.862 [scheduling-1] INFO  c.e.s.Scheduler.SignatureScheduler - Fin traitement signatures
2026-04-23 12:15:00.415 [scheduling-1] INFO  c.e.s.Scheduler.SignatureScheduler - Début traitement automatique des signatures...
2026-04-23 12:15:00.890 [scheduling-1] INFO  c.e.s.Scheduler.SignatureScheduler - Fin traitement signatures
2026-04-23 12:16:06.089 [scheduling-1] INFO  c.e.s.Scheduler.SignatureScheduler - Début traitement automatique des signatures...
2026-04-23 12:16:06.578 [scheduling-1] INFO  c.e.s.Scheduler.SignatureScheduler - Fin traitement signatures
2026-04-23 12:17:00.460 [scheduling-1] INFO  c.e.s.Scheduler.SignatureScheduler - Début traitement automatique des signatures...
2026-04-23 12:17:00.928 [scheduling-1] INFO  c.e.s.Scheduler.SignatureScheduler - Fin traitement signatures
2026-04-23 12:18:00.408 [scheduling-1] INFO  c.e.s.Scheduler.SignatureScheduler - Début traitement automatique des signatures...
2026-04-23 12:18:00.869 [scheduling-1] INFO  c.e.s.Scheduler.SignatureScheduler - Fin traitement signatures
2026-04-23 12:19:00.000 [scheduling-1] INFO  c.e.s.Scheduler.SignatureScheduler - Début traitement automatique des signatures...
2026-04-23 12:19:00.889 [scheduling-1] INFO  c.e.s.Scheduler.SignatureScheduler - Fin traitement signatures
2026-04-23 12:20:00.000 [scheduling-1] INFO  c.e.s.Scheduler.SignatureScheduler - Début traitement automatique des signatures...
2026-04-23 12:20:05.161 [scheduling-1] WARN  com.zaxxer.hikari.pool.PoolBase - HikariPool-1 - Failed to validate connection oracle.jdbc.driver.T4CConnection@42b43a6 (Erreur d'E/S: Invalid Operation, NOT Connected). Possibly consider using a shorter maxLifetime value.
2026-04-23 12:20:06.379 [scheduling-1] INFO  c.e.s.Scheduler.SignatureScheduler - Fin traitement signatures
2026-04-23 12:21:01.049 [scheduling-1] INFO  c.e.s.Scheduler.SignatureScheduler - Début traitement automatique des signatures...
2026-04-23 12:21:01.888 [scheduling-1] INFO  c.e.s.Scheduler.SignatureScheduler - Fin traitement signatures
2026-04-23 12:22:00.486 [scheduling-1] INFO  c.e.s.Scheduler.SignatureScheduler - Début traitement automatique des signatures...
2026-04-23 12:22:00.987 [scheduling-1] INFO  c.e.s.Scheduler.SignatureScheduler - Fin traitement signatures
2026-04-23 12:23:00.014 [scheduling-1] INFO  c.e.s.Scheduler.SignatureScheduler - Début traitement automatique des signatures...
2026-04-23 12:23:00.592 [scheduling-1] INFO  c.e.s.Scheduler.SignatureScheduler - Fin traitement signatures
2026-04-23 12:24:00.227 [scheduling-1] INFO  c.e.s.Scheduler.SignatureScheduler - Début traitement automatique des signatures...
2026-04-23 12:24:00.777 [scheduling-1] INFO  c.e.s.Scheduler.SignatureScheduler - Fin traitement signatures
2026-04-23 12:25:00.017 [scheduling-1] INFO  c.e.s.Scheduler.SignatureScheduler - Début traitement automatique des signatures...
2026-04-23 12:25:00.576 [scheduling-1] INFO  c.e.s.Scheduler.SignatureScheduler - Fin traitement signatures
2026-04-23 12:26:00.006 [scheduling-1] INFO  c.e.s.Scheduler.SignatureScheduler - Début traitement automatique des signatures...
2026-04-23 12:26:00.866 [scheduling-1] INFO  c.e.s.Scheduler.SignatureScheduler - Fin traitement signatures
2026-04-23 12:27:00.140 [scheduling-1] INFO  c.e.s.Scheduler.SignatureScheduler - Début traitement automatique des signatures...
2026-04-23 12:27:00.934 [scheduling-1] INFO  c.e.s.Scheduler.SignatureScheduler - Fin traitement signatures
2026-04-23 12:28:00.489 [scheduling-1] INFO  c.e.s.Scheduler.SignatureScheduler - Début traitement automatique des signatures...
2026-04-23 12:28:01.083 [scheduling-1] INFO  c.e.s.Scheduler.SignatureScheduler - Fin traitement signatures
2026-04-23 12:29:00.412 [scheduling-1] INFO  c.e.s.Scheduler.SignatureScheduler - Début traitement automatique des signatures...
2026-04-23 12:29:00.904 [scheduling-1] INFO  c.e.s.Scheduler.SignatureScheduler - Fin traitement signatures
2026-04-23 12:30:00.409 [scheduling-1] INFO  c.e.s.Scheduler.SignatureScheduler - Début traitement automatique des signatures...
2026-04-23 12:30:00.898 [scheduling-1] INFO  c.e.s.Scheduler.SignatureScheduler - Fin traitement signatures
2026-04-23 12:31:00.421 [scheduling-1] INFO  c.e.s.Scheduler.SignatureScheduler - Début traitement automatique des signatures...
2026-04-23 12:31:00.886 [scheduling-1] INFO  c.e.s.Scheduler.SignatureScheduler - Fin traitement signatures
2026-04-23 12:32:00.405 [scheduling-1] INFO  c.e.s.Scheduler.SignatureScheduler - Début traitement automatique des signatures...
2026-04-23 12:32:00.878 [scheduling-1] INFO  c.e.s.Scheduler.SignatureScheduler - Fin traitement signatures
2026-04-23 12:33:00.006 [scheduling-1] INFO  c.e.s.Scheduler.SignatureScheduler - Début traitement automatique des signatures...
2026-04-23 12:33:00.732 [scheduling-1] INFO  c.e.s.Scheduler.SignatureScheduler - Fin traitement signatures
2026-04-23 12:34:00.005 [scheduling-1] INFO  c.e.s.Scheduler.SignatureScheduler - Début traitement automatique des signatures...
2026-04-23 12:34:00.554 [scheduling-1] INFO  c.e.s.Scheduler.SignatureScheduler - Fin traitement signatures
2026-04-23 12:35:00.407 [scheduling-1] INFO  c.e.s.Scheduler.SignatureScheduler - Début traitement automatique des signatures...
2026-04-23 12:35:00.988 [scheduling-1] INFO  c.e.s.Scheduler.SignatureScheduler - Fin traitement signatures
2026-04-23 12:36:00.410 [scheduling-1] INFO  c.e.s.Scheduler.SignatureScheduler - Début traitement automatique des signatures...
2026-04-23 12:36:00.907 [scheduling-1] INFO  c.e.s.Scheduler.SignatureScheduler - Fin traitement signatures
2026-04-23 12:37:00.006 [scheduling-1] INFO  c.e.s.Scheduler.SignatureScheduler - Début traitement automatique des signatures...
2026-04-23 12:37:00.830 [scheduling-1] INFO  c.e.s.Scheduler.SignatureScheduler - Fin traitement signatures
2026-04-23 12:38:00.417 [scheduling-1] INFO  c.e.s.Scheduler.SignatureScheduler - Début traitement automatique des signatures...
2026-04-23 12:38:00.949 [scheduling-1] INFO  c.e.s.Scheduler.SignatureScheduler - Fin traitement signatures
2026-04-23 12:39:00.410 [scheduling-1] INFO  c.e.s.Scheduler.SignatureScheduler - Début traitement automatique des signatures...
2026-04-23 12:39:00.955 [scheduling-1] INFO  c.e.s.Scheduler.SignatureScheduler - Fin traitement signatures
2026-04-23 12:40:00.399 [scheduling-1] INFO  c.e.s.Scheduler.SignatureScheduler - Début traitement automatique des signatures...
2026-04-23 12:40:00.871 [scheduling-1] INFO  c.e.s.Scheduler.SignatureScheduler - Fin traitement signatures
2026-04-23 12:41:00.425 [scheduling-1] INFO  c.e.s.Scheduler.SignatureScheduler - Début traitement automatique des signatures...
2026-04-23 12:41:00.913 [scheduling-1] INFO  c.e.s.Scheduler.SignatureScheduler - Fin traitement signatures
2026-04-23 12:42:00.458 [scheduling-1] INFO  c.e.s.Scheduler.SignatureScheduler - Début traitement automatique des signatures...
2026-04-23 12:42:01.140 [scheduling-1] INFO  c.e.s.Scheduler.SignatureScheduler - Fin traitement signatures
2026-04-23 12:43:00.504 [scheduling-1] INFO  c.e.s.Scheduler.SignatureScheduler - Début traitement automatique des signatures...
2026-04-23 12:43:01.306 [scheduling-1] INFO  c.e.s.Scheduler.SignatureScheduler - Fin traitement signatures
2026-04-23 12:44:00.003 [scheduling-1] INFO  c.e.s.Scheduler.SignatureScheduler - Début traitement automatique des signatures...
2026-04-23 12:44:00.545 [scheduling-1] INFO  c.e.s.Scheduler.SignatureScheduler - Fin traitement signatures
2026-04-23 12:45:00.007 [scheduling-1] INFO  c.e.s.Scheduler.SignatureScheduler - Début traitement automatique des signatures...
2026-04-23 12:45:00.624 [scheduling-1] INFO  c.e.s.Scheduler.SignatureScheduler - Fin traitement signatures
2026-04-23 12:46:00.002 [scheduling-1] INFO  c.e.s.Scheduler.SignatureScheduler - Début traitement automatique des signatures...
2026-04-23 12:46:00.546 [scheduling-1] INFO  c.e.s.Scheduler.SignatureScheduler - Fin traitement signatures
2026-04-23 13:42:34.072 [HikariPool-1 housekeeper] WARN  com.zaxxer.hikari.pool.HikariPool - HikariPool-1 - Thread starvation or clock leap detected (housekeeper delta=56m13s651ms977µs800ns).
2026-04-23 13:42:43.650 [scheduling-1] INFO  c.e.s.Scheduler.SignatureScheduler - Début traitement automatique des signatures...
2026-04-23 13:42:44.240 [scheduling-1] INFO  c.e.s.Scheduler.SignatureScheduler - Fin traitement signatures
2026-04-23 13:43:00.421 [scheduling-1] INFO  c.e.s.Scheduler.SignatureScheduler - Début traitement automatique des signatures...
2026-04-23 13:43:00.931 [scheduling-1] INFO  c.e.s.Scheduler.SignatureScheduler - Fin traitement signatures
2026-04-23 13:44:00.429 [scheduling-1] INFO  c.e.s.Scheduler.SignatureScheduler - Début traitement automatique des signatures...
2026-04-23 13:44:00.921 [scheduling-1] INFO  c.e.s.Scheduler.SignatureScheduler - Fin traitement signatures
2026-04-23 13:45:00.438 [scheduling-1] INFO  c.e.s.Scheduler.SignatureScheduler - Début traitement automatique des signatures...
2026-04-23 13:45:00.922 [scheduling-1] INFO  c.e.s.Scheduler.SignatureScheduler - Fin traitement signatures
2026-04-23 13:46:00.005 [scheduling-1] INFO  c.e.s.Scheduler.SignatureScheduler - Début traitement automatique des signatures...
2026-04-23 13:46:00.563 [scheduling-1] INFO  c.e.s.Scheduler.SignatureScheduler - Fin traitement signatures
2026-04-23 13:47:00.411 [scheduling-1] INFO  c.e.s.Scheduler.SignatureScheduler - Début traitement automatique des signatures...
2026-04-23 13:47:00.891 [scheduling-1] INFO  c.e.s.Scheduler.SignatureScheduler - Fin traitement signatures
2026-04-23 13:48:00.012 [scheduling-1] INFO  c.e.s.Scheduler.SignatureScheduler - Début traitement automatique des signatures...
2026-04-23 13:48:00.574 [scheduling-1] INFO  c.e.s.Scheduler.SignatureScheduler - Fin traitement signatures
2026-04-23 13:49:00.007 [scheduling-1] INFO  c.e.s.Scheduler.SignatureScheduler - Début traitement automatique des signatures...
2026-04-23 13:49:00.590 [scheduling-1] INFO  c.e.s.Scheduler.SignatureScheduler - Fin traitement signatures
2026-04-23 13:50:00.606 [scheduling-1] INFO  c.e.s.Scheduler.SignatureScheduler - Début traitement automatique des signatures...
2026-04-23 13:50:01.194 [scheduling-1] INFO  c.e.s.Scheduler.SignatureScheduler - Fin traitement signatures
2026-04-23 13:51:01.330 [scheduling-1] INFO  c.e.s.Scheduler.SignatureScheduler - Début traitement automatique des signatures...
2026-04-23 13:51:03.229 [scheduling-1] INFO  c.e.s.Scheduler.SignatureScheduler - Fin traitement signatures
2026-04-23 13:52:00.012 [scheduling-1] INFO  c.e.s.Scheduler.SignatureScheduler - Début traitement automatique des signatures...
2026-04-23 13:52:00.568 [scheduling-1] INFO  c.e.s.Scheduler.SignatureScheduler - Fin traitement signatures
2026-04-23 13:53:00.423 [scheduling-1] INFO  c.e.s.Scheduler.SignatureScheduler - Début traitement automatique des signatures...
2026-04-23 13:53:00.912 [scheduling-1] INFO  c.e.s.Scheduler.SignatureScheduler - Fin traitement signatures
2026-04-23 13:54:00.009 [scheduling-1] INFO  c.e.s.Scheduler.SignatureScheduler - Début traitement automatique des signatures...
2026-04-23 13:54:00.541 [scheduling-1] INFO  c.e.s.Scheduler.SignatureScheduler - Fin traitement signatures
2026-04-23 13:55:01.475 [scheduling-1] INFO  c.e.s.Scheduler.SignatureScheduler - Début traitement automatique des signatures...
2026-04-23 13:55:02.148 [scheduling-1] INFO  c.e.s.Scheduler.SignatureScheduler - Fin traitement signatures
2026-04-23 13:56:00.426 [scheduling-1] INFO  c.e.s.Scheduler.SignatureScheduler - Début traitement automatique des signatures...
2026-04-23 13:56:00.931 [scheduling-1] INFO  c.e.s.Scheduler.SignatureScheduler - Fin traitement signatures
2026-04-23 13:57:00.424 [scheduling-1] INFO  c.e.s.Scheduler.SignatureScheduler - Début traitement automatique des signatures...
2026-04-23 13:57:00.933 [scheduling-1] INFO  c.e.s.Scheduler.SignatureScheduler - Fin traitement signatures
2026-04-23 13:58:00.414 [scheduling-1] INFO  c.e.s.Scheduler.SignatureScheduler - Début traitement automatique des signatures...
2026-04-23 13:58:00.911 [scheduling-1] INFO  c.e.s.Scheduler.SignatureScheduler - Fin traitement signatures
2026-04-23 13:59:00.410 [scheduling-1] INFO  c.e.s.Scheduler.SignatureScheduler - Début traitement automatique des signatures...
2026-04-23 13:59:00.876 [scheduling-1] INFO  c.e.s.Scheduler.SignatureScheduler - Fin traitement signatures
2026-04-23 14:00:00.004 [scheduling-1] INFO  c.e.s.Scheduler.SignatureScheduler - Début traitement automatique des signatures...
2026-04-23 14:00:00.592 [scheduling-1] INFO  c.e.s.Scheduler.SignatureScheduler - Fin traitement signatures
2026-04-23 14:01:00.395 [scheduling-1] INFO  c.e.s.Scheduler.SignatureScheduler - Début traitement automatique des signatures...
2026-04-23 14:01:00.863 [scheduling-1] INFO  c.e.s.Scheduler.SignatureScheduler - Fin traitement signatures
2026-04-23 14:02:00.405 [scheduling-1] INFO  c.e.s.Scheduler.SignatureScheduler - Début traitement automatique des signatures...
2026-04-23 14:02:00.857 [scheduling-1] INFO  c.e.s.Scheduler.SignatureScheduler - Fin traitement signatures
2026-04-23 14:03:00.002 [scheduling-1] INFO  c.e.s.Scheduler.SignatureScheduler - Début traitement automatique des signatures...
2026-04-23 14:03:00.536 [scheduling-1] INFO  c.e.s.Scheduler.SignatureScheduler - Fin traitement signatures
2026-04-23 14:04:00.444 [scheduling-1] INFO  c.e.s.Scheduler.SignatureScheduler - Début traitement automatique des signatures...
2026-04-23 14:04:00.927 [scheduling-1] INFO  c.e.s.Scheduler.SignatureScheduler - Fin traitement signatures
2026-04-23 14:05:00.001 [scheduling-1] INFO  c.e.s.Scheduler.SignatureScheduler - Début traitement automatique des signatures...
2026-04-23 14:05:05.426 [scheduling-1] INFO  c.e.s.Scheduler.SignatureScheduler - Fin traitement signatures
2026-04-23 14:06:00.013 [scheduling-1] INFO  c.e.s.Scheduler.SignatureScheduler - Début traitement automatique des signatures...
2026-04-23 14:06:00.603 [scheduling-1] INFO  c.e.s.Scheduler.SignatureScheduler - Fin traitement signatures
2026-04-23 14:07:00.393 [scheduling-1] INFO  c.e.s.Scheduler.SignatureScheduler - Début traitement automatique des signatures...
2026-04-23 14:07:00.835 [scheduling-1] INFO  c.e.s.Scheduler.SignatureScheduler - Fin traitement signatures
2026-04-23 14:08:00.392 [scheduling-1] INFO  c.e.s.Scheduler.SignatureScheduler - Début traitement automatique des signatures...
2026-04-23 14:08:00.833 [scheduling-1] INFO  c.e.s.Scheduler.SignatureScheduler - Fin traitement signatures
2026-04-23 14:09:00.005 [scheduling-1] INFO  c.e.s.Scheduler.SignatureScheduler - Début traitement automatique des signatures...
2026-04-23 14:09:00.509 [scheduling-1] INFO  c.e.s.Scheduler.SignatureScheduler - Fin traitement signatures
2026-04-23 14:10:00.400 [scheduling-1] INFO  c.e.s.Scheduler.SignatureScheduler - Début traitement automatique des signatures...
2026-04-23 14:10:00.845 [scheduling-1] INFO  c.e.s.Scheduler.SignatureScheduler - Fin traitement signatures
2026-04-23 14:11:00.001 [scheduling-1] INFO  c.e.s.Scheduler.SignatureScheduler - Début traitement automatique des signatures...
2026-04-23 14:11:00.514 [scheduling-1] INFO  c.e.s.Scheduler.SignatureScheduler - Fin traitement signatures
2026-04-23 14:12:00.405 [scheduling-1] INFO  c.e.s.Scheduler.SignatureScheduler - Début traitement automatique des signatures...
2026-04-23 14:12:00.868 [scheduling-1] INFO  c.e.s.Scheduler.SignatureScheduler - Fin traitement signatures
2026-04-23 14:13:00.014 [scheduling-1] INFO  c.e.s.Scheduler.SignatureScheduler - Début traitement automatique des signatures...
2026-04-23 14:13:00.540 [scheduling-1] INFO  c.e.s.Scheduler.SignatureScheduler - Fin traitement signatures
2026-04-23 14:14:00.006 [scheduling-1] INFO  c.e.s.Scheduler.SignatureScheduler - Début traitement automatique des signatures...
2026-04-23 14:14:00.534 [scheduling-1] INFO  c.e.s.Scheduler.SignatureScheduler - Fin traitement signatures
2026-04-23 14:15:00.395 [scheduling-1] INFO  c.e.s.Scheduler.SignatureScheduler - Début traitement automatique des signatures...
2026-04-23 14:15:00.861 [scheduling-1] INFO  c.e.s.Scheduler.SignatureScheduler - Fin traitement signatures
2026-04-23 14:16:00.004 [scheduling-1] INFO  c.e.s.Scheduler.SignatureScheduler - Début traitement automatique des signatures...
2026-04-23 14:16:00.518 [scheduling-1] INFO  c.e.s.Scheduler.SignatureScheduler - Fin traitement signatures
2026-04-23 14:17:00.014 [scheduling-1] INFO  c.e.s.Scheduler.SignatureScheduler - Début traitement automatique des signatures...
2026-04-23 14:17:00.533 [scheduling-1] INFO  c.e.s.Scheduler.SignatureScheduler - Fin traitement signatures
2026-04-23 14:18:00.396 [scheduling-1] INFO  c.e.s.Scheduler.SignatureScheduler - Début traitement automatique des signatures...
2026-04-23 14:18:00.851 [scheduling-1] INFO  c.e.s.Scheduler.SignatureScheduler - Fin traitement signatures
2026-04-23 14:19:00.398 [scheduling-1] INFO  c.e.s.Scheduler.SignatureScheduler - Début traitement automatique des signatures...
2026-04-23 14:19:00.857 [scheduling-1] INFO  c.e.s.Scheduler.SignatureScheduler - Fin traitement signatures
2026-04-23 14:20:00.003 [scheduling-1] INFO  c.e.s.Scheduler.SignatureScheduler - Début traitement automatique des signatures...
2026-04-23 14:20:00.520 [scheduling-1] INFO  c.e.s.Scheduler.SignatureScheduler - Fin traitement signatures
2026-04-23 14:21:00.420 [scheduling-1] INFO  c.e.s.Scheduler.SignatureScheduler - Début traitement automatique des signatures...
2026-04-23 14:21:00.874 [scheduling-1] INFO  c.e.s.Scheduler.SignatureScheduler - Fin traitement signatures
2026-04-23 14:22:00.009 [scheduling-1] INFO  c.e.s.Scheduler.SignatureScheduler - Début traitement automatique des signatures...
2026-04-23 14:22:00.520 [scheduling-1] INFO  c.e.s.Scheduler.SignatureScheduler - Fin traitement signatures
2026-04-23 14:23:00.398 [scheduling-1] INFO  c.e.s.Scheduler.SignatureScheduler - Début traitement automatique des signatures...
2026-04-23 14:23:00.850 [scheduling-1] INFO  c.e.s.Scheduler.SignatureScheduler - Fin traitement signatures
2026-04-23 14:24:00.137 [scheduling-1] INFO  c.e.s.Scheduler.SignatureScheduler - Début traitement automatique des signatures...
2026-04-23 14:24:00.592 [scheduling-1] INFO  c.e.s.Scheduler.SignatureScheduler - Fin traitement signatures
2026-04-23 14:25:00.006 [scheduling-1] INFO  c.e.s.Scheduler.SignatureScheduler - Début traitement automatique des signatures...
2026-04-23 14:25:00.550 [scheduling-1] INFO  c.e.s.Scheduler.SignatureScheduler - Fin traitement signatures
2026-04-23 14:26:00.156 [scheduling-1] INFO  c.e.s.Scheduler.SignatureScheduler - Début traitement automatique des signatures...
2026-04-23 14:26:00.614 [scheduling-1] INFO  c.e.s.Scheduler.SignatureScheduler - Fin traitement signatures
2026-04-23 14:27:00.004 [scheduling-1] INFO  c.e.s.Scheduler.SignatureScheduler - Début traitement automatique des signatures...
2026-04-23 14:27:01.165 [scheduling-1] INFO  c.e.s.Scheduler.SignatureScheduler - Fin traitement signatures
2026-04-23 14:28:00.128 [scheduling-1] INFO  c.e.s.Scheduler.SignatureScheduler - Début traitement automatique des signatures...
2026-04-23 14:28:00.584 [scheduling-1] INFO  c.e.s.Scheduler.SignatureScheduler - Fin traitement signatures
2026-04-23 14:29:00.014 [scheduling-1] INFO  c.e.s.Scheduler.SignatureScheduler - Début traitement automatique des signatures...
2026-04-23 14:29:00.524 [scheduling-1] INFO  c.e.s.Scheduler.SignatureScheduler - Fin traitement signatures
2026-04-23 14:30:00.011 [scheduling-1] INFO  c.e.s.Scheduler.SignatureScheduler - Début traitement automatique des signatures...
2026-04-23 14:30:00.524 [scheduling-1] INFO  c.e.s.Scheduler.SignatureScheduler - Fin traitement signatures
2026-04-23 14:31:00.000 [scheduling-1] INFO  c.e.s.Scheduler.SignatureScheduler - Début traitement automatique des signatures...
2026-04-23 14:31:00.535 [scheduling-1] INFO  c.e.s.Scheduler.SignatureScheduler - Fin traitement signatures
2026-04-23 14:32:00.134 [scheduling-1] INFO  c.e.s.Scheduler.SignatureScheduler - Début traitement automatique des signatures...
2026-04-23 14:32:00.587 [scheduling-1] INFO  c.e.s.Scheduler.SignatureScheduler - Fin traitement signatures
2026-04-23 14:33:00.007 [scheduling-1] INFO  c.e.s.Scheduler.SignatureScheduler - Début traitement automatique des signatures...
2026-04-23 14:33:00.595 [scheduling-1] INFO  c.e.s.Scheduler.SignatureScheduler - Fin traitement signatures
2026-04-23 14:34:00.005 [scheduling-1] INFO  c.e.s.Scheduler.SignatureScheduler - Début traitement automatique des signatures...
2026-04-23 14:34:00.525 [scheduling-1] INFO  c.e.s.Scheduler.SignatureScheduler - Fin traitement signatures
2026-04-23 14:35:00.002 [scheduling-1] INFO  c.e.s.Scheduler.SignatureScheduler - Début traitement automatique des signatures...
2026-04-23 14:35:00.513 [scheduling-1] INFO  c.e.s.Scheduler.SignatureScheduler - Fin traitement signatures
2026-04-23 14:36:00.004 [scheduling-1] INFO  c.e.s.Scheduler.SignatureScheduler - Début traitement automatique des signatures...
2026-04-23 14:36:00.514 [scheduling-1] INFO  c.e.s.Scheduler.SignatureScheduler - Fin traitement signatures
2026-04-23 14:37:00.132 [scheduling-1] INFO  c.e.s.Scheduler.SignatureScheduler - Début traitement automatique des signatures...
2026-04-23 14:37:00.582 [scheduling-1] INFO  c.e.s.Scheduler.SignatureScheduler - Fin traitement signatures
2026-04-23 14:38:00.137 [scheduling-1] INFO  c.e.s.Scheduler.SignatureScheduler - Début traitement automatique des signatures...
2026-04-23 14:38:00.587 [scheduling-1] INFO  c.e.s.Scheduler.SignatureScheduler - Fin traitement signatures
2026-04-23 14:39:00.128 [scheduling-1] INFO  c.e.s.Scheduler.SignatureScheduler - Début traitement automatique des signatures...
2026-04-23 14:39:00.653 [scheduling-1] INFO  c.e.s.Scheduler.SignatureScheduler - Fin traitement signatures
2026-04-23 14:40:01.070 [scheduling-1] INFO  c.e.s.Scheduler.SignatureScheduler - Début traitement automatique des signatures...
2026-04-23 14:40:01.517 [scheduling-1] INFO  c.e.s.Scheduler.SignatureScheduler - Fin traitement signatures
2026-04-23 14:41:00.510 [scheduling-1] INFO  c.e.s.Scheduler.SignatureScheduler - Début traitement automatique des signatures...
2026-04-23 14:41:00.959 [scheduling-1] INFO  c.e.s.Scheduler.SignatureScheduler - Fin traitement signatures
2026-04-23 14:42:00.322 [scheduling-1] INFO  c.e.s.Scheduler.SignatureScheduler - Début traitement automatique des signatures...
2026-04-23 14:42:00.765 [scheduling-1] INFO  c.e.s.Scheduler.SignatureScheduler - Fin traitement signatures
2026-04-23 14:43:00.324 [scheduling-1] INFO  c.e.s.Scheduler.SignatureScheduler - Début traitement automatique des signatures...
2026-04-23 14:43:00.764 [scheduling-1] INFO  c.e.s.Scheduler.SignatureScheduler - Fin traitement signatures
2026-04-23 14:44:00.012 [scheduling-1] INFO  c.e.s.Scheduler.SignatureScheduler - Début traitement automatique des signatures...
2026-04-23 14:44:00.560 [scheduling-1] INFO  c.e.s.Scheduler.SignatureScheduler - Fin traitement signatures
2026-04-23 14:45:00.267 [scheduling-1] INFO  c.e.s.Scheduler.SignatureScheduler - Début traitement automatique des signatures...
2026-04-23 14:45:00.703 [scheduling-1] INFO  c.e.s.Scheduler.SignatureScheduler - Fin traitement signatures
2026-04-23 14:46:00.003 [scheduling-1] INFO  c.e.s.Scheduler.SignatureScheduler - Début traitement automatique des signatures...
2026-04-23 14:46:00.502 [scheduling-1] INFO  c.e.s.Scheduler.SignatureScheduler - Fin traitement signatures
2026-04-23 14:47:00.005 [scheduling-1] INFO  c.e.s.Scheduler.SignatureScheduler - Début traitement automatique des signatures...
2026-04-23 14:47:01.789 [scheduling-1] INFO  c.e.s.Scheduler.SignatureScheduler - Fin traitement signatures
2026-04-23 14:48:00.005 [scheduling-1] INFO  c.e.s.Scheduler.SignatureScheduler - Début traitement automatique des signatures...
2026-04-23 14:48:01.217 [scheduling-1] INFO  c.e.s.Scheduler.SignatureScheduler - Fin traitement signatures
2026-04-23 14:49:00.279 [scheduling-1] INFO  c.e.s.Scheduler.SignatureScheduler - Début traitement automatique des signatures...
2026-04-23 14:49:00.749 [scheduling-1] INFO  c.e.s.Scheduler.SignatureScheduler - Fin traitement signatures
2026-04-23 14:50:00.282 [scheduling-1] INFO  c.e.s.Scheduler.SignatureScheduler - Début traitement automatique des signatures...
2026-04-23 14:50:00.751 [scheduling-1] INFO  c.e.s.Scheduler.SignatureScheduler - Fin traitement signatures
2026-04-23 14:51:00.009 [scheduling-1] INFO  c.e.s.Scheduler.SignatureScheduler - Début traitement automatique des signatures...
2026-04-23 14:51:05.593 [scheduling-1] INFO  c.e.s.Scheduler.SignatureScheduler - Fin traitement signatures
2026-04-23 14:52:00.012 [scheduling-1] INFO  c.e.s.Scheduler.SignatureScheduler - Début traitement automatique des signatures...
2026-04-23 14:52:00.588 [scheduling-1] INFO  c.e.s.Scheduler.SignatureScheduler - Fin traitement signatures
2026-04-23 14:53:00.272 [scheduling-1] INFO  c.e.s.Scheduler.SignatureScheduler - Début traitement automatique des signatures...
2026-04-23 14:53:00.714 [scheduling-1] INFO  c.e.s.Scheduler.SignatureScheduler - Fin traitement signatures
2026-04-23 14:54:00.272 [scheduling-1] INFO  c.e.s.Scheduler.SignatureScheduler - Début traitement automatique des signatures...
2026-04-23 14:54:00.767 [scheduling-1] INFO  c.e.s.Scheduler.SignatureScheduler - Fin traitement signatures
2026-04-23 14:55:00.006 [scheduling-1] INFO  c.e.s.Scheduler.SignatureScheduler - Début traitement automatique des signatures...
2026-04-23 14:55:00.502 [scheduling-1] INFO  c.e.s.Scheduler.SignatureScheduler - Fin traitement signatures
2026-04-23 14:56:00.252 [scheduling-1] INFO  c.e.s.Scheduler.SignatureScheduler - Début traitement automatique des signatures...
2026-04-23 14:56:00.704 [scheduling-1] INFO  c.e.s.Scheduler.SignatureScheduler - Fin traitement signatures
2026-04-23 14:57:00.264 [scheduling-1] INFO  c.e.s.Scheduler.SignatureScheduler - Début traitement automatique des signatures...
2026-04-23 14:57:00.704 [scheduling-1] INFO  c.e.s.Scheduler.SignatureScheduler - Fin traitement signatures
2026-04-23 14:58:00.267 [scheduling-1] INFO  c.e.s.Scheduler.SignatureScheduler - Début traitement automatique des signatures...
2026-04-23 14:58:00.727 [scheduling-1] INFO  c.e.s.Scheduler.SignatureScheduler - Fin traitement signatures
2026-04-23 14:59:00.258 [scheduling-1] INFO  c.e.s.Scheduler.SignatureScheduler - Début traitement automatique des signatures...
2026-04-23 14:59:00.698 [scheduling-1] INFO  c.e.s.Scheduler.SignatureScheduler - Fin traitement signatures
2026-04-23 15:00:00.352 [scheduling-1] INFO  c.e.s.Scheduler.SignatureScheduler - Début traitement automatique des signatures...
2026-04-23 15:00:01.338 [scheduling-1] INFO  c.e.s.Scheduler.SignatureScheduler - Fin traitement signatures
2026-04-23 15:01:00.294 [scheduling-1] INFO  c.e.s.Scheduler.SignatureScheduler - Début traitement automatique des signatures...
2026-04-23 15:01:00.740 [scheduling-1] INFO  c.e.s.Scheduler.SignatureScheduler - Fin traitement signatures
2026-04-23 15:02:00.014 [scheduling-1] INFO  c.e.s.Scheduler.SignatureScheduler - Début traitement automatique des signatures...
2026-04-23 15:02:00.524 [scheduling-1] INFO  c.e.s.Scheduler.SignatureScheduler - Fin traitement signatures
2026-04-23 15:03:00.264 [scheduling-1] INFO  c.e.s.Scheduler.SignatureScheduler - Début traitement automatique des signatures...
2026-04-23 15:03:00.703 [scheduling-1] INFO  c.e.s.Scheduler.SignatureScheduler - Fin traitement signatures
2026-04-23 15:04:00.013 [scheduling-1] INFO  c.e.s.Scheduler.SignatureScheduler - Début traitement automatique des signatures...
2026-04-23 15:04:00.516 [scheduling-1] INFO  c.e.s.Scheduler.SignatureScheduler - Fin traitement signatures
2026-04-23 15:05:09.474 [scheduling-1] INFO  c.e.s.Scheduler.SignatureScheduler - Début traitement automatique des signatures...
2026-04-23 15:05:09.914 [scheduling-1] INFO  c.e.s.Scheduler.SignatureScheduler - Fin traitement signatures
2026-04-23 15:06:00.319 [scheduling-1] INFO  c.e.s.Scheduler.SignatureScheduler - Début traitement automatique des signatures...
2026-04-23 15:06:00.761 [scheduling-1] INFO  c.e.s.Scheduler.SignatureScheduler - Fin traitement signatures
2026-04-23 15:07:00.001 [scheduling-1] INFO  c.e.s.Scheduler.SignatureScheduler - Début traitement automatique des signatures...
2026-04-23 15:07:00.572 [scheduling-1] INFO  c.e.s.Scheduler.SignatureScheduler - Fin traitement signatures
2026-04-23 15:08:00.007 [scheduling-1] INFO  c.e.s.Scheduler.SignatureScheduler - Début traitement automatique des signatures...
2026-04-23 15:08:00.590 [scheduling-1] INFO  c.e.s.Scheduler.SignatureScheduler - Fin traitement signatures
2026-04-23 15:09:00.004 [scheduling-1] INFO  c.e.s.Scheduler.SignatureScheduler - Début traitement automatique des signatures...
2026-04-23 15:09:00.505 [scheduling-1] INFO  c.e.s.Scheduler.SignatureScheduler - Fin traitement signatures
2026-04-23 15:10:00.263 [scheduling-1] INFO  c.e.s.Scheduler.SignatureScheduler - Début traitement automatique des signatures...
2026-04-23 15:10:00.706 [scheduling-1] INFO  c.e.s.Scheduler.SignatureScheduler - Fin traitement signatures
2026-04-23 15:11:00.266 [scheduling-1] INFO  c.e.s.Scheduler.SignatureScheduler - Début traitement automatique des signatures...
2026-04-23 15:11:00.718 [scheduling-1] INFO  c.e.s.Scheduler.SignatureScheduler - Fin traitement signatures
2026-04-23 15:12:00.321 [scheduling-1] INFO  c.e.s.Scheduler.SignatureScheduler - Début traitement automatique des signatures...
2026-04-23 15:12:00.792 [scheduling-1] INFO  c.e.s.Scheduler.SignatureScheduler - Fin traitement signatures
2026-04-23 15:13:00.009 [scheduling-1] INFO  c.e.s.Scheduler.SignatureScheduler - Début traitement automatique des signatures...
2026-04-23 15:13:00.592 [scheduling-1] INFO  c.e.s.Scheduler.SignatureScheduler - Fin traitement signatures
2026-04-23 15:14:00.010 [scheduling-1] INFO  c.e.s.Scheduler.SignatureScheduler - Début traitement automatique des signatures...
2026-04-23 15:14:00.559 [scheduling-1] INFO  c.e.s.Scheduler.SignatureScheduler - Fin traitement signatures
2026-04-23 15:15:00.506 [scheduling-1] INFO  c.e.s.Scheduler.SignatureScheduler - Début traitement automatique des signatures...
2026-04-23 15:15:01.014 [scheduling-1] INFO  c.e.s.Scheduler.SignatureScheduler - Fin traitement signatures
2026-04-23 15:16:00.253 [scheduling-1] INFO  c.e.s.Scheduler.SignatureScheduler - Début traitement automatique des signatures...
2026-04-23 15:16:00.698 [scheduling-1] INFO  c.e.s.Scheduler.SignatureScheduler - Fin traitement signatures
2026-04-23 15:17:00.364 [scheduling-1] INFO  c.e.s.Scheduler.SignatureScheduler - Début traitement automatique des signatures...
2026-04-23 15:17:00.997 [scheduling-1] INFO  c.e.s.Scheduler.SignatureScheduler - Fin traitement signatures
2026-04-23 15:18:00.000 [scheduling-1] INFO  c.e.s.Scheduler.SignatureScheduler - Début traitement automatique des signatures...
2026-04-23 15:18:00.528 [scheduling-1] INFO  c.e.s.Scheduler.SignatureScheduler - Fin traitement signatures
2026-04-23 15:19:00.008 [scheduling-1] INFO  c.e.s.Scheduler.SignatureScheduler - Début traitement automatique des signatures...
2026-04-23 15:19:00.504 [scheduling-1] INFO  c.e.s.Scheduler.SignatureScheduler - Fin traitement signatures
2026-04-23 15:20:00.422 [scheduling-1] INFO  c.e.s.Scheduler.SignatureScheduler - Début traitement automatique des signatures...
2026-04-23 15:20:01.030 [scheduling-1] INFO  c.e.s.Scheduler.SignatureScheduler - Fin traitement signatures
2026-04-23 15:21:00.002 [scheduling-1] INFO  c.e.s.Scheduler.SignatureScheduler - Début traitement automatique des signatures...
2026-04-23 15:21:00.501 [scheduling-1] INFO  c.e.s.Scheduler.SignatureScheduler - Fin traitement signatures
2026-04-23 15:22:00.253 [scheduling-1] INFO  c.e.s.Scheduler.SignatureScheduler - Début traitement automatique des signatures...
2026-04-23 15:22:00.750 [scheduling-1] INFO  c.e.s.Scheduler.SignatureScheduler - Fin traitement signatures
2026-04-23 15:23:00.334 [scheduling-1] INFO  c.e.s.Scheduler.SignatureScheduler - Début traitement automatique des signatures...
2026-04-23 15:23:00.836 [scheduling-1] INFO  c.e.s.Scheduler.SignatureScheduler - Fin traitement signatures
2026-04-23 15:24:00.001 [scheduling-1] INFO  c.e.s.Scheduler.SignatureScheduler - Début traitement automatique des signatures...
2026-04-23 15:24:00.505 [scheduling-1] INFO  c.e.s.Scheduler.SignatureScheduler - Fin traitement signatures
2026-04-23 15:25:00.258 [scheduling-1] INFO  c.e.s.Scheduler.SignatureScheduler - Début traitement automatique des signatures...
2026-04-23 15:25:00.760 [scheduling-1] INFO  c.e.s.Scheduler.SignatureScheduler - Fin traitement signatures
2026-04-23 15:26:00.497 [scheduling-1] INFO  c.e.s.Scheduler.SignatureScheduler - Début traitement automatique des signatures...
2026-04-23 15:26:01.212 [scheduling-1] INFO  c.e.s.Scheduler.SignatureScheduler - Fin traitement signatures
2026-04-23 15:26:43.473 [SpringApplicationShutdownHook] INFO  o.s.o.j.LocalContainerEntityManagerFactoryBean - Closing JPA EntityManagerFactory for persistence unit 'default'
2026-04-23 15:26:43.478 [SpringApplicationShutdownHook] INFO  com.zaxxer.hikari.HikariDataSource - HikariPool-1 - Shutdown initiated...
2026-04-23 15:26:44.130 [SpringApplicationShutdownHook] INFO  com.zaxxer.hikari.HikariDataSource - HikariPool-1 - Shutdown completed.
2026-04-23 15:27:00.723 [background-preinit] INFO  o.h.validator.internal.util.Version - HV000001: Hibernate Validator 8.0.1.Final
2026-04-23 15:27:00.775 [main] INFO  c.e.signature.SignatureApplication - Starting SignatureApplication using Java 17.0.16 with PID 31792 (C:\Users\LENOVO\Desktop\MES projets\Projet Signature\xml-signature-springboot-complete\target\classes started by LENOVO in C:\Users\LENOVO\Desktop\MES projets\Projet Signature\xml-signature-springboot-complete)
2026-04-23 15:27:00.775 [main] INFO  c.e.signature.SignatureApplication - No active profile set, falling back to 1 default profile: "default"
2026-04-23 15:27:01.576 [main] INFO  o.s.d.r.c.RepositoryConfigurationDelegate - Bootstrapping Spring Data JPA repositories in DEFAULT mode.
2026-04-23 15:27:01.646 [main] INFO  o.s.d.r.c.RepositoryConfigurationDelegate - Finished Spring Data repository scanning in 60 ms. Found 3 JPA repository interfaces.
2026-04-23 15:27:02.400 [main] INFO  o.s.b.w.e.tomcat.TomcatWebServer - Tomcat initialized with port 8075 (http)
2026-04-23 15:27:02.411 [main] INFO  o.a.coyote.http11.Http11NioProtocol - Initializing ProtocolHandler ["http-nio-8075"]
2026-04-23 15:27:02.414 [main] INFO  o.a.catalina.core.StandardService - Starting service [Tomcat]
2026-04-23 15:27:02.414 [main] INFO  o.a.catalina.core.StandardEngine - Starting Servlet engine: [Apache Tomcat/10.1.20]
2026-04-23 15:27:02.485 [main] INFO  o.a.c.c.C.[Tomcat].[localhost].[/] - Initializing Spring embedded WebApplicationContext
2026-04-23 15:27:02.486 [main] INFO  o.s.b.w.s.c.ServletWebServerApplicationContext - Root WebApplicationContext: initialization completed in 1652 ms
2026-04-23 15:27:02.798 [main] INFO  o.h.jpa.internal.util.LogHelper - HHH000204: Processing PersistenceUnitInfo [name: default]
2026-04-23 15:27:02.852 [main] INFO  org.hibernate.Version - HHH000412: Hibernate ORM core version 6.4.4.Final
2026-04-23 15:27:02.881 [main] INFO  o.h.c.i.RegionFactoryInitiator - HHH000026: Second-level cache disabled
2026-04-23 15:27:03.766 [main] INFO  o.s.o.j.p.SpringPersistenceUnitInfo - No LoadTimeWeaver setup: ignoring JPA class transformer
2026-04-23 15:27:03.789 [main] INFO  com.zaxxer.hikari.HikariDataSource - HikariPool-1 - Starting...
2026-04-23 15:27:05.955 [main] INFO  com.zaxxer.hikari.pool.HikariPool - HikariPool-1 - Added connection oracle.jdbc.driver.T4CConnection@11bfd751
2026-04-23 15:27:05.957 [main] INFO  com.zaxxer.hikari.HikariDataSource - HikariPool-1 - Start completed.
2026-04-23 15:27:07.175 [main] INFO  o.h.e.t.j.p.i.JtaPlatformInitiator - HHH000489: No JTA platform available (set 'hibernate.transaction.jta.platform' to enable JTA platform integration)
2026-04-23 15:27:07.177 [main] INFO  o.s.o.j.LocalContainerEntityManagerFactoryBean - Initialized JPA EntityManagerFactory for persistence unit 'default'
2026-04-23 15:27:07.432 [main] INFO  o.s.d.j.r.query.QueryEnhancerFactory - Hibernate is in classpath; If applicable, HQL parser will be used.
2026-04-23 15:27:08.576 [main] INFO  o.a.coyote.http11.Http11NioProtocol - Starting ProtocolHandler ["http-nio-8075"]
2026-04-23 15:27:08.618 [main] INFO  o.s.b.w.e.tomcat.TomcatWebServer - Tomcat started on port 8075 (http) with context path ''
2026-04-23 15:27:08.641 [main] INFO  c.e.signature.SignatureApplication - Started SignatureApplication in 8.298 seconds (process running for 8.58)
2026-04-23 15:27:21.615 [http-nio-8075-exec-1] INFO  o.a.c.c.C.[Tomcat].[localhost].[/] - Initializing Spring DispatcherServlet 'dispatcherServlet'
2026-04-23 15:27:21.615 [http-nio-8075-exec-1] INFO  o.s.web.servlet.DispatcherServlet - Initializing Servlet 'dispatcherServlet'
2026-04-23 15:27:21.616 [http-nio-8075-exec-1] INFO  o.s.web.servlet.DispatcherServlet - Completed initialization in 0 ms
2026-04-23 15:28:00.020 [scheduling-1] INFO  c.e.s.Scheduler.SignatureScheduler - Début traitement automatique des signatures...
2026-04-23 15:28:00.649 [scheduling-1] INFO  c.e.s.Scheduler.SignatureScheduler - Fin traitement signatures
2026-04-23 15:29:00.010 [scheduling-1] INFO  c.e.s.Scheduler.SignatureScheduler - Début traitement automatique des signatures...
2026-04-23 15:29:01.818 [scheduling-1] INFO  c.e.s.Scheduler.SignatureScheduler - Fin traitement signatures
2026-04-23 15:30:00.010 [scheduling-1] INFO  c.e.s.Scheduler.SignatureScheduler - Début traitement automatique des signatures...
2026-04-23 15:30:01.134 [scheduling-1] INFO  c.e.s.Scheduler.SignatureScheduler - Fin traitement signatures
2026-04-23 15:31:00.014 [scheduling-1] INFO  c.e.s.Scheduler.SignatureScheduler - Début traitement automatique des signatures...
2026-04-23 15:31:00.537 [scheduling-1] INFO  c.e.s.Scheduler.SignatureScheduler - Fin traitement signatures
2026-04-23 15:32:00.008 [scheduling-1] INFO  c.e.s.Scheduler.SignatureScheduler - Début traitement automatique des signatures...
2026-04-23 15:32:00.505 [scheduling-1] INFO  c.e.s.Scheduler.SignatureScheduler - Fin traitement signatures
2026-04-23 15:33:00.001 [scheduling-1] INFO  c.e.s.Scheduler.SignatureScheduler - Début traitement automatique des signatures...
2026-04-23 15:33:00.903 [scheduling-1] INFO  c.e.s.Scheduler.SignatureScheduler - Fin traitement signatures
2026-04-23 15:34:00.007 [scheduling-1] INFO  c.e.s.Scheduler.SignatureScheduler - Début traitement automatique des signatures...
2026-04-23 15:34:00.501 [scheduling-1] INFO  c.e.s.Scheduler.SignatureScheduler - Fin traitement signatures
2026-04-23 15:35:00.001 [scheduling-1] INFO  c.e.s.Scheduler.SignatureScheduler - Début traitement automatique des signatures...
2026-04-23 15:35:00.496 [scheduling-1] INFO  c.e.s.Scheduler.SignatureScheduler - Fin traitement signatures
2026-04-23 15:36:00.001 [scheduling-1] INFO  c.e.s.Scheduler.SignatureScheduler - Début traitement automatique des signatures...
2026-04-23 15:36:00.500 [scheduling-1] INFO  c.e.s.Scheduler.SignatureScheduler - Fin traitement signatures
2026-04-23 15:37:00.001 [scheduling-1] INFO  c.e.s.Scheduler.SignatureScheduler - Début traitement automatique des signatures...
2026-04-23 15:37:00.499 [scheduling-1] INFO  c.e.s.Scheduler.SignatureScheduler - Fin traitement signatures
2026-04-23 15:37:15.836 [SpringApplicationShutdownHook] INFO  o.s.o.j.LocalContainerEntityManagerFactoryBean - Closing JPA EntityManagerFactory for persistence unit 'default'
2026-04-23 15:37:15.838 [SpringApplicationShutdownHook] INFO  com.zaxxer.hikari.HikariDataSource - HikariPool-1 - Shutdown initiated...
2026-04-23 15:37:16.459 [SpringApplicationShutdownHook] INFO  com.zaxxer.hikari.HikariDataSource - HikariPool-1 - Shutdown completed.
2026-04-23 15:37:19.847 [background-preinit] INFO  o.h.validator.internal.util.Version - HV000001: Hibernate Validator 8.0.1.Final
2026-04-23 15:37:19.894 [main] INFO  c.e.signature.SignatureApplication - Starting SignatureApplication using Java 17.0.16 with PID 15540 (C:\Users\LENOVO\Desktop\MES projets\Projet Signature\xml-signature-springboot-complete\target\classes started by LENOVO in C:\Users\LENOVO\Desktop\MES projets\Projet Signature\xml-signature-springboot-complete)
2026-04-23 15:37:19.895 [main] INFO  c.e.signature.SignatureApplication - No active profile set, falling back to 1 default profile: "default"
2026-04-23 15:37:20.606 [main] INFO  o.s.d.r.c.RepositoryConfigurationDelegate - Bootstrapping Spring Data JPA repositories in DEFAULT mode.
2026-04-23 15:37:20.687 [main] INFO  o.s.d.r.c.RepositoryConfigurationDelegate - Finished Spring Data repository scanning in 74 ms. Found 3 JPA repository interfaces.
2026-04-23 15:37:21.262 [main] INFO  o.s.b.w.e.tomcat.TomcatWebServer - Tomcat initialized with port 8075 (http)
2026-04-23 15:37:21.270 [main] INFO  o.a.coyote.http11.Http11NioProtocol - Initializing ProtocolHandler ["http-nio-8075"]
2026-04-23 15:37:21.272 [main] INFO  o.a.catalina.core.StandardService - Starting service [Tomcat]
2026-04-23 15:37:21.272 [main] INFO  o.a.catalina.core.StandardEngine - Starting Servlet engine: [Apache Tomcat/10.1.20]
2026-04-23 15:37:21.338 [main] INFO  o.a.c.c.C.[Tomcat].[localhost].[/] - Initializing Spring embedded WebApplicationContext
2026-04-23 15:37:21.339 [main] INFO  o.s.b.w.s.c.ServletWebServerApplicationContext - Root WebApplicationContext: initialization completed in 1395 ms
2026-04-23 15:37:21.572 [main] INFO  o.h.jpa.internal.util.LogHelper - HHH000204: Processing PersistenceUnitInfo [name: default]
2026-04-23 15:37:21.670 [main] INFO  org.hibernate.Version - HHH000412: Hibernate ORM core version 6.4.4.Final
2026-04-23 15:37:21.698 [main] INFO  o.h.c.i.RegionFactoryInitiator - HHH000026: Second-level cache disabled
2026-04-23 15:37:22.395 [main] INFO  o.s.o.j.p.SpringPersistenceUnitInfo - No LoadTimeWeaver setup: ignoring JPA class transformer
2026-04-23 15:37:22.418 [main] INFO  com.zaxxer.hikari.HikariDataSource - HikariPool-1 - Starting...
2026-04-23 15:37:23.320 [main] INFO  com.zaxxer.hikari.pool.HikariPool - HikariPool-1 - Added connection oracle.jdbc.driver.T4CConnection@389008d1
2026-04-23 15:37:23.323 [main] INFO  com.zaxxer.hikari.HikariDataSource - HikariPool-1 - Start completed.
2026-04-23 15:37:24.450 [main] INFO  o.h.e.t.j.p.i.JtaPlatformInitiator - HHH000489: No JTA platform available (set 'hibernate.transaction.jta.platform' to enable JTA platform integration)
2026-04-23 15:37:24.453 [main] INFO  o.s.o.j.LocalContainerEntityManagerFactoryBean - Initialized JPA EntityManagerFactory for persistence unit 'default'
2026-04-23 15:37:24.740 [main] INFO  o.s.d.j.r.query.QueryEnhancerFactory - Hibernate is in classpath; If applicable, HQL parser will be used.
2026-04-23 15:37:25.741 [main] INFO  o.a.coyote.http11.Http11NioProtocol - Starting ProtocolHandler ["http-nio-8075"]
2026-04-23 15:37:25.782 [main] INFO  o.s.b.w.e.tomcat.TomcatWebServer - Tomcat started on port 8075 (http) with context path ''
2026-04-23 15:37:25.807 [main] INFO  c.e.signature.SignatureApplication - Started SignatureApplication in 6.341 seconds (process running for 6.612)
2026-04-23 15:38:00.017 [scheduling-1] INFO  c.e.s.Scheduler.SignatureScheduler - Début traitement automatique des signatures...
2026-04-23 15:38:00.713 [scheduling-1] INFO  c.e.s.Scheduler.SignatureScheduler - Fin traitement signatures
2026-04-23 15:39:00.002 [scheduling-1] INFO  c.e.s.Scheduler.SignatureScheduler - Début traitement automatique des signatures...
2026-04-23 15:39:00.522 [scheduling-1] INFO  c.e.s.Scheduler.SignatureScheduler - Fin traitement signatures
2026-04-23 15:40:00.005 [scheduling-1] INFO  c.e.s.Scheduler.SignatureScheduler - Début traitement automatique des signatures...
2026-04-23 15:40:00.571 [scheduling-1] INFO  c.e.s.Scheduler.SignatureScheduler - Fin traitement signatures
2026-04-23 15:41:00.010 [scheduling-1] INFO  c.e.s.Scheduler.SignatureScheduler - Début traitement automatique des signatures...
2026-04-23 15:41:00.513 [scheduling-1] INFO  c.e.s.Scheduler.SignatureScheduler - Fin traitement signatures
2026-04-23 15:42:00.010 [scheduling-1] INFO  c.e.s.Scheduler.SignatureScheduler - Début traitement automatique des signatures...
2026-04-23 15:42:00.524 [scheduling-1] INFO  c.e.s.Scheduler.SignatureScheduler - Fin traitement signatures
2026-04-23 15:43:00.002 [scheduling-1] INFO  c.e.s.Scheduler.SignatureScheduler - Début traitement automatique des signatures...
2026-04-23 15:43:00.505 [scheduling-1] INFO  c.e.s.Scheduler.SignatureScheduler - Fin traitement signatures
2026-04-23 15:44:00.010 [scheduling-1] INFO  c.e.s.Scheduler.SignatureScheduler - Début traitement automatique des signatures...
2026-04-23 15:44:00.530 [scheduling-1] INFO  c.e.s.Scheduler.SignatureScheduler - Fin traitement signatures
2026-04-23 15:45:00.008 [scheduling-1] INFO  c.e.s.Scheduler.SignatureScheduler - Début traitement automatique des signatures...
2026-04-23 15:45:00.515 [scheduling-1] INFO  c.e.s.Scheduler.SignatureScheduler - Fin traitement signatures
2026-04-23 15:46:00.000 [scheduling-1] INFO  c.e.s.Scheduler.SignatureScheduler - Début traitement automatique des signatures...
2026-04-23 15:46:00.510 [scheduling-1] INFO  c.e.s.Scheduler.SignatureScheduler - Fin traitement signatures
2026-04-23 15:47:00.000 [scheduling-1] INFO  c.e.s.Scheduler.SignatureScheduler - Début traitement automatique des signatures...
2026-04-23 15:47:00.506 [scheduling-1] INFO  c.e.s.Scheduler.SignatureScheduler - Fin traitement signatures
2026-04-23 15:48:00.001 [scheduling-1] INFO  c.e.s.Scheduler.SignatureScheduler - Début traitement automatique des signatures...
2026-04-23 15:48:00.508 [scheduling-1] INFO  c.e.s.Scheduler.SignatureScheduler - Fin traitement signatures
2026-04-23 15:49:00.002 [scheduling-1] INFO  c.e.s.Scheduler.SignatureScheduler - Début traitement automatique des signatures...
2026-04-23 15:49:00.510 [scheduling-1] INFO  c.e.s.Scheduler.SignatureScheduler - Fin traitement signatures
2026-04-23 15:50:00.000 [scheduling-1] INFO  c.e.s.Scheduler.SignatureScheduler - Début traitement automatique des signatures...
2026-04-23 15:50:00.506 [scheduling-1] INFO  c.e.s.Scheduler.SignatureScheduler - Fin traitement signatures
2026-04-23 15:51:00.000 [scheduling-1] INFO  c.e.s.Scheduler.SignatureScheduler - Début traitement automatique des signatures...
2026-04-23 15:51:00.530 [scheduling-1] INFO  c.e.s.Scheduler.SignatureScheduler - Fin traitement signatures
2026-04-23 15:52:00.000 [scheduling-1] INFO  c.e.s.Scheduler.SignatureScheduler - Début traitement automatique des signatures...
2026-04-23 15:52:00.505 [scheduling-1] INFO  c.e.s.Scheduler.SignatureScheduler - Fin traitement signatures
2026-04-23 15:52:30.761 [SpringApplicationShutdownHook] INFO  o.s.o.j.LocalContainerEntityManagerFactoryBean - Closing JPA EntityManagerFactory for persistence unit 'default'
2026-04-23 15:52:30.763 [SpringApplicationShutdownHook] INFO  com.zaxxer.hikari.HikariDataSource - HikariPool-1 - Shutdown initiated...
2026-04-23 15:52:31.385 [SpringApplicationShutdownHook] INFO  com.zaxxer.hikari.HikariDataSource - HikariPool-1 - Shutdown completed.
2026-04-23 15:52:35.227 [background-preinit] INFO  o.h.validator.internal.util.Version - HV000001: Hibernate Validator 8.0.1.Final
2026-04-23 15:52:35.272 [main] INFO  c.e.signature.SignatureApplication - Starting SignatureApplication using Java 17.0.16 with PID 20400 (C:\Users\LENOVO\Desktop\MES projets\Projet Signature\xml-signature-springboot-complete\target\classes started by LENOVO in C:\Users\LENOVO\Desktop\MES projets\Projet Signature\xml-signature-springboot-complete)
2026-04-23 15:52:35.273 [main] INFO  c.e.signature.SignatureApplication - No active profile set, falling back to 1 default profile: "default"
2026-04-23 15:52:35.930 [main] INFO  o.s.d.r.c.RepositoryConfigurationDelegate - Bootstrapping Spring Data JPA repositories in DEFAULT mode.
2026-04-23 15:52:36.039 [main] INFO  o.s.d.r.c.RepositoryConfigurationDelegate - Finished Spring Data repository scanning in 95 ms. Found 3 JPA repository interfaces.
2026-04-23 15:52:36.599 [main] INFO  o.s.b.w.e.tomcat.TomcatWebServer - Tomcat initialized with port 8075 (http)
2026-04-23 15:52:36.607 [main] INFO  o.a.coyote.http11.Http11NioProtocol - Initializing ProtocolHandler ["http-nio-8075"]
2026-04-23 15:52:36.609 [main] INFO  o.a.catalina.core.StandardService - Starting service [Tomcat]
2026-04-23 15:52:36.609 [main] INFO  o.a.catalina.core.StandardEngine - Starting Servlet engine: [Apache Tomcat/10.1.20]
2026-04-23 15:52:36.662 [main] INFO  o.a.c.c.C.[Tomcat].[localhost].[/] - Initializing Spring embedded WebApplicationContext
2026-04-23 15:52:36.664 [main] INFO  o.s.b.w.s.c.ServletWebServerApplicationContext - Root WebApplicationContext: initialization completed in 1343 ms
2026-04-23 15:52:36.918 [main] INFO  o.h.jpa.internal.util.LogHelper - HHH000204: Processing PersistenceUnitInfo [name: default]
2026-04-23 15:52:36.975 [main] INFO  org.hibernate.Version - HHH000412: Hibernate ORM core version 6.4.4.Final
2026-04-23 15:52:37.027 [main] INFO  o.h.c.i.RegionFactoryInitiator - HHH000026: Second-level cache disabled
2026-04-23 15:52:37.883 [main] INFO  o.s.o.j.p.SpringPersistenceUnitInfo - No LoadTimeWeaver setup: ignoring JPA class transformer
2026-04-23 15:52:37.904 [main] INFO  com.zaxxer.hikari.HikariDataSource - HikariPool-1 - Starting...
2026-04-23 15:52:39.720 [main] INFO  com.zaxxer.hikari.pool.HikariPool - HikariPool-1 - Added connection oracle.jdbc.driver.T4CConnection@17df689e
2026-04-23 15:52:39.722 [main] INFO  com.zaxxer.hikari.HikariDataSource - HikariPool-1 - Start completed.
2026-04-23 15:52:40.919 [main] INFO  o.h.e.t.j.p.i.JtaPlatformInitiator - HHH000489: No JTA platform available (set 'hibernate.transaction.jta.platform' to enable JTA platform integration)
2026-04-23 15:52:40.923 [main] INFO  o.s.o.j.LocalContainerEntityManagerFactoryBean - Initialized JPA EntityManagerFactory for persistence unit 'default'
2026-04-23 15:52:41.116 [main] INFO  o.s.d.j.r.query.QueryEnhancerFactory - Hibernate is in classpath; If applicable, HQL parser will be used.
2026-04-23 15:52:42.279 [main] INFO  o.a.coyote.http11.Http11NioProtocol - Starting ProtocolHandler ["http-nio-8075"]
2026-04-23 15:52:42.327 [main] INFO  o.s.b.w.e.tomcat.TomcatWebServer - Tomcat started on port 8075 (http) with context path ''
2026-04-23 15:52:42.358 [main] INFO  c.e.signature.SignatureApplication - Started SignatureApplication in 7.489 seconds (process running for 7.758)
2026-04-23 15:53:00.008 [scheduling-1] INFO  c.e.s.Scheduler.SignatureScheduler - Début traitement automatique des signatures...
2026-04-23 15:53:00.601 [scheduling-1] INFO  c.e.s.Scheduler.SignatureScheduler - Fin traitement signatures
2026-04-23 15:53:10.083 [http-nio-8075-exec-1] INFO  o.a.c.c.C.[Tomcat].[localhost].[/] - Initializing Spring DispatcherServlet 'dispatcherServlet'
2026-04-23 15:53:10.083 [http-nio-8075-exec-1] INFO  o.s.web.servlet.DispatcherServlet - Initializing Servlet 'dispatcherServlet'
2026-04-23 15:53:10.085 [http-nio-8075-exec-1] INFO  o.s.web.servlet.DispatcherServlet - Completed initialization in 1 ms
2026-04-23 15:54:00.001 [scheduling-1] INFO  c.e.s.Scheduler.SignatureScheduler - Début traitement automatique des signatures...
2026-04-23 15:54:00.508 [scheduling-1] INFO  c.e.s.Scheduler.SignatureScheduler - Fin traitement signatures
2026-04-23 15:55:00.001 [scheduling-1] INFO  c.e.s.Scheduler.SignatureScheduler - Début traitement automatique des signatures...
2026-04-23 15:55:00.519 [scheduling-1] INFO  c.e.s.Scheduler.SignatureScheduler - Fin traitement signatures
2026-04-23 15:56:00.015 [scheduling-1] INFO  c.e.s.Scheduler.SignatureScheduler - Début traitement automatique des signatures...
2026-04-23 15:56:00.569 [scheduling-1] INFO  c.e.s.Scheduler.SignatureScheduler - Fin traitement signatures
2026-04-23 15:56:36.411 [SpringApplicationShutdownHook] INFO  o.s.o.j.LocalContainerEntityManagerFactoryBean - Closing JPA EntityManagerFactory for persistence unit 'default'
2026-04-23 15:56:36.413 [SpringApplicationShutdownHook] INFO  com.zaxxer.hikari.HikariDataSource - HikariPool-1 - Shutdown initiated...
2026-04-23 15:56:37.031 [SpringApplicationShutdownHook] INFO  com.zaxxer.hikari.HikariDataSource - HikariPool-1 - Shutdown completed.
2026-04-23 15:56:41.352 [background-preinit] INFO  o.h.validator.internal.util.Version - HV000001: Hibernate Validator 8.0.1.Final
2026-04-23 15:56:41.419 [main] INFO  c.e.signature.SignatureApplication - Starting SignatureApplication using Java 17.0.16 with PID 24392 (C:\Users\LENOVO\Desktop\MES projets\Projet Signature\xml-signature-springboot-complete\target\classes started by LENOVO in C:\Users\LENOVO\Desktop\MES projets\Projet Signature\xml-signature-springboot-complete)
2026-04-23 15:56:41.420 [main] INFO  c.e.signature.SignatureApplication - No active profile set, falling back to 1 default profile: "default"
2026-04-23 15:56:42.406 [main] INFO  o.s.d.r.c.RepositoryConfigurationDelegate - Bootstrapping Spring Data JPA repositories in DEFAULT mode.
2026-04-23 15:56:42.501 [main] INFO  o.s.d.r.c.RepositoryConfigurationDelegate - Finished Spring Data repository scanning in 79 ms. Found 3 JPA repository interfaces.
2026-04-23 15:56:43.328 [main] INFO  o.s.b.w.e.tomcat.TomcatWebServer - Tomcat initialized with port 8075 (http)
2026-04-23 15:56:43.338 [main] INFO  o.a.coyote.http11.Http11NioProtocol - Initializing ProtocolHandler ["http-nio-8075"]
2026-04-23 15:56:43.342 [main] INFO  o.a.catalina.core.StandardService - Starting service [Tomcat]
2026-04-23 15:56:43.342 [main] INFO  o.a.catalina.core.StandardEngine - Starting Servlet engine: [Apache Tomcat/10.1.20]
2026-04-23 15:56:43.405 [main] INFO  o.a.c.c.C.[Tomcat].[localhost].[/] - Initializing Spring embedded WebApplicationContext
2026-04-23 15:56:43.405 [main] INFO  o.s.b.w.s.c.ServletWebServerApplicationContext - Root WebApplicationContext: initialization completed in 1922 ms
2026-04-23 15:56:43.836 [main] INFO  o.h.jpa.internal.util.LogHelper - HHH000204: Processing PersistenceUnitInfo [name: default]
2026-04-23 15:56:44.003 [main] INFO  org.hibernate.Version - HHH000412: Hibernate ORM core version 6.4.4.Final
2026-04-23 15:56:44.066 [main] INFO  o.h.c.i.RegionFactoryInitiator - HHH000026: Second-level cache disabled
2026-04-23 15:56:45.240 [main] INFO  o.s.o.j.p.SpringPersistenceUnitInfo - No LoadTimeWeaver setup: ignoring JPA class transformer
2026-04-23 15:56:45.261 [main] INFO  com.zaxxer.hikari.HikariDataSource - HikariPool-1 - Starting...
2026-04-23 15:56:46.195 [main] INFO  com.zaxxer.hikari.pool.HikariPool - HikariPool-1 - Added connection oracle.jdbc.driver.T4CConnection@50785f86
2026-04-23 15:56:46.195 [main] INFO  com.zaxxer.hikari.HikariDataSource - HikariPool-1 - Start completed.
2026-04-23 15:56:47.580 [main] INFO  o.h.e.t.j.p.i.JtaPlatformInitiator - HHH000489: No JTA platform available (set 'hibernate.transaction.jta.platform' to enable JTA platform integration)
2026-04-23 15:56:47.582 [main] INFO  o.s.o.j.LocalContainerEntityManagerFactoryBean - Initialized JPA EntityManagerFactory for persistence unit 'default'
2026-04-23 15:56:47.841 [main] INFO  o.s.d.j.r.query.QueryEnhancerFactory - Hibernate is in classpath; If applicable, HQL parser will be used.
2026-04-23 15:56:49.368 [main] INFO  o.a.coyote.http11.Http11NioProtocol - Starting ProtocolHandler ["http-nio-8075"]
2026-04-23 15:56:49.431 [main] INFO  o.s.b.w.e.tomcat.TomcatWebServer - Tomcat started on port 8075 (http) with context path ''
2026-04-23 15:56:49.461 [main] INFO  c.e.signature.SignatureApplication - Started SignatureApplication in 8.639 seconds (process running for 9.017)
2026-04-23 15:57:00.009 [scheduling-1] INFO  c.e.s.Scheduler.SignatureScheduler - Début traitement automatique des signatures...
2026-04-23 15:57:00.744 [scheduling-1] INFO  c.e.s.Scheduler.SignatureScheduler - Fin traitement signatures
2026-04-23 15:57:41.281 [http-nio-8075-exec-1] INFO  o.a.c.c.C.[Tomcat].[localhost].[/] - Initializing Spring DispatcherServlet 'dispatcherServlet'
2026-04-23 15:57:41.281 [http-nio-8075-exec-1] INFO  o.s.web.servlet.DispatcherServlet - Initializing Servlet 'dispatcherServlet'
2026-04-23 15:57:41.282 [http-nio-8075-exec-1] INFO  o.s.web.servlet.DispatcherServlet - Completed initialization in 1 ms
2026-04-23 15:58:00.003 [scheduling-1] INFO  c.e.s.Scheduler.SignatureScheduler - Début traitement automatique des signatures...
2026-04-23 15:58:00.682 [scheduling-1] INFO  c.e.s.Scheduler.SignatureScheduler - Fin traitement signatures
2026-04-23 15:59:00.001 [scheduling-1] INFO  c.e.s.Scheduler.SignatureScheduler - Début traitement automatique des signatures...
2026-04-23 15:59:00.545 [scheduling-1] INFO  c.e.s.Scheduler.SignatureScheduler - Fin traitement signatures
2026-04-23 16:00:00.014 [scheduling-1] INFO  c.e.s.Scheduler.SignatureScheduler - Début traitement automatique des signatures...
2026-04-23 16:00:00.581 [scheduling-1] INFO  c.e.s.Scheduler.SignatureScheduler - Fin traitement signatures
2026-04-23 16:01:00.006 [scheduling-1] INFO  c.e.s.Scheduler.SignatureScheduler - Début traitement automatique des signatures...
2026-04-23 16:01:00.596 [scheduling-1] INFO  c.e.s.Scheduler.SignatureScheduler - Fin traitement signatures
2026-04-23 16:02:00.003 [scheduling-1] INFO  c.e.s.Scheduler.SignatureScheduler - Début traitement automatique des signatures...
2026-04-23 16:02:04.347 [scheduling-1] INFO  c.e.s.Scheduler.SignatureScheduler - Fin traitement signatures
2026-04-23 16:03:00.005 [scheduling-1] INFO  c.e.s.Scheduler.SignatureScheduler - Début traitement automatique des signatures...
2026-04-23 16:03:04.113 [scheduling-1] INFO  c.e.s.Scheduler.SignatureScheduler - Fin traitement signatures
2026-04-23 16:04:00.014 [scheduling-1] INFO  c.e.s.Scheduler.SignatureScheduler - Début traitement automatique des signatures...
2026-04-23 16:04:01.058 [scheduling-1] INFO  c.e.s.Scheduler.SignatureScheduler - Fin traitement signatures
2026-04-23 16:05:00.012 [scheduling-1] INFO  c.e.s.Scheduler.SignatureScheduler - Début traitement automatique des signatures...
2026-04-23 16:05:00.647 [scheduling-1] INFO  c.e.s.Scheduler.SignatureScheduler - Fin traitement signatures
2026-04-23 16:05:40.259 [SpringApplicationShutdownHook] INFO  o.s.o.j.LocalContainerEntityManagerFactoryBean - Closing JPA EntityManagerFactory for persistence unit 'default'
2026-04-23 16:05:40.261 [SpringApplicationShutdownHook] INFO  com.zaxxer.hikari.HikariDataSource - HikariPool-1 - Shutdown initiated...
2026-04-23 16:05:45.436 [SpringApplicationShutdownHook] INFO  com.zaxxer.hikari.HikariDataSource - HikariPool-1 - Shutdown completed.
2026-04-23 16:05:49.546 [background-preinit] INFO  o.h.validator.internal.util.Version - HV000001: Hibernate Validator 8.0.1.Final
2026-04-23 16:05:49.592 [main] INFO  c.e.signature.SignatureApplication - Starting SignatureApplication using Java 17.0.16 with PID 12524 (C:\Users\LENOVO\Desktop\MES projets\Projet Signature\xml-signature-springboot-complete\target\classes started by LENOVO in C:\Users\LENOVO\Desktop\MES projets\Projet Signature\xml-signature-springboot-complete)
2026-04-23 16:05:49.593 [main] INFO  c.e.signature.SignatureApplication - No active profile set, falling back to 1 default profile: "default"
2026-04-23 16:05:50.355 [main] INFO  o.s.d.r.c.RepositoryConfigurationDelegate - Bootstrapping Spring Data JPA repositories in DEFAULT mode.
2026-04-23 16:05:50.411 [main] INFO  o.s.d.r.c.RepositoryConfigurationDelegate - Finished Spring Data repository scanning in 50 ms. Found 3 JPA repository interfaces.
2026-04-23 16:05:51.072 [main] INFO  o.s.b.w.e.tomcat.TomcatWebServer - Tomcat initialized with port 8075 (http)
2026-04-23 16:05:51.081 [main] INFO  o.a.coyote.http11.Http11NioProtocol - Initializing ProtocolHandler ["http-nio-8075"]
2026-04-23 16:05:51.083 [main] INFO  o.a.catalina.core.StandardService - Starting service [Tomcat]
2026-04-23 16:05:51.084 [main] INFO  o.a.catalina.core.StandardEngine - Starting Servlet engine: [Apache Tomcat/10.1.20]
2026-04-23 16:05:51.165 [main] INFO  o.a.c.c.C.[Tomcat].[localhost].[/] - Initializing Spring embedded WebApplicationContext
2026-04-23 16:05:51.166 [main] INFO  o.s.b.w.s.c.ServletWebServerApplicationContext - Root WebApplicationContext: initialization completed in 1524 ms
2026-04-23 16:05:51.513 [main] INFO  o.h.jpa.internal.util.LogHelper - HHH000204: Processing PersistenceUnitInfo [name: default]
2026-04-23 16:05:51.579 [main] INFO  org.hibernate.Version - HHH000412: Hibernate ORM core version 6.4.4.Final
2026-04-23 16:05:51.603 [main] INFO  o.h.c.i.RegionFactoryInitiator - HHH000026: Second-level cache disabled
2026-04-23 16:05:52.670 [main] INFO  o.s.o.j.p.SpringPersistenceUnitInfo - No LoadTimeWeaver setup: ignoring JPA class transformer
2026-04-23 16:05:52.709 [main] INFO  com.zaxxer.hikari.HikariDataSource - HikariPool-1 - Starting...
2026-04-23 16:05:54.149 [main] INFO  com.zaxxer.hikari.pool.HikariPool - HikariPool-1 - Added connection oracle.jdbc.driver.T4CConnection@1e8bccfb
2026-04-23 16:05:54.153 [main] INFO  com.zaxxer.hikari.HikariDataSource - HikariPool-1 - Start completed.
2026-04-23 16:05:56.402 [main] INFO  o.h.e.t.j.p.i.JtaPlatformInitiator - HHH000489: No JTA platform available (set 'hibernate.transaction.jta.platform' to enable JTA platform integration)
2026-04-23 16:05:56.406 [main] INFO  o.s.o.j.LocalContainerEntityManagerFactoryBean - Initialized JPA EntityManagerFactory for persistence unit 'default'
2026-04-23 16:05:56.842 [main] INFO  o.s.d.j.r.query.QueryEnhancerFactory - Hibernate is in classpath; If applicable, HQL parser will be used.
2026-04-23 16:05:58.609 [main] INFO  o.a.coyote.http11.Http11NioProtocol - Starting ProtocolHandler ["http-nio-8075"]
2026-04-23 16:05:58.672 [main] INFO  o.s.b.w.e.tomcat.TomcatWebServer - Tomcat started on port 8075 (http) with context path ''
2026-04-23 16:05:58.702 [main] INFO  c.e.signature.SignatureApplication - Started SignatureApplication in 9.533 seconds (process running for 9.816)
2026-04-23 16:06:00.011 [scheduling-1] INFO  c.e.s.Scheduler.SignatureScheduler - Début traitement automatique des signatures...
2026-04-23 16:06:03.246 [scheduling-1] INFO  c.e.s.Scheduler.SignatureScheduler - Fin traitement signatures
2026-04-23 16:06:08.466 [http-nio-8075-exec-2] INFO  o.a.c.c.C.[Tomcat].[localhost].[/] - Initializing Spring DispatcherServlet 'dispatcherServlet'
2026-04-23 16:06:08.466 [http-nio-8075-exec-2] INFO  o.s.web.servlet.DispatcherServlet - Initializing Servlet 'dispatcherServlet'
2026-04-23 16:06:08.467 [http-nio-8075-exec-2] INFO  o.s.web.servlet.DispatcherServlet - Completed initialization in 1 ms
2026-04-23 16:06:26.110 [http-nio-8075-exec-2] WARN  c.zaxxer.hikari.pool.ProxyConnection - HikariPool-1 - Connection oracle.jdbc.driver.T4CConnection@1e8bccfb marked as broken because of SQLSTATE(08006), ErrorCode(17002)
java.sql.SQLRecoverableException: Erreur d'E/S: Une connexion établie a été abandonnée par un logiciel de votre ordinateur hôte
	at oracle.jdbc.driver.T4CStatement.executeForDescribe(T4CStatement.java:908)
	at oracle.jdbc.driver.OracleStatement.prepareDefineBufferAndExecute(OracleStatement.java:1171)
	at oracle.jdbc.driver.OracleStatement.executeMaybeDescribe(OracleStatement.java:1100)
	at oracle.jdbc.driver.OracleStatement.executeSQLSelect(OracleStatement.java:1425)
	at oracle.jdbc.driver.OracleStatement.doExecuteWithTimeout(OracleStatement.java:1308)
	at oracle.jdbc.driver.OracleStatement.executeQuery(OracleStatement.java:1712)
	at oracle.jdbc.driver.OracleStatementWrapper.executeQuery(OracleStatementWrapper.java:393)
	at com.zaxxer.hikari.pool.ProxyStatement.executeQuery(ProxyStatement.java:110)
	at com.zaxxer.hikari.pool.HikariProxyStatement.executeQuery(HikariProxyStatement.java)
	at com.example.signature.Repositories.EmailQueueRepository.insert(EmailQueueRepository.java:39)
	at java.base/jdk.internal.reflect.NativeMethodAccessorImpl.invoke0(Native Method)
	at java.base/jdk.internal.reflect.NativeMethodAccessorImpl.invoke(NativeMethodAccessorImpl.java:77)
	at java.base/jdk.internal.reflect.DelegatingMethodAccessorImpl.invoke(DelegatingMethodAccessorImpl.java:43)
	at java.base/java.lang.reflect.Method.invoke(Method.java:568)
	at org.springframework.aop.support.AopUtils.invokeJoinpointUsingReflection(AopUtils.java:354)
	at org.springframework.aop.framework.ReflectiveMethodInvocation.invokeJoinpoint(ReflectiveMethodInvocation.java:196)
	at org.springframework.aop.framework.ReflectiveMethodInvocation.proceed(ReflectiveMethodInvocation.java:163)
	at org.springframework.aop.framework.CglibAopProxy$CglibMethodInvocation.proceed(CglibAopProxy.java:768)
	at org.springframework.dao.support.PersistenceExceptionTranslationInterceptor.invoke(PersistenceExceptionTranslationInterceptor.java:137)
	at org.springframework.aop.framework.ReflectiveMethodInvocation.proceed(ReflectiveMethodInvocation.java:184)
	at org.springframework.aop.framework.CglibAopProxy$CglibMethodInvocation.proceed(CglibAopProxy.java:768)
	at org.springframework.aop.framework.CglibAopProxy$DynamicAdvisedInterceptor.intercept(CglibAopProxy.java:720)
	at com.example.signature.Repositories.EmailQueueRepository$$SpringCGLIB$$0.insert(<generated>)
	at com.example.signature.service.EmailQueueService.enqueueEmailWithAttachments(EmailQueueService.java:59)
	at com.example.signature.service.ReceptionProcessingService.processReceptionFolders(ReceptionProcessingService.java:81)
	at com.example.signature.controller.ProcessReceptionController.processReception(ProcessReceptionController.java:21)
	at java.base/jdk.internal.reflect.NativeMethodAccessorImpl.invoke0(Native Method)
	at java.base/jdk.internal.reflect.NativeMethodAccessorImpl.invoke(NativeMethodAccessorImpl.java:77)
	at java.base/jdk.internal.reflect.DelegatingMethodAccessorImpl.invoke(DelegatingMethodAccessorImpl.java:43)
	at java.base/java.lang.reflect.Method.invoke(Method.java:568)
	at org.springframework.web.method.support.InvocableHandlerMethod.doInvoke(InvocableHandlerMethod.java:255)
	at org.springframework.web.method.support.InvocableHandlerMethod.invokeForRequest(InvocableHandlerMethod.java:188)
	at org.springframework.web.servlet.mvc.method.annotation.ServletInvocableHandlerMethod.invokeAndHandle(ServletInvocableHandlerMethod.java:118)
	at org.springframework.web.servlet.mvc.method.annotation.RequestMappingHandlerAdapter.invokeHandlerMethod(RequestMappingHandlerAdapter.java:926)
	at org.springframework.web.servlet.mvc.method.annotation.RequestMappingHandlerAdapter.handleInternal(RequestMappingHandlerAdapter.java:831)
	at org.springframework.web.servlet.mvc.method.AbstractHandlerMethodAdapter.handle(AbstractHandlerMethodAdapter.java:87)
	at org.springframework.web.servlet.DispatcherServlet.doDispatch(DispatcherServlet.java:1089)
	at org.springframework.web.servlet.DispatcherServlet.doService(DispatcherServlet.java:979)
	at org.springframework.web.servlet.FrameworkServlet.processRequest(FrameworkServlet.java:1014)
	at org.springframework.web.servlet.FrameworkServlet.doPost(FrameworkServlet.java:914)
	at jakarta.servlet.http.HttpServlet.service(HttpServlet.java:590)
	at org.springframework.web.servlet.FrameworkServlet.service(FrameworkServlet.java:885)
	at jakarta.servlet.http.HttpServlet.service(HttpServlet.java:658)
	at org.apache.catalina.core.ApplicationFilterChain.internalDoFilter(ApplicationFilterChain.java:206)
	at org.apache.catalina.core.ApplicationFilterChain.doFilter(ApplicationFilterChain.java:150)
	at org.apache.tomcat.websocket.server.WsFilter.doFilter(WsFilter.java:51)
	at org.apache.catalina.core.ApplicationFilterChain.internalDoFilter(ApplicationFilterChain.java:175)
	at org.apache.catalina.core.ApplicationFilterChain.doFilter(ApplicationFilterChain.java:150)
	at org.springframework.web.filter.RequestContextFilter.doFilterInternal(RequestContextFilter.java:100)
	at org.springframework.web.filter.OncePerRequestFilter.doFilter(OncePerRequestFilter.java:116)
	at org.apache.catalina.core.ApplicationFilterChain.internalDoFilter(ApplicationFilterChain.java:175)
	at org.apache.catalina.core.ApplicationFilterChain.doFilter(ApplicationFilterChain.java:150)
	at org.springframework.web.filter.FormContentFilter.doFilterInternal(FormContentFilter.java:93)
	at org.springframework.web.filter.OncePerRequestFilter.doFilter(OncePerRequestFilter.java:116)
	at org.apache.catalina.core.ApplicationFilterChain.internalDoFilter(ApplicationFilterChain.java:175)
	at org.apache.catalina.core.ApplicationFilterChain.doFilter(ApplicationFilterChain.java:150)
	at org.springframework.web.filter.CharacterEncodingFilter.doFilterInternal(CharacterEncodingFilter.java:201)
	at org.springframework.web.filter.OncePerRequestFilter.doFilter(OncePerRequestFilter.java:116)
	at org.apache.catalina.core.ApplicationFilterChain.internalDoFilter(ApplicationFilterChain.java:175)
	at org.apache.catalina.core.ApplicationFilterChain.doFilter(ApplicationFilterChain.java:150)
	at org.apache.catalina.core.StandardWrapperValve.invoke(StandardWrapperValve.java:167)
	at org.apache.catalina.core.StandardContextValve.invoke(StandardContextValve.java:90)
	at org.apache.catalina.authenticator.AuthenticatorBase.invoke(AuthenticatorBase.java:482)
	at org.apache.catalina.core.StandardHostValve.invoke(StandardHostValve.java:115)
	at org.apache.catalina.valves.ErrorReportValve.invoke(ErrorReportValve.java:93)
	at org.apache.catalina.core.StandardEngineValve.invoke(StandardEngineValve.java:74)
	at org.apache.catalina.connector.CoyoteAdapter.service(CoyoteAdapter.java:344)
	at org.apache.coyote.http11.Http11Processor.service(Http11Processor.java:391)
	at org.apache.coyote.AbstractProcessorLight.process(AbstractProcessorLight.java:63)
	at org.apache.coyote.AbstractProtocol$ConnectionHandler.process(AbstractProtocol.java:896)
	at org.apache.tomcat.util.net.NioEndpoint$SocketProcessor.doRun(NioEndpoint.java:1736)
	at org.apache.tomcat.util.net.SocketProcessorBase.run(SocketProcessorBase.java:52)
	at org.apache.tomcat.util.threads.ThreadPoolExecutor.runWorker(ThreadPoolExecutor.java:1191)
	at org.apache.tomcat.util.threads.ThreadPoolExecutor$Worker.run(ThreadPoolExecutor.java:659)
	at org.apache.tomcat.util.threads.TaskThread$WrappingRunnable.run(TaskThread.java:63)
	at java.base/java.lang.Thread.run(Thread.java:842)
Caused by: java.io.IOException: Une connexion établie a été abandonnée par un logiciel de votre ordinateur hôte
	at java.base/sun.nio.ch.SocketDispatcher.read0(Native Method)
	at java.base/sun.nio.ch.SocketDispatcher.read(SocketDispatcher.java:46)
	at java.base/sun.nio.ch.IOUtil.readIntoNativeBuffer(IOUtil.java:330)
	at java.base/sun.nio.ch.IOUtil.read(IOUtil.java:296)
	at java.base/sun.nio.ch.IOUtil.read(IOUtil.java:259)
	at java.base/sun.nio.ch.SocketChannelImpl.read(SocketChannelImpl.java:417)
	at oracle.net.nt.TimeoutSocketChannel.read(TimeoutSocketChannel.java:415)
	at oracle.net.ns.NSProtocolNIO.doSocketRead(NSProtocolNIO.java:1127)
	at oracle.net.ns.NIOPacket.readHeader(NIOPacket.java:266)
	at oracle.net.ns.NIOPacket.readPacketFromSocketChannel(NIOPacket.java:198)
	at oracle.net.ns.NIOPacket.readFromSocketChannel(NIOPacket.java:140)
	at oracle.net.ns.NIOPacket.readFromSocketChannel(NIOPacket.java:113)
	at oracle.net.ns.NIONSDataChannel.readDataFromSocketChannel(NIONSDataChannel.java:97)
	at oracle.jdbc.driver.T4CMAREngineNIO.prepareForUnmarshall(T4CMAREngineNIO.java:833)
	at oracle.jdbc.driver.T4CMAREngineNIO.unmarshalUB1(T4CMAREngineNIO.java:486)
	at oracle.jdbc.driver.T4CTTIfun.receive(T4CTTIfun.java:621)
	at oracle.jdbc.driver.T4CTTIfun.doRPC(T4CTTIfun.java:298)
	at oracle.jdbc.driver.T4C8Oall.doOALL(T4C8Oall.java:497)
	at oracle.jdbc.driver.T4CStatement.doOall8(T4CStatement.java:111)
	at oracle.jdbc.driver.T4CStatement.executeForDescribe(T4CStatement.java:895)
	... 75 common frames omitted
2026-04-23 16:07:00.008 [scheduling-1] INFO  c.e.s.Scheduler.SignatureScheduler - Début traitement automatique des signatures...
2026-04-23 16:07:00.010 [scheduling-1] WARN  com.zaxxer.hikari.pool.PoolBase - HikariPool-1 - Failed to validate connection oracle.jdbc.driver.T4CConnection@206c7170 (Connexion interrompue). Possibly consider using a shorter maxLifetime value.
2026-04-23 16:07:00.011 [scheduling-1] WARN  com.zaxxer.hikari.pool.PoolBase - HikariPool-1 - Failed to validate connection oracle.jdbc.driver.T4CConnection@13deb896 (Connexion interrompue). Possibly consider using a shorter maxLifetime value.
2026-04-23 16:07:00.011 [scheduling-1] WARN  com.zaxxer.hikari.pool.PoolBase - HikariPool-1 - Failed to validate connection oracle.jdbc.driver.T4CConnection@6b9f211f (Connexion interrompue). Possibly consider using a shorter maxLifetime value.
2026-04-23 16:07:00.012 [scheduling-1] WARN  com.zaxxer.hikari.pool.PoolBase - HikariPool-1 - Failed to validate connection oracle.jdbc.driver.T4CConnection@709b0d70 (Connexion interrompue). Possibly consider using a shorter maxLifetime value.
2026-04-23 16:07:00.013 [scheduling-1] WARN  com.zaxxer.hikari.pool.PoolBase - HikariPool-1 - Failed to validate connection oracle.jdbc.driver.T4CConnection@76f460ee (Connexion interrompue). Possibly consider using a shorter maxLifetime value.
2026-04-23 16:07:00.013 [scheduling-1] WARN  com.zaxxer.hikari.pool.PoolBase - HikariPool-1 - Failed to validate connection oracle.jdbc.driver.T4CConnection@1987f50c (Connexion interrompue). Possibly consider using a shorter maxLifetime value.
2026-04-23 16:07:00.013 [scheduling-1] WARN  com.zaxxer.hikari.pool.PoolBase - HikariPool-1 - Failed to validate connection oracle.jdbc.driver.T4CConnection@72bdb489 (Connexion interrompue). Possibly consider using a shorter maxLifetime value.
2026-04-23 16:07:01.460 [scheduling-1] INFO  c.e.s.Scheduler.SignatureScheduler - Fin traitement signatures
2026-04-23 16:08:00.006 [scheduling-1] INFO  c.e.s.Scheduler.SignatureScheduler - Début traitement automatique des signatures...
2026-04-23 16:08:00.633 [scheduling-1] INFO  c.e.s.Scheduler.SignatureScheduler - Fin traitement signatures
2026-04-23 16:09:00.011 [scheduling-1] INFO  c.e.s.Scheduler.SignatureScheduler - Début traitement automatique des signatures...
2026-04-23 16:09:00.364 [scheduling-1] INFO  c.e.s.Scheduler.SignatureScheduler - Fin traitement signatures
2026-04-23 16:10:00.009 [scheduling-1] INFO  c.e.s.Scheduler.SignatureScheduler - Début traitement automatique des signatures...
2026-04-23 16:10:00.413 [scheduling-1] INFO  c.e.s.Scheduler.SignatureScheduler - Fin traitement signatures
2026-04-23 16:11:00.008 [scheduling-1] INFO  c.e.s.Scheduler.SignatureScheduler - Début traitement automatique des signatures...
2026-04-23 16:11:00.619 [scheduling-1] INFO  c.e.s.Scheduler.SignatureScheduler - Fin traitement signatures
2026-04-23 16:12:00.015 [scheduling-1] INFO  c.e.s.Scheduler.SignatureScheduler - Début traitement automatique des signatures...
2026-04-23 16:12:00.403 [scheduling-1] INFO  c.e.s.Scheduler.SignatureScheduler - Fin traitement signatures
2026-04-23 16:13:00.001 [scheduling-1] INFO  c.e.s.Scheduler.SignatureScheduler - Début traitement automatique des signatures...
2026-04-23 16:13:00.895 [scheduling-1] INFO  c.e.s.Scheduler.SignatureScheduler - Fin traitement signatures
2026-04-23 16:14:00.011 [scheduling-1] INFO  c.e.s.Scheduler.SignatureScheduler - Début traitement automatique des signatures...
2026-04-23 16:14:00.493 [scheduling-1] INFO  c.e.s.Scheduler.SignatureScheduler - Fin traitement signatures
2026-04-23 16:14:03.277 [SpringApplicationShutdownHook] INFO  o.s.o.j.LocalContainerEntityManagerFactoryBean - Closing JPA EntityManagerFactory for persistence unit 'default'
2026-04-23 16:14:03.279 [SpringApplicationShutdownHook] INFO  com.zaxxer.hikari.HikariDataSource - HikariPool-1 - Shutdown initiated...
2026-04-23 16:14:04.136 [SpringApplicationShutdownHook] INFO  com.zaxxer.hikari.HikariDataSource - HikariPool-1 - Shutdown completed.
