2026-04-28 00:00:00.008 [scheduling-1] INFO  c.e.s.Scheduler.SignatureScheduler - === Début traitement automatique reception ===
2026-04-28 00:00:00.686 [scheduling-1] INFO  c.e.s.Scheduler.SignatureScheduler - === Fin traitement reception ===
2026-04-28 00:00:00.686 [scheduling-1] INFO  c.e.s.Scheduler.SignatureScheduler - Début traitement automatique des signatures...
2026-04-28 00:00:01.486 [scheduling-1] INFO  c.e.s.Scheduler.SignatureScheduler - Fin traitement signatures
2026-04-28 00:00:48.255 [SpringApplicationShutdownHook] INFO  o.s.o.j.LocalContainerEntityManagerFactoryBean - Closing JPA EntityManagerFactory for persistence unit 'default'
2026-04-28 00:00:48.260 [SpringApplicationShutdownHook] INFO  com.zaxxer.hikari.HikariDataSource - HikariPool-1 - Shutdown initiated...
2026-04-28 00:00:48.966 [SpringApplicationShutdownHook] INFO  com.zaxxer.hikari.HikariDataSource - HikariPool-1 - Shutdown completed.
2026-04-28 09:00:26.546 [background-preinit] INFO  o.h.validator.internal.util.Version - HV000001: Hibernate Validator 8.0.1.Final
2026-04-28 09:00:26.588 [main] INFO  c.e.signature.SignatureApplication - Starting SignatureApplication using Java 17.0.16 with PID 10612 (C:\Users\LENOVO\Desktop\MES projets\Projet Signature\xml-signature-springboot-complete\target\classes started by LENOVO in C:\Users\LENOVO\Desktop\MES projets\Projet Signature\xml-signature-springboot-complete)
2026-04-28 09:00:26.589 [main] INFO  c.e.signature.SignatureApplication - No active profile set, falling back to 1 default profile: "default"
2026-04-28 09:00:27.362 [main] INFO  o.s.d.r.c.RepositoryConfigurationDelegate - Bootstrapping Spring Data JPA repositories in DEFAULT mode.
2026-04-28 09:00:27.417 [main] INFO  o.s.d.r.c.RepositoryConfigurationDelegate - Finished Spring Data repository scanning in 47 ms. Found 3 JPA repository interfaces.
2026-04-28 09:00:28.180 [main] INFO  o.s.b.w.e.tomcat.TomcatWebServer - Tomcat initialized with port 8075 (http)
2026-04-28 09:00:28.187 [main] INFO  o.a.coyote.http11.Http11NioProtocol - Initializing ProtocolHandler ["http-nio-0.0.0.0-8075"]
2026-04-28 09:00:28.189 [main] INFO  o.a.catalina.core.StandardService - Starting service [Tomcat]
2026-04-28 09:00:28.190 [main] INFO  o.a.catalina.core.StandardEngine - Starting Servlet engine: [Apache Tomcat/10.1.20]
2026-04-28 09:00:28.257 [main] INFO  o.a.c.c.C.[Tomcat].[localhost].[/] - Initializing Spring embedded WebApplicationContext
2026-04-28 09:00:28.259 [main] INFO  o.s.b.w.s.c.ServletWebServerApplicationContext - Root WebApplicationContext: initialization completed in 1623 ms
2026-04-28 09:00:28.976 [main] INFO  o.h.jpa.internal.util.LogHelper - HHH000204: Processing PersistenceUnitInfo [name: default]
2026-04-28 09:00:29.244 [main] INFO  org.hibernate.Version - HHH000412: Hibernate ORM core version 6.4.4.Final
2026-04-28 09:00:29.345 [main] INFO  o.h.c.i.RegionFactoryInitiator - HHH000026: Second-level cache disabled
2026-04-28 09:00:30.579 [main] INFO  o.s.o.j.p.SpringPersistenceUnitInfo - No LoadTimeWeaver setup: ignoring JPA class transformer
2026-04-28 09:00:30.595 [main] INFO  com.zaxxer.hikari.HikariDataSource - HikariPool-1 - Starting...
2026-04-28 09:00:31.869 [main] INFO  com.zaxxer.hikari.pool.HikariPool - HikariPool-1 - Added connection oracle.jdbc.driver.T4CConnection@846b47
2026-04-28 09:00:31.874 [main] INFO  com.zaxxer.hikari.HikariDataSource - HikariPool-1 - Start completed.
2026-04-28 09:00:33.290 [main] INFO  o.h.e.t.j.p.i.JtaPlatformInitiator - HHH000489: No JTA platform available (set 'hibernate.transaction.jta.platform' to enable JTA platform integration)
2026-04-28 09:00:33.293 [main] INFO  o.s.o.j.LocalContainerEntityManagerFactoryBean - Initialized JPA EntityManagerFactory for persistence unit 'default'
2026-04-28 09:00:33.660 [main] INFO  o.s.d.j.r.query.QueryEnhancerFactory - Hibernate is in classpath; If applicable, HQL parser will be used.
2026-04-28 09:00:35.249 [main] INFO  o.a.coyote.http11.Http11NioProtocol - Starting ProtocolHandler ["http-nio-0.0.0.0-8075"]
2026-04-28 09:00:35.304 [main] INFO  o.s.b.w.e.tomcat.TomcatWebServer - Tomcat started on port 8075 (http) with context path ''
2026-04-28 09:00:35.327 [main] INFO  c.e.signature.SignatureApplication - Started SignatureApplication in 9.171 seconds (process running for 9.531)
2026-04-28 09:01:00.080 [scheduling-1] INFO  c.e.s.Scheduler.SignatureScheduler - === Début traitement automatique reception ===
2026-04-28 09:01:01.580 [scheduling-1] INFO  c.e.s.Scheduler.SignatureScheduler - === Fin traitement reception ===
2026-04-28 09:01:01.582 [scheduling-1] INFO  c.e.s.Scheduler.SignatureScheduler - Début traitement automatique des signatures...
2026-04-28 09:01:01.999 [scheduling-1] INFO  c.e.s.Scheduler.SignatureScheduler - Fin traitement signatures
2026-04-28 09:02:00.004 [scheduling-1] INFO  c.e.s.Scheduler.SignatureScheduler - Début traitement automatique des signatures...
2026-04-28 09:02:00.372 [scheduling-1] INFO  c.e.s.Scheduler.SignatureScheduler - Fin traitement signatures
2026-04-28 09:02:00.373 [scheduling-1] INFO  c.e.s.Scheduler.SignatureScheduler - === Début traitement automatique reception ===
2026-04-28 09:02:00.504 [scheduling-1] INFO  c.e.s.Scheduler.SignatureScheduler - === Fin traitement reception ===
2026-04-28 09:03:00.008 [scheduling-1] INFO  c.e.s.Scheduler.SignatureScheduler - Début traitement automatique des signatures...
2026-04-28 09:46:12.358 [scheduling-1] WARN  c.zaxxer.hikari.pool.ProxyConnection - HikariPool-1 - Connection oracle.jdbc.driver.T4CConnection@846b47 marked as broken because of SQLSTATE(08006), ErrorCode(17002)
java.sql.SQLRecoverableException: Erreur d'E/S: Connection reset by peer
	at oracle.jdbc.driver.T4CPreparedStatement.executeForDescribe(T4CPreparedStatement.java:949)
	at oracle.jdbc.driver.OracleStatement.prepareDefineBufferAndExecute(OracleStatement.java:1171)
	at oracle.jdbc.driver.OracleStatement.executeMaybeDescribe(OracleStatement.java:1100)
	at oracle.jdbc.driver.OracleStatement.executeSQLSelect(OracleStatement.java:1425)
	at oracle.jdbc.driver.OracleStatement.doExecuteWithTimeout(OracleStatement.java:1308)
	at oracle.jdbc.driver.OraclePreparedStatement.executeInternal(OraclePreparedStatement.java:3745)
	at oracle.jdbc.driver.OraclePreparedStatement.executeQuery(OraclePreparedStatement.java:3854)
	at oracle.jdbc.driver.OraclePreparedStatementWrapper.executeQuery(OraclePreparedStatementWrapper.java:1097)
	at com.zaxxer.hikari.pool.ProxyPreparedStatement.executeQuery(ProxyPreparedStatement.java:52)
	at com.zaxxer.hikari.pool.HikariProxyPreparedStatement.executeQuery(HikariProxyPreparedStatement.java)
	at org.hibernate.sql.results.jdbc.internal.DeferredResultSetAccess.executeQuery(DeferredResultSetAccess.java:246)
	at org.hibernate.sql.results.jdbc.internal.DeferredResultSetAccess.getResultSet(DeferredResultSetAccess.java:167)
	at org.hibernate.sql.results.jdbc.internal.JdbcValuesResultSetImpl.advanceNext(JdbcValuesResultSetImpl.java:218)
	at org.hibernate.sql.results.jdbc.internal.JdbcValuesResultSetImpl.processNext(JdbcValuesResultSetImpl.java:98)
	at org.hibernate.sql.results.jdbc.internal.AbstractJdbcValues.next(AbstractJdbcValues.java:19)
	at org.hibernate.sql.results.internal.RowProcessingStateStandardImpl.next(RowProcessingStateStandardImpl.java:66)
	at org.hibernate.sql.results.spi.ListResultsConsumer.consume(ListResultsConsumer.java:202)
	at org.hibernate.sql.results.spi.ListResultsConsumer.consume(ListResultsConsumer.java:33)
	at org.hibernate.sql.exec.internal.JdbcSelectExecutorStandardImpl.doExecuteQuery(JdbcSelectExecutorStandardImpl.java:209)
	at org.hibernate.sql.exec.internal.JdbcSelectExecutorStandardImpl.executeQuery(JdbcSelectExecutorStandardImpl.java:83)
	at org.hibernate.sql.exec.spi.JdbcSelectExecutor.list(JdbcSelectExecutor.java:76)
	at org.hibernate.sql.exec.spi.JdbcSelectExecutor.list(JdbcSelectExecutor.java:65)
	at org.hibernate.query.sqm.internal.ConcreteSqmSelectQueryPlan.lambda$new$2(ConcreteSqmSelectQueryPlan.java:137)
	at org.hibernate.query.sqm.internal.ConcreteSqmSelectQueryPlan.withCacheableSqmInterpretation(ConcreteSqmSelectQueryPlan.java:362)
	at org.hibernate.query.sqm.internal.ConcreteSqmSelectQueryPlan.performList(ConcreteSqmSelectQueryPlan.java:303)
	at org.hibernate.query.sqm.internal.QuerySqmImpl.doList(QuerySqmImpl.java:509)
	at org.hibernate.query.spi.AbstractSelectionQuery.list(AbstractSelectionQuery.java:427)
	at org.hibernate.query.spi.AbstractSelectionQuery.getSingleResult(AbstractSelectionQuery.java:564)
	at org.springframework.data.jpa.repository.query.JpaQueryExecution$SingleEntityExecution.doExecute(JpaQueryExecution.java:223)
	at org.springframework.data.jpa.repository.query.JpaQueryExecution.execute(JpaQueryExecution.java:92)
	at org.springframework.data.jpa.repository.query.AbstractJpaQuery.doExecute(AbstractJpaQuery.java:149)
	at org.springframework.data.jpa.repository.query.AbstractJpaQuery.execute(AbstractJpaQuery.java:137)
	at org.springframework.data.repository.core.support.RepositoryMethodInvoker.doInvoke(RepositoryMethodInvoker.java:170)
	at org.springframework.data.repository.core.support.RepositoryMethodInvoker.invoke(RepositoryMethodInvoker.java:158)
	at org.springframework.data.repository.core.support.QueryExecutorMethodInterceptor.doInvoke(QueryExecutorMethodInterceptor.java:164)
	at org.springframework.data.repository.core.support.QueryExecutorMethodInterceptor.invoke(QueryExecutorMethodInterceptor.java:143)
	at org.springframework.aop.framework.ReflectiveMethodInvocation.proceed(ReflectiveMethodInvocation.java:184)
	at org.springframework.data.projection.DefaultMethodInvokingMethodInterceptor.invoke(DefaultMethodInvokingMethodInterceptor.java:70)
	at org.springframework.aop.framework.ReflectiveMethodInvocation.proceed(ReflectiveMethodInvocation.java:184)
	at org.springframework.transaction.interceptor.TransactionInterceptor$1.proceedWithInvocation(TransactionInterceptor.java:123)
	at org.springframework.transaction.interceptor.TransactionAspectSupport.invokeWithinTransaction(TransactionAspectSupport.java:392)
	at org.springframework.transaction.interceptor.TransactionInterceptor.invoke(TransactionInterceptor.java:119)
	at org.springframework.aop.framework.ReflectiveMethodInvocation.proceed(ReflectiveMethodInvocation.java:184)
	at org.springframework.dao.support.PersistenceExceptionTranslationInterceptor.invoke(PersistenceExceptionTranslationInterceptor.java:137)
	at org.springframework.aop.framework.ReflectiveMethodInvocation.proceed(ReflectiveMethodInvocation.java:184)
	at org.springframework.data.jpa.repository.support.CrudMethodMetadataPostProcessor$CrudMethodMetadataPopulatingMethodInterceptor.invoke(CrudMethodMetadataPostProcessor.java:135)
	at org.springframework.aop.framework.ReflectiveMethodInvocation.proceed(ReflectiveMethodInvocation.java:184)
	at org.springframework.aop.interceptor.ExposeInvocationInterceptor.invoke(ExposeInvocationInterceptor.java:97)
	at org.springframework.aop.framework.ReflectiveMethodInvocation.proceed(ReflectiveMethodInvocation.java:184)
	at org.springframework.aop.framework.JdkDynamicAopProxy.invoke(JdkDynamicAopProxy.java:223)
	at jdk.proxy2/jdk.proxy2.$Proxy133.findByNumMessTtnAndStatus(Unknown Source)
	at com.example.signature.service.ImailSignatureService.comparePendingSignatures(ImailSignatureService.java:88)
	at java.base/jdk.internal.reflect.NativeMethodAccessorImpl.invoke0(Native Method)
	at java.base/jdk.internal.reflect.NativeMethodAccessorImpl.invoke(NativeMethodAccessorImpl.java:77)
	at java.base/jdk.internal.reflect.DelegatingMethodAccessorImpl.invoke(DelegatingMethodAccessorImpl.java:43)
	at java.base/java.lang.reflect.Method.invoke(Method.java:568)
	at org.springframework.aop.support.AopUtils.invokeJoinpointUsingReflection(AopUtils.java:354)
	at org.springframework.aop.framework.ReflectiveMethodInvocation.invokeJoinpoint(ReflectiveMethodInvocation.java:196)
	at org.springframework.aop.framework.ReflectiveMethodInvocation.proceed(ReflectiveMethodInvocation.java:163)
	at org.springframework.aop.framework.CglibAopProxy$CglibMethodInvocation.proceed(CglibAopProxy.java:768)
	at org.springframework.transaction.interceptor.TransactionInterceptor$1.proceedWithInvocation(TransactionInterceptor.java:123)
	at org.springframework.transaction.interceptor.TransactionAspectSupport.invokeWithinTransaction(TransactionAspectSupport.java:392)
	at org.springframework.transaction.interceptor.TransactionInterceptor.invoke(TransactionInterceptor.java:119)
	at org.springframework.aop.framework.ReflectiveMethodInvocation.proceed(ReflectiveMethodInvocation.java:184)
	at org.springframework.aop.framework.CglibAopProxy$CglibMethodInvocation.proceed(CglibAopProxy.java:768)
	at org.springframework.aop.framework.CglibAopProxy$DynamicAdvisedInterceptor.intercept(CglibAopProxy.java:720)
	at com.example.signature.service.ImailSignatureService$$SpringCGLIB$$0.comparePendingSignatures(<generated>)
	at com.example.signature.Scheduler.SignatureScheduler.runSignatureCheck(SignatureScheduler.java:32)
	at java.base/jdk.internal.reflect.NativeMethodAccessorImpl.invoke0(Native Method)
	at java.base/jdk.internal.reflect.NativeMethodAccessorImpl.invoke(NativeMethodAccessorImpl.java:77)
	at java.base/jdk.internal.reflect.DelegatingMethodAccessorImpl.invoke(DelegatingMethodAccessorImpl.java:43)
	at java.base/java.lang.reflect.Method.invoke(Method.java:568)
	at org.springframework.scheduling.support.ScheduledMethodRunnable.runInternal(ScheduledMethodRunnable.java:130)
	at org.springframework.scheduling.support.ScheduledMethodRunnable.lambda$run$2(ScheduledMethodRunnable.java:124)
	at io.micrometer.observation.Observation.observe(Observation.java:499)
	at org.springframework.scheduling.support.ScheduledMethodRunnable.run(ScheduledMethodRunnable.java:124)
	at org.springframework.scheduling.support.DelegatingErrorHandlingRunnable.run(DelegatingErrorHandlingRunnable.java:54)
	at org.springframework.scheduling.concurrent.ReschedulingRunnable.run(ReschedulingRunnable.java:96)
	at java.base/java.util.concurrent.Executors$RunnableAdapter.call(Executors.java:539)
	at java.base/java.util.concurrent.FutureTask.run(FutureTask.java:264)
	at java.base/java.util.concurrent.ScheduledThreadPoolExecutor$ScheduledFutureTask.run(ScheduledThreadPoolExecutor.java:304)
	at java.base/java.util.concurrent.ThreadPoolExecutor.runWorker(ThreadPoolExecutor.java:1136)
	at java.base/java.util.concurrent.ThreadPoolExecutor$Worker.run(ThreadPoolExecutor.java:635)
	at java.base/java.lang.Thread.run(Thread.java:842)
Caused by: java.io.IOException: Connection reset by peer
	at java.base/sun.nio.ch.SocketDispatcher.write0(Native Method)
	at java.base/sun.nio.ch.SocketDispatcher.write(SocketDispatcher.java:54)
	at java.base/sun.nio.ch.IOUtil.writeFromNativeBuffer(IOUtil.java:132)
	at java.base/sun.nio.ch.IOUtil.write(IOUtil.java:97)
	at java.base/sun.nio.ch.IOUtil.write(IOUtil.java:53)
	at java.base/sun.nio.ch.SocketChannelImpl.write(SocketChannelImpl.java:532)
	at oracle.net.nt.TimeoutSocketChannel.write(TimeoutSocketChannel.java:466)
	at oracle.net.ns.NIOPacket.writeToSocketChannel(NIOPacket.java:360)
	at oracle.net.ns.NIONSDataChannel.writeDataToSocketChannel(NIONSDataChannel.java:205)
	at oracle.net.ns.NIONSDataChannel.writeDataToSocketChannel(NIONSDataChannel.java:150)
	at oracle.jdbc.driver.T4CMAREngineNIO.flush(T4CMAREngineNIO.java:803)
	at oracle.jdbc.driver.T4CMAREngineNIO.prepareForUnmarshall(T4CMAREngineNIO.java:821)
	at oracle.jdbc.driver.T4CMAREngineNIO.unmarshalUB1(T4CMAREngineNIO.java:486)
	at oracle.jdbc.driver.T4CTTIfun.receive(T4CTTIfun.java:621)
	at oracle.jdbc.driver.T4CTTIfun.doRPC(T4CTTIfun.java:298)
	at oracle.jdbc.driver.T4C8Oall.doOALL(T4C8Oall.java:497)
	at oracle.jdbc.driver.T4CPreparedStatement.doOall8(T4CPreparedStatement.java:151)
	at oracle.jdbc.driver.T4CPreparedStatement.executeForDescribe(T4CPreparedStatement.java:936)
	... 83 common frames omitted
2026-04-28 09:46:12.505 [scheduling-1] WARN  o.h.e.jdbc.spi.SqlExceptionHelper - SQL Error: 17002, SQLState: 08006
2026-04-28 09:46:12.507 [scheduling-1] ERROR o.h.e.jdbc.spi.SqlExceptionHelper - Erreur d'E/S: Connection reset by peer
2026-04-28 09:46:12.550 [scheduling-1] ERROR o.s.t.i.TransactionInterceptor - Application exception overridden by rollback exception
org.springframework.dao.DataAccessResourceFailureException: JDBC exception executing SQL [select doc1_0.id_flux,doc1_0.id_imail,doc1_0.num_mess_ttn,doc1_0.status from ttn.detail_oblig_caut doc1_0 where doc1_0.num_mess_ttn=? and doc1_0.status=?] [Erreur d'E/S: Connection reset by peer] [n/a]
	at org.springframework.orm.jpa.vendor.HibernateJpaDialect.convertHibernateAccessException(HibernateJpaDialect.java:274)
	at org.springframework.orm.jpa.vendor.HibernateJpaDialect.translateExceptionIfPossible(HibernateJpaDialect.java:241)
	at org.springframework.orm.jpa.AbstractEntityManagerFactoryBean.translateExceptionIfPossible(AbstractEntityManagerFactoryBean.java:550)
	at org.springframework.dao.support.ChainedPersistenceExceptionTranslator.translateExceptionIfPossible(ChainedPersistenceExceptionTranslator.java:61)
	at org.springframework.dao.support.DataAccessUtils.translateIfNecessary(DataAccessUtils.java:335)
	at org.springframework.dao.support.PersistenceExceptionTranslationInterceptor.invoke(PersistenceExceptionTranslationInterceptor.java:152)
	at org.springframework.aop.framework.ReflectiveMethodInvocation.proceed(ReflectiveMethodInvocation.java:184)
	at org.springframework.data.jpa.repository.support.CrudMethodMetadataPostProcessor$CrudMethodMetadataPopulatingMethodInterceptor.invoke(CrudMethodMetadataPostProcessor.java:135)
	at org.springframework.aop.framework.ReflectiveMethodInvocation.proceed(ReflectiveMethodInvocation.java:184)
	at org.springframework.aop.interceptor.ExposeInvocationInterceptor.invoke(ExposeInvocationInterceptor.java:97)
	at org.springframework.aop.framework.ReflectiveMethodInvocation.proceed(ReflectiveMethodInvocation.java:184)
	at org.springframework.aop.framework.JdkDynamicAopProxy.invoke(JdkDynamicAopProxy.java:223)
	at jdk.proxy2/jdk.proxy2.$Proxy133.findByNumMessTtnAndStatus(Unknown Source)
	at com.example.signature.service.ImailSignatureService.comparePendingSignatures(ImailSignatureService.java:88)
	at java.base/jdk.internal.reflect.NativeMethodAccessorImpl.invoke0(Native Method)
	at java.base/jdk.internal.reflect.NativeMethodAccessorImpl.invoke(NativeMethodAccessorImpl.java:77)
	at java.base/jdk.internal.reflect.DelegatingMethodAccessorImpl.invoke(DelegatingMethodAccessorImpl.java:43)
	at java.base/java.lang.reflect.Method.invoke(Method.java:568)
	at org.springframework.aop.support.AopUtils.invokeJoinpointUsingReflection(AopUtils.java:354)
	at org.springframework.aop.framework.ReflectiveMethodInvocation.invokeJoinpoint(ReflectiveMethodInvocation.java:196)
	at org.springframework.aop.framework.ReflectiveMethodInvocation.proceed(ReflectiveMethodInvocation.java:163)
	at org.springframework.aop.framework.CglibAopProxy$CglibMethodInvocation.proceed(CglibAopProxy.java:768)
	at org.springframework.transaction.interceptor.TransactionInterceptor$1.proceedWithInvocation(TransactionInterceptor.java:123)
	at org.springframework.transaction.interceptor.TransactionAspectSupport.invokeWithinTransaction(TransactionAspectSupport.java:392)
	at org.springframework.transaction.interceptor.TransactionInterceptor.invoke(TransactionInterceptor.java:119)
	at org.springframework.aop.framework.ReflectiveMethodInvocation.proceed(ReflectiveMethodInvocation.java:184)
	at org.springframework.aop.framework.CglibAopProxy$CglibMethodInvocation.proceed(CglibAopProxy.java:768)
	at org.springframework.aop.framework.CglibAopProxy$DynamicAdvisedInterceptor.intercept(CglibAopProxy.java:720)
	at com.example.signature.service.ImailSignatureService$$SpringCGLIB$$0.comparePendingSignatures(<generated>)
	at com.example.signature.Scheduler.SignatureScheduler.runSignatureCheck(SignatureScheduler.java:32)
	at java.base/jdk.internal.reflect.NativeMethodAccessorImpl.invoke0(Native Method)
	at java.base/jdk.internal.reflect.NativeMethodAccessorImpl.invoke(NativeMethodAccessorImpl.java:77)
	at java.base/jdk.internal.reflect.DelegatingMethodAccessorImpl.invoke(DelegatingMethodAccessorImpl.java:43)
	at java.base/java.lang.reflect.Method.invoke(Method.java:568)
	at org.springframework.scheduling.support.ScheduledMethodRunnable.runInternal(ScheduledMethodRunnable.java:130)
	at org.springframework.scheduling.support.ScheduledMethodRunnable.lambda$run$2(ScheduledMethodRunnable.java:124)
	at io.micrometer.observation.Observation.observe(Observation.java:499)
	at org.springframework.scheduling.support.ScheduledMethodRunnable.run(ScheduledMethodRunnable.java:124)
	at org.springframework.scheduling.support.DelegatingErrorHandlingRunnable.run(DelegatingErrorHandlingRunnable.java:54)
	at org.springframework.scheduling.concurrent.ReschedulingRunnable.run(ReschedulingRunnable.java:96)
	at java.base/java.util.concurrent.Executors$RunnableAdapter.call(Executors.java:539)
	at java.base/java.util.concurrent.FutureTask.run(FutureTask.java:264)
	at java.base/java.util.concurrent.ScheduledThreadPoolExecutor$ScheduledFutureTask.run(ScheduledThreadPoolExecutor.java:304)
	at java.base/java.util.concurrent.ThreadPoolExecutor.runWorker(ThreadPoolExecutor.java:1136)
	at java.base/java.util.concurrent.ThreadPoolExecutor$Worker.run(ThreadPoolExecutor.java:635)
	at java.base/java.lang.Thread.run(Thread.java:842)
Caused by: org.hibernate.exception.JDBCConnectionException: JDBC exception executing SQL [select doc1_0.id_flux,doc1_0.id_imail,doc1_0.num_mess_ttn,doc1_0.status from ttn.detail_oblig_caut doc1_0 where doc1_0.num_mess_ttn=? and doc1_0.status=?] [Erreur d'E/S: Connection reset by peer] [n/a]
	at org.hibernate.exception.internal.SQLStateConversionDelegate.convert(SQLStateConversionDelegate.java:100)
	at org.hibernate.exception.internal.StandardSQLExceptionConverter.convert(StandardSQLExceptionConverter.java:58)
	at org.hibernate.engine.jdbc.spi.SqlExceptionHelper.convert(SqlExceptionHelper.java:108)
	at org.hibernate.engine.jdbc.spi.SqlExceptionHelper.convert(SqlExceptionHelper.java:94)
	at org.hibernate.sql.results.jdbc.internal.DeferredResultSetAccess.executeQuery(DeferredResultSetAccess.java:265)
	at org.hibernate.sql.results.jdbc.internal.DeferredResultSetAccess.getResultSet(DeferredResultSetAccess.java:167)
	at org.hibernate.sql.results.jdbc.internal.JdbcValuesResultSetImpl.advanceNext(JdbcValuesResultSetImpl.java:218)
	at org.hibernate.sql.results.jdbc.internal.JdbcValuesResultSetImpl.processNext(JdbcValuesResultSetImpl.java:98)
	at org.hibernate.sql.results.jdbc.internal.AbstractJdbcValues.next(AbstractJdbcValues.java:19)
	at org.hibernate.sql.results.internal.RowProcessingStateStandardImpl.next(RowProcessingStateStandardImpl.java:66)
	at org.hibernate.sql.results.spi.ListResultsConsumer.consume(ListResultsConsumer.java:202)
	at org.hibernate.sql.results.spi.ListResultsConsumer.consume(ListResultsConsumer.java:33)
	at org.hibernate.sql.exec.internal.JdbcSelectExecutorStandardImpl.doExecuteQuery(JdbcSelectExecutorStandardImpl.java:209)
	at org.hibernate.sql.exec.internal.JdbcSelectExecutorStandardImpl.executeQuery(JdbcSelectExecutorStandardImpl.java:83)
	at org.hibernate.sql.exec.spi.JdbcSelectExecutor.list(JdbcSelectExecutor.java:76)
	at org.hibernate.sql.exec.spi.JdbcSelectExecutor.list(JdbcSelectExecutor.java:65)
	at org.hibernate.query.sqm.internal.ConcreteSqmSelectQueryPlan.lambda$new$2(ConcreteSqmSelectQueryPlan.java:137)
	at org.hibernate.query.sqm.internal.ConcreteSqmSelectQueryPlan.withCacheableSqmInterpretation(ConcreteSqmSelectQueryPlan.java:362)
	at org.hibernate.query.sqm.internal.ConcreteSqmSelectQueryPlan.performList(ConcreteSqmSelectQueryPlan.java:303)
	at org.hibernate.query.sqm.internal.QuerySqmImpl.doList(QuerySqmImpl.java:509)
	at org.hibernate.query.spi.AbstractSelectionQuery.list(AbstractSelectionQuery.java:427)
	at org.hibernate.query.spi.AbstractSelectionQuery.getSingleResult(AbstractSelectionQuery.java:564)
	at org.springframework.data.jpa.repository.query.JpaQueryExecution$SingleEntityExecution.doExecute(JpaQueryExecution.java:223)
	at org.springframework.data.jpa.repository.query.JpaQueryExecution.execute(JpaQueryExecution.java:92)
	at org.springframework.data.jpa.repository.query.AbstractJpaQuery.doExecute(AbstractJpaQuery.java:149)
	at org.springframework.data.jpa.repository.query.AbstractJpaQuery.execute(AbstractJpaQuery.java:137)
	at org.springframework.data.repository.core.support.RepositoryMethodInvoker.doInvoke(RepositoryMethodInvoker.java:170)
	at org.springframework.data.repository.core.support.RepositoryMethodInvoker.invoke(RepositoryMethodInvoker.java:158)
	at org.springframework.data.repository.core.support.QueryExecutorMethodInterceptor.doInvoke(QueryExecutorMethodInterceptor.java:164)
	at org.springframework.data.repository.core.support.QueryExecutorMethodInterceptor.invoke(QueryExecutorMethodInterceptor.java:143)
	at org.springframework.aop.framework.ReflectiveMethodInvocation.proceed(ReflectiveMethodInvocation.java:184)
	at org.springframework.data.projection.DefaultMethodInvokingMethodInterceptor.invoke(DefaultMethodInvokingMethodInterceptor.java:70)
	at org.springframework.aop.framework.ReflectiveMethodInvocation.proceed(ReflectiveMethodInvocation.java:184)
	at org.springframework.transaction.interceptor.TransactionInterceptor$1.proceedWithInvocation(TransactionInterceptor.java:123)
	at org.springframework.transaction.interceptor.TransactionAspectSupport.invokeWithinTransaction(TransactionAspectSupport.java:392)
	at org.springframework.transaction.interceptor.TransactionInterceptor.invoke(TransactionInterceptor.java:119)
	at org.springframework.aop.framework.ReflectiveMethodInvocation.proceed(ReflectiveMethodInvocation.java:184)
	at org.springframework.dao.support.PersistenceExceptionTranslationInterceptor.invoke(PersistenceExceptionTranslationInterceptor.java:137)
	... 40 common frames omitted
Caused by: java.sql.SQLRecoverableException: Erreur d'E/S: Connection reset by peer
	at oracle.jdbc.driver.T4CPreparedStatement.executeForDescribe(T4CPreparedStatement.java:949)
	at oracle.jdbc.driver.OracleStatement.prepareDefineBufferAndExecute(OracleStatement.java:1171)
	at oracle.jdbc.driver.OracleStatement.executeMaybeDescribe(OracleStatement.java:1100)
	at oracle.jdbc.driver.OracleStatement.executeSQLSelect(OracleStatement.java:1425)
	at oracle.jdbc.driver.OracleStatement.doExecuteWithTimeout(OracleStatement.java:1308)
	at oracle.jdbc.driver.OraclePreparedStatement.executeInternal(OraclePreparedStatement.java:3745)
	at oracle.jdbc.driver.OraclePreparedStatement.executeQuery(OraclePreparedStatement.java:3854)
	at oracle.jdbc.driver.OraclePreparedStatementWrapper.executeQuery(OraclePreparedStatementWrapper.java:1097)
	at com.zaxxer.hikari.pool.ProxyPreparedStatement.executeQuery(ProxyPreparedStatement.java:52)
	at com.zaxxer.hikari.pool.HikariProxyPreparedStatement.executeQuery(HikariProxyPreparedStatement.java)
	at org.hibernate.sql.results.jdbc.internal.DeferredResultSetAccess.executeQuery(DeferredResultSetAccess.java:246)
	... 73 common frames omitted
Caused by: java.io.IOException: Connection reset by peer
	at java.base/sun.nio.ch.SocketDispatcher.write0(Native Method)
	at java.base/sun.nio.ch.SocketDispatcher.write(SocketDispatcher.java:54)
	at java.base/sun.nio.ch.IOUtil.writeFromNativeBuffer(IOUtil.java:132)
	at java.base/sun.nio.ch.IOUtil.write(IOUtil.java:97)
	at java.base/sun.nio.ch.IOUtil.write(IOUtil.java:53)
	at java.base/sun.nio.ch.SocketChannelImpl.write(SocketChannelImpl.java:532)
	at oracle.net.nt.TimeoutSocketChannel.write(TimeoutSocketChannel.java:466)
	at oracle.net.ns.NIOPacket.writeToSocketChannel(NIOPacket.java:360)
	at oracle.net.ns.NIONSDataChannel.writeDataToSocketChannel(NIONSDataChannel.java:205)
	at oracle.net.ns.NIONSDataChannel.writeDataToSocketChannel(NIONSDataChannel.java:150)
	at oracle.jdbc.driver.T4CMAREngineNIO.flush(T4CMAREngineNIO.java:803)
	at oracle.jdbc.driver.T4CMAREngineNIO.prepareForUnmarshall(T4CMAREngineNIO.java:821)
	at oracle.jdbc.driver.T4CMAREngineNIO.unmarshalUB1(T4CMAREngineNIO.java:486)
	at oracle.jdbc.driver.T4CTTIfun.receive(T4CTTIfun.java:621)
	at oracle.jdbc.driver.T4CTTIfun.doRPC(T4CTTIfun.java:298)
	at oracle.jdbc.driver.T4C8Oall.doOALL(T4C8Oall.java:497)
	at oracle.jdbc.driver.T4CPreparedStatement.doOall8(T4CPreparedStatement.java:151)
	at oracle.jdbc.driver.T4CPreparedStatement.executeForDescribe(T4CPreparedStatement.java:936)
	... 83 common frames omitted
2026-04-28 09:46:12.680 [scheduling-1] ERROR c.e.s.Scheduler.SignatureScheduler - Erreur dans le scheduler signature
org.springframework.orm.jpa.JpaSystemException: Unable to rollback against JDBC Connection
	at org.springframework.orm.jpa.vendor.HibernateJpaDialect.convertHibernateAccessException(HibernateJpaDialect.java:341)
	at org.springframework.orm.jpa.vendor.HibernateJpaDialect.translateExceptionIfPossible(HibernateJpaDialect.java:241)
	at org.springframework.orm.jpa.JpaTransactionManager.doRollback(JpaTransactionManager.java:593)
	at org.springframework.transaction.support.AbstractPlatformTransactionManager.processRollback(AbstractPlatformTransactionManager.java:896)
	at org.springframework.transaction.support.AbstractPlatformTransactionManager.rollback(AbstractPlatformTransactionManager.java:865)
	at org.springframework.transaction.interceptor.TransactionAspectSupport.completeTransactionAfterThrowing(TransactionAspectSupport.java:694)
	at org.springframework.transaction.interceptor.TransactionAspectSupport.invokeWithinTransaction(TransactionAspectSupport.java:396)
	at org.springframework.transaction.interceptor.TransactionInterceptor.invoke(TransactionInterceptor.java:119)
	at org.springframework.aop.framework.ReflectiveMethodInvocation.proceed(ReflectiveMethodInvocation.java:184)
	at org.springframework.aop.framework.CglibAopProxy$CglibMethodInvocation.proceed(CglibAopProxy.java:768)
	at org.springframework.aop.framework.CglibAopProxy$DynamicAdvisedInterceptor.intercept(CglibAopProxy.java:720)
	at com.example.signature.service.ImailSignatureService$$SpringCGLIB$$0.comparePendingSignatures(<generated>)
	at com.example.signature.Scheduler.SignatureScheduler.runSignatureCheck(SignatureScheduler.java:32)
	at java.base/jdk.internal.reflect.NativeMethodAccessorImpl.invoke0(Native Method)
	at java.base/jdk.internal.reflect.NativeMethodAccessorImpl.invoke(NativeMethodAccessorImpl.java:77)
	at java.base/jdk.internal.reflect.DelegatingMethodAccessorImpl.invoke(DelegatingMethodAccessorImpl.java:43)
	at java.base/java.lang.reflect.Method.invoke(Method.java:568)
	at org.springframework.scheduling.support.ScheduledMethodRunnable.runInternal(ScheduledMethodRunnable.java:130)
	at org.springframework.scheduling.support.ScheduledMethodRunnable.lambda$run$2(ScheduledMethodRunnable.java:124)
	at io.micrometer.observation.Observation.observe(Observation.java:499)
	at org.springframework.scheduling.support.ScheduledMethodRunnable.run(ScheduledMethodRunnable.java:124)
	at org.springframework.scheduling.support.DelegatingErrorHandlingRunnable.run(DelegatingErrorHandlingRunnable.java:54)
	at org.springframework.scheduling.concurrent.ReschedulingRunnable.run(ReschedulingRunnable.java:96)
	at java.base/java.util.concurrent.Executors$RunnableAdapter.call(Executors.java:539)
	at java.base/java.util.concurrent.FutureTask.run(FutureTask.java:264)
	at java.base/java.util.concurrent.ScheduledThreadPoolExecutor$ScheduledFutureTask.run(ScheduledThreadPoolExecutor.java:304)
	at java.base/java.util.concurrent.ThreadPoolExecutor.runWorker(ThreadPoolExecutor.java:1136)
	at java.base/java.util.concurrent.ThreadPoolExecutor$Worker.run(ThreadPoolExecutor.java:635)
	at java.base/java.lang.Thread.run(Thread.java:842)
Caused by: org.hibernate.TransactionException: Unable to rollback against JDBC Connection
	at org.hibernate.resource.jdbc.internal.AbstractLogicalConnectionImplementor.rollback(AbstractLogicalConnectionImplementor.java:127)
	at org.hibernate.resource.transaction.backend.jdbc.internal.JdbcResourceLocalTransactionCoordinatorImpl$TransactionDriverControlImpl.rollback(JdbcResourceLocalTransactionCoordinatorImpl.java:290)
	at org.hibernate.engine.transaction.internal.TransactionImpl.rollback(TransactionImpl.java:142)
	at org.springframework.orm.jpa.JpaTransactionManager.doRollback(JpaTransactionManager.java:589)
	... 26 common frames omitted
Caused by: java.sql.SQLException: Connection is closed
	at com.zaxxer.hikari.pool.ProxyConnection$ClosedConnection.lambda$getClosedConnection$0(ProxyConnection.java:502)
	at jdk.proxy3/jdk.proxy3.$Proxy104.rollback(Unknown Source)
	at com.zaxxer.hikari.pool.ProxyConnection.rollback(ProxyConnection.java:385)
	at com.zaxxer.hikari.pool.HikariProxyConnection.rollback(HikariProxyConnection.java)
	at org.hibernate.resource.jdbc.internal.AbstractLogicalConnectionImplementor.rollback(AbstractLogicalConnectionImplementor.java:121)
	... 29 common frames omitted
2026-04-28 09:46:12.695 [scheduling-1] INFO  c.e.s.Scheduler.SignatureScheduler - === Début traitement automatique reception ===
2026-04-28 09:46:12.707 [scheduling-1] WARN  com.zaxxer.hikari.pool.PoolBase - HikariPool-1 - Failed to validate connection oracle.jdbc.driver.T4CConnection@259f6d9f (Connexion interrompue). Possibly consider using a shorter maxLifetime value.
2026-04-28 09:46:12.713 [scheduling-1] WARN  com.zaxxer.hikari.pool.PoolBase - HikariPool-1 - Failed to validate connection oracle.jdbc.driver.T4CConnection@ba12102 (Connexion interrompue). Possibly consider using a shorter maxLifetime value.
2026-04-28 09:46:12.717 [scheduling-1] WARN  com.zaxxer.hikari.pool.PoolBase - HikariPool-1 - Failed to validate connection oracle.jdbc.driver.T4CConnection@73e55e74 (Connexion interrompue). Possibly consider using a shorter maxLifetime value.
2026-04-28 09:46:12.725 [scheduling-1] WARN  com.zaxxer.hikari.pool.PoolBase - HikariPool-1 - Failed to validate connection oracle.jdbc.driver.T4CConnection@68e177f8 (Connexion interrompue). Possibly consider using a shorter maxLifetime value.
2026-04-28 09:46:12.729 [scheduling-1] WARN  com.zaxxer.hikari.pool.PoolBase - HikariPool-1 - Failed to validate connection oracle.jdbc.driver.T4CConnection@36d19cd6 (Connexion interrompue). Possibly consider using a shorter maxLifetime value.
2026-04-28 09:46:12.736 [scheduling-1] WARN  com.zaxxer.hikari.pool.PoolBase - HikariPool-1 - Failed to validate connection oracle.jdbc.driver.T4CConnection@359aed1d (Connexion interrompue). Possibly consider using a shorter maxLifetime value.
2026-04-28 09:46:12.739 [scheduling-1] WARN  com.zaxxer.hikari.pool.PoolBase - HikariPool-1 - Failed to validate connection oracle.jdbc.driver.T4CConnection@399218ec (Connexion interrompue). Possibly consider using a shorter maxLifetime value.
2026-04-28 09:46:12.743 [scheduling-1] WARN  com.zaxxer.hikari.pool.PoolBase - HikariPool-1 - Failed to validate connection oracle.jdbc.driver.T4CConnection@5bc91be (Connexion interrompue). Possibly consider using a shorter maxLifetime value.
2026-04-28 09:46:12.746 [scheduling-1] WARN  com.zaxxer.hikari.pool.PoolBase - HikariPool-1 - Failed to validate connection oracle.jdbc.driver.T4CConnection@60f8027b (Connexion interrompue). Possibly consider using a shorter maxLifetime value.
2026-04-28 09:46:14.100 [HikariPool-1 housekeeper] WARN  com.zaxxer.hikari.pool.HikariPool - HikariPool-1 - Thread starvation or clock leap detected (housekeeper delta=43m42s59ms598µs200ns).
2026-04-28 09:54:39.608 [scheduling-1] INFO  c.e.s.Scheduler.SignatureScheduler - === Fin traitement reception ===
2026-04-28 09:54:39.608 [scheduling-1] INFO  c.e.s.Scheduler.SignatureScheduler - Début traitement automatique des signatures...
2026-04-28 09:54:40.168 [scheduling-1] INFO  c.e.s.Scheduler.SignatureScheduler - Fin traitement signatures
2026-04-28 09:54:59.667 [HikariPool-1 housekeeper] WARN  com.zaxxer.hikari.pool.HikariPool - HikariPool-1 - Thread starvation or clock leap detected (housekeeper delta=8m45s567ms203µs200ns).
2026-04-28 09:55:00.016 [scheduling-1] INFO  c.e.s.Scheduler.SignatureScheduler - === Début traitement automatique reception ===
2026-04-28 09:55:00.342 [scheduling-1] INFO  c.e.s.Scheduler.SignatureScheduler - === Fin traitement reception ===
2026-04-28 09:55:00.345 [scheduling-1] INFO  c.e.s.Scheduler.SignatureScheduler - Début traitement automatique des signatures...
2026-04-28 09:55:01.963 [scheduling-1] INFO  c.e.s.Scheduler.SignatureScheduler - Fin traitement signatures
2026-04-28 09:56:00.003 [scheduling-1] INFO  c.e.s.Scheduler.SignatureScheduler - === Début traitement automatique reception ===
2026-04-28 09:56:00.308 [scheduling-1] INFO  c.e.s.Scheduler.SignatureScheduler - === Fin traitement reception ===
2026-04-28 09:56:00.310 [scheduling-1] INFO  c.e.s.Scheduler.SignatureScheduler - Début traitement automatique des signatures...
2026-04-28 09:56:00.841 [scheduling-1] INFO  c.e.s.Scheduler.SignatureScheduler - Fin traitement signatures
2026-04-28 09:57:00.003 [scheduling-1] INFO  c.e.s.Scheduler.SignatureScheduler - Début traitement automatique des signatures...
2026-04-28 09:57:00.604 [scheduling-1] INFO  c.e.s.Scheduler.SignatureScheduler - Fin traitement signatures
2026-04-28 09:57:00.606 [scheduling-1] INFO  c.e.s.Scheduler.SignatureScheduler - === Début traitement automatique reception ===
2026-04-28 09:57:00.832 [scheduling-1] INFO  c.e.s.Scheduler.SignatureScheduler - === Fin traitement reception ===
2026-04-28 09:58:00.007 [scheduling-1] INFO  c.e.s.Scheduler.SignatureScheduler - === Début traitement automatique reception ===
2026-04-28 09:58:00.290 [scheduling-1] INFO  c.e.s.Scheduler.SignatureScheduler - === Fin traitement reception ===
2026-04-28 09:58:00.290 [scheduling-1] INFO  c.e.s.Scheduler.SignatureScheduler - Début traitement automatique des signatures...
2026-04-28 09:58:00.816 [scheduling-1] INFO  c.e.s.Scheduler.SignatureScheduler - Fin traitement signatures
2026-04-28 09:59:00.019 [scheduling-1] INFO  c.e.s.Scheduler.SignatureScheduler - === Début traitement automatique reception ===
2026-04-28 09:59:00.443 [scheduling-1] INFO  c.e.s.Scheduler.SignatureScheduler - === Fin traitement reception ===
2026-04-28 09:59:00.445 [scheduling-1] INFO  c.e.s.Scheduler.SignatureScheduler - Début traitement automatique des signatures...
2026-04-28 09:59:00.957 [scheduling-1] INFO  c.e.s.Scheduler.SignatureScheduler - Fin traitement signatures
2026-04-28 10:00:00.004 [scheduling-1] INFO  c.e.s.Scheduler.SignatureScheduler - === Début traitement automatique reception ===
2026-04-28 10:00:00.317 [scheduling-1] INFO  c.e.s.Scheduler.SignatureScheduler - === Fin traitement reception ===
2026-04-28 10:00:00.319 [scheduling-1] INFO  c.e.s.Scheduler.SignatureScheduler - Début traitement automatique des signatures...
2026-04-28 10:00:00.816 [scheduling-1] INFO  c.e.s.Scheduler.SignatureScheduler - Fin traitement signatures
2026-04-28 10:36:11.411 [HikariPool-1 housekeeper] WARN  com.zaxxer.hikari.pool.HikariPool - HikariPool-1 - Thread starvation or clock leap detected (housekeeper delta=35m41s635ms692µs700ns).
2026-04-28 10:36:11.634 [scheduling-1] INFO  c.e.s.Scheduler.SignatureScheduler - === Début traitement automatique reception ===
2026-04-28 11:01:04.219 [scheduling-1] INFO  c.e.s.Scheduler.SignatureScheduler - === Fin traitement reception ===
2026-04-28 11:01:04.219 [scheduling-1] INFO  c.e.s.Scheduler.SignatureScheduler - Début traitement automatique des signatures...
2026-04-28 11:01:04.757 [scheduling-1] INFO  c.e.s.Scheduler.SignatureScheduler - Fin traitement signatures
2026-04-28 11:01:30.554 [HikariPool-1 housekeeper] WARN  com.zaxxer.hikari.pool.HikariPool - HikariPool-1 - Thread starvation or clock leap detected (housekeeper delta=25m19s142ms193µs400ns).
2026-04-28 11:02:00.008 [scheduling-1] INFO  c.e.s.Scheduler.SignatureScheduler - Début traitement automatique des signatures...
2026-04-28 11:02:00.587 [scheduling-1] INFO  c.e.s.Scheduler.SignatureScheduler - Fin traitement signatures
2026-04-28 11:02:00.601 [scheduling-1] INFO  c.e.s.Scheduler.SignatureScheduler - === Début traitement automatique reception ===
2026-04-28 11:02:00.831 [scheduling-1] INFO  c.e.s.Scheduler.SignatureScheduler - === Fin traitement reception ===
2026-04-28 11:03:00.013 [scheduling-1] INFO  c.e.s.Scheduler.SignatureScheduler - === Début traitement automatique reception ===
2026-04-28 11:03:00.355 [scheduling-1] INFO  c.e.s.Scheduler.SignatureScheduler - === Fin traitement reception ===
2026-04-28 11:03:00.355 [scheduling-1] INFO  c.e.s.Scheduler.SignatureScheduler - Début traitement automatique des signatures...
2026-04-28 11:03:00.859 [scheduling-1] INFO  c.e.s.Scheduler.SignatureScheduler - Fin traitement signatures
2026-04-28 11:04:00.003 [scheduling-1] INFO  c.e.s.Scheduler.SignatureScheduler - Début traitement automatique des signatures...
2026-04-28 11:04:00.605 [scheduling-1] INFO  c.e.s.Scheduler.SignatureScheduler - Fin traitement signatures
2026-04-28 11:04:00.605 [scheduling-1] INFO  c.e.s.Scheduler.SignatureScheduler - === Début traitement automatique reception ===
2026-04-28 11:04:00.864 [scheduling-1] INFO  c.e.s.Scheduler.SignatureScheduler - === Fin traitement reception ===
2026-04-28 11:05:00.012 [scheduling-1] INFO  c.e.s.Scheduler.SignatureScheduler - === Début traitement automatique reception ===
2026-04-28 11:05:00.333 [scheduling-1] INFO  c.e.s.Scheduler.SignatureScheduler - === Fin traitement reception ===
2026-04-28 11:05:00.333 [scheduling-1] INFO  c.e.s.Scheduler.SignatureScheduler - Début traitement automatique des signatures...
2026-04-28 11:05:00.851 [scheduling-1] INFO  c.e.s.Scheduler.SignatureScheduler - Fin traitement signatures
2026-04-28 11:06:00.003 [scheduling-1] INFO  c.e.s.Scheduler.SignatureScheduler - Début traitement automatique des signatures...
2026-04-28 11:06:00.689 [scheduling-1] INFO  c.e.s.Scheduler.SignatureScheduler - Fin traitement signatures
2026-04-28 11:06:00.691 [scheduling-1] INFO  c.e.s.Scheduler.SignatureScheduler - === Début traitement automatique reception ===
2026-04-28 11:06:00.937 [scheduling-1] INFO  c.e.s.Scheduler.SignatureScheduler - === Fin traitement reception ===
2026-04-28 11:07:00.012 [scheduling-1] INFO  c.e.s.Scheduler.SignatureScheduler - Début traitement automatique des signatures...
2026-04-28 11:07:00.589 [scheduling-1] INFO  c.e.s.Scheduler.SignatureScheduler - Fin traitement signatures
2026-04-28 11:07:00.591 [scheduling-1] INFO  c.e.s.Scheduler.SignatureScheduler - === Début traitement automatique reception ===
2026-04-28 11:07:00.808 [scheduling-1] INFO  c.e.s.Scheduler.SignatureScheduler - === Fin traitement reception ===
2026-04-28 11:08:00.004 [scheduling-1] INFO  c.e.s.Scheduler.SignatureScheduler - === Début traitement automatique reception ===
2026-04-28 11:08:00.540 [scheduling-1] INFO  c.e.s.Scheduler.SignatureScheduler - === Fin traitement reception ===
2026-04-28 11:08:00.540 [scheduling-1] INFO  c.e.s.Scheduler.SignatureScheduler - Début traitement automatique des signatures...
2026-04-28 11:08:01.445 [scheduling-1] INFO  c.e.s.Scheduler.SignatureScheduler - Fin traitement signatures
2026-04-28 11:09:00.006 [scheduling-1] INFO  c.e.s.Scheduler.SignatureScheduler - === Début traitement automatique reception ===
2026-04-28 11:09:00.410 [scheduling-1] INFO  c.e.s.Scheduler.SignatureScheduler - === Fin traitement reception ===
2026-04-28 11:09:00.410 [scheduling-1] INFO  c.e.s.Scheduler.SignatureScheduler - Début traitement automatique des signatures...
2026-04-28 11:09:01.470 [scheduling-1] INFO  c.e.s.Scheduler.SignatureScheduler - Fin traitement signatures
2026-04-28 11:10:00.014 [scheduling-1] INFO  c.e.s.Scheduler.SignatureScheduler - Début traitement automatique des signatures...
2026-04-28 11:10:00.755 [scheduling-1] INFO  c.e.s.Scheduler.SignatureScheduler - Fin traitement signatures
2026-04-28 11:10:00.770 [scheduling-1] INFO  c.e.s.Scheduler.SignatureScheduler - === Début traitement automatique reception ===
2026-04-28 11:10:00.996 [scheduling-1] INFO  c.e.s.Scheduler.SignatureScheduler - === Fin traitement reception ===
2026-04-28 11:11:00.009 [scheduling-1] INFO  c.e.s.Scheduler.SignatureScheduler - Début traitement automatique des signatures...
2026-04-28 11:11:00.624 [scheduling-1] INFO  c.e.s.Scheduler.SignatureScheduler - Fin traitement signatures
2026-04-28 11:11:00.624 [scheduling-1] INFO  c.e.s.Scheduler.SignatureScheduler - === Début traitement automatique reception ===
2026-04-28 11:11:00.858 [scheduling-1] INFO  c.e.s.Scheduler.SignatureScheduler - === Fin traitement reception ===
2026-04-28 11:12:00.009 [scheduling-1] INFO  c.e.s.Scheduler.SignatureScheduler - Début traitement automatique des signatures...
2026-04-28 11:12:00.588 [scheduling-1] INFO  c.e.s.Scheduler.SignatureScheduler - Fin traitement signatures
2026-04-28 11:12:00.588 [scheduling-1] INFO  c.e.s.Scheduler.SignatureScheduler - === Début traitement automatique reception ===
2026-04-28 11:12:00.818 [scheduling-1] INFO  c.e.s.Scheduler.SignatureScheduler - === Fin traitement reception ===
2026-04-28 11:13:00.013 [scheduling-1] INFO  c.e.s.Scheduler.SignatureScheduler - === Début traitement automatique reception ===
2026-04-28 11:13:01.212 [scheduling-1] INFO  c.e.s.Scheduler.SignatureScheduler - === Fin traitement reception ===
2026-04-28 11:13:01.222 [scheduling-1] INFO  c.e.s.Scheduler.SignatureScheduler - Début traitement automatique des signatures...
2026-04-28 11:13:03.059 [scheduling-1] INFO  c.e.s.Scheduler.SignatureScheduler - Fin traitement signatures
2026-04-28 11:14:00.009 [scheduling-1] INFO  c.e.s.Scheduler.SignatureScheduler - === Début traitement automatique reception ===
2026-04-28 11:14:00.314 [scheduling-1] INFO  c.e.s.Scheduler.SignatureScheduler - === Fin traitement reception ===
2026-04-28 11:14:00.314 [scheduling-1] INFO  c.e.s.Scheduler.SignatureScheduler - Début traitement automatique des signatures...
2026-04-28 11:14:00.810 [scheduling-1] INFO  c.e.s.Scheduler.SignatureScheduler - Fin traitement signatures
2026-04-28 11:15:00.025 [scheduling-1] INFO  c.e.s.Scheduler.SignatureScheduler - === Début traitement automatique reception ===
2026-04-28 11:15:00.329 [scheduling-1] INFO  c.e.s.Scheduler.SignatureScheduler - === Fin traitement reception ===
2026-04-28 11:15:00.329 [scheduling-1] INFO  c.e.s.Scheduler.SignatureScheduler - Début traitement automatique des signatures...
2026-04-28 11:15:00.851 [scheduling-1] INFO  c.e.s.Scheduler.SignatureScheduler - Fin traitement signatures
2026-04-28 11:16:00.009 [scheduling-1] INFO  c.e.s.Scheduler.SignatureScheduler - Début traitement automatique des signatures...
2026-04-28 11:16:00.648 [scheduling-1] INFO  c.e.s.Scheduler.SignatureScheduler - Fin traitement signatures
2026-04-28 11:16:00.648 [scheduling-1] INFO  c.e.s.Scheduler.SignatureScheduler - === Début traitement automatique reception ===
2026-04-28 11:16:00.869 [scheduling-1] INFO  c.e.s.Scheduler.SignatureScheduler - === Fin traitement reception ===
2026-04-28 11:17:00.003 [scheduling-1] INFO  c.e.s.Scheduler.SignatureScheduler - Début traitement automatique des signatures...
2026-04-28 11:17:00.644 [scheduling-1] INFO  c.e.s.Scheduler.SignatureScheduler - Fin traitement signatures
2026-04-28 11:17:00.660 [scheduling-1] INFO  c.e.s.Scheduler.SignatureScheduler - === Début traitement automatique reception ===
2026-04-28 11:17:00.889 [scheduling-1] INFO  c.e.s.Scheduler.SignatureScheduler - === Fin traitement reception ===
2026-04-28 11:18:00.014 [scheduling-1] INFO  c.e.s.Scheduler.SignatureScheduler - Début traitement automatique des signatures...
2026-04-28 11:18:00.592 [scheduling-1] INFO  c.e.s.Scheduler.SignatureScheduler - Fin traitement signatures
2026-04-28 11:18:00.592 [scheduling-1] INFO  c.e.s.Scheduler.SignatureScheduler - === Début traitement automatique reception ===
2026-04-28 11:18:00.832 [scheduling-1] INFO  c.e.s.Scheduler.SignatureScheduler - === Fin traitement reception ===
2026-04-28 11:19:00.011 [scheduling-1] INFO  c.e.s.Scheduler.SignatureScheduler - === Début traitement automatique reception ===
2026-04-28 11:19:00.313 [scheduling-1] INFO  c.e.s.Scheduler.SignatureScheduler - === Fin traitement reception ===
2026-04-28 11:19:00.313 [scheduling-1] INFO  c.e.s.Scheduler.SignatureScheduler - Début traitement automatique des signatures...
2026-04-28 11:19:00.814 [scheduling-1] INFO  c.e.s.Scheduler.SignatureScheduler - Fin traitement signatures
2026-04-28 11:20:00.009 [scheduling-1] INFO  c.e.s.Scheduler.SignatureScheduler - === Début traitement automatique reception ===
2026-04-28 11:20:00.357 [scheduling-1] INFO  c.e.s.Scheduler.SignatureScheduler - === Fin traitement reception ===
2026-04-28 11:20:00.357 [scheduling-1] INFO  c.e.s.Scheduler.SignatureScheduler - Début traitement automatique des signatures...
2026-04-28 11:20:00.853 [scheduling-1] INFO  c.e.s.Scheduler.SignatureScheduler - Fin traitement signatures
2026-04-28 11:21:00.013 [scheduling-1] INFO  c.e.s.Scheduler.SignatureScheduler - === Début traitement automatique reception ===
2026-04-28 11:21:00.310 [scheduling-1] INFO  c.e.s.Scheduler.SignatureScheduler - === Fin traitement reception ===
2026-04-28 11:21:00.310 [scheduling-1] INFO  c.e.s.Scheduler.SignatureScheduler - Début traitement automatique des signatures...
2026-04-28 11:21:00.802 [scheduling-1] INFO  c.e.s.Scheduler.SignatureScheduler - Fin traitement signatures
2026-04-28 11:22:00.010 [scheduling-1] INFO  c.e.s.Scheduler.SignatureScheduler - === Début traitement automatique reception ===
2026-04-28 11:22:00.299 [scheduling-1] INFO  c.e.s.Scheduler.SignatureScheduler - === Fin traitement reception ===
2026-04-28 11:22:00.299 [scheduling-1] INFO  c.e.s.Scheduler.SignatureScheduler - Début traitement automatique des signatures...
2026-04-28 11:22:00.817 [scheduling-1] INFO  c.e.s.Scheduler.SignatureScheduler - Fin traitement signatures
2026-04-28 11:23:00.005 [scheduling-1] INFO  c.e.s.Scheduler.SignatureScheduler - Début traitement automatique des signatures...
2026-04-28 11:23:00.600 [scheduling-1] INFO  c.e.s.Scheduler.SignatureScheduler - Fin traitement signatures
2026-04-28 11:23:00.600 [scheduling-1] INFO  c.e.s.Scheduler.SignatureScheduler - === Début traitement automatique reception ===
2026-04-28 11:23:00.816 [scheduling-1] INFO  c.e.s.Scheduler.SignatureScheduler - === Fin traitement reception ===
2026-04-28 11:24:00.013 [scheduling-1] INFO  c.e.s.Scheduler.SignatureScheduler - === Début traitement automatique reception ===
2026-04-28 11:24:00.303 [scheduling-1] INFO  c.e.s.Scheduler.SignatureScheduler - === Fin traitement reception ===
2026-04-28 11:24:00.303 [scheduling-1] INFO  c.e.s.Scheduler.SignatureScheduler - Début traitement automatique des signatures...
2026-04-28 11:24:00.814 [scheduling-1] INFO  c.e.s.Scheduler.SignatureScheduler - Fin traitement signatures
2026-04-28 11:25:00.013 [scheduling-1] INFO  c.e.s.Scheduler.SignatureScheduler - === Début traitement automatique reception ===
2026-04-28 11:25:00.309 [scheduling-1] INFO  c.e.s.Scheduler.SignatureScheduler - === Fin traitement reception ===
2026-04-28 11:25:00.309 [scheduling-1] INFO  c.e.s.Scheduler.SignatureScheduler - Début traitement automatique des signatures...
2026-04-28 11:25:00.815 [scheduling-1] INFO  c.e.s.Scheduler.SignatureScheduler - Fin traitement signatures
2026-04-28 11:26:00.005 [scheduling-1] INFO  c.e.s.Scheduler.SignatureScheduler - Début traitement automatique des signatures...
2026-04-28 11:26:00.598 [scheduling-1] INFO  c.e.s.Scheduler.SignatureScheduler - Fin traitement signatures
2026-04-28 11:26:00.600 [scheduling-1] INFO  c.e.s.Scheduler.SignatureScheduler - === Début traitement automatique reception ===
2026-04-28 11:26:00.816 [scheduling-1] INFO  c.e.s.Scheduler.SignatureScheduler - === Fin traitement reception ===
2026-04-28 11:27:00.014 [scheduling-1] INFO  c.e.s.Scheduler.SignatureScheduler - Début traitement automatique des signatures...
2026-04-28 11:27:00.624 [scheduling-1] INFO  c.e.s.Scheduler.SignatureScheduler - Fin traitement signatures
2026-04-28 11:27:00.624 [scheduling-1] INFO  c.e.s.Scheduler.SignatureScheduler - === Début traitement automatique reception ===
2026-04-28 11:27:00.850 [scheduling-1] INFO  c.e.s.Scheduler.SignatureScheduler - === Fin traitement reception ===
2026-04-28 11:28:00.002 [scheduling-1] INFO  c.e.s.Scheduler.SignatureScheduler - Début traitement automatique des signatures...
2026-04-28 11:28:00.596 [scheduling-1] INFO  c.e.s.Scheduler.SignatureScheduler - Fin traitement signatures
2026-04-28 11:28:00.608 [scheduling-1] INFO  c.e.s.Scheduler.SignatureScheduler - === Début traitement automatique reception ===
2026-04-28 11:28:00.819 [scheduling-1] INFO  c.e.s.Scheduler.SignatureScheduler - === Fin traitement reception ===
2026-04-28 11:29:00.011 [scheduling-1] INFO  c.e.s.Scheduler.SignatureScheduler - === Début traitement automatique reception ===
2026-04-28 11:29:00.318 [scheduling-1] INFO  c.e.s.Scheduler.SignatureScheduler - === Fin traitement reception ===
2026-04-28 11:29:00.340 [scheduling-1] INFO  c.e.s.Scheduler.SignatureScheduler - Début traitement automatique des signatures...
2026-04-28 11:29:00.848 [scheduling-1] INFO  c.e.s.Scheduler.SignatureScheduler - Fin traitement signatures
2026-04-28 11:30:00.005 [scheduling-1] INFO  c.e.s.Scheduler.SignatureScheduler - === Début traitement automatique reception ===
2026-04-28 11:30:00.311 [scheduling-1] INFO  c.e.s.Scheduler.SignatureScheduler - === Fin traitement reception ===
2026-04-28 11:30:00.311 [scheduling-1] INFO  c.e.s.Scheduler.SignatureScheduler - Début traitement automatique des signatures...
2026-04-28 11:30:00.803 [scheduling-1] INFO  c.e.s.Scheduler.SignatureScheduler - Fin traitement signatures
2026-04-28 11:31:00.020 [scheduling-1] INFO  c.e.s.Scheduler.SignatureScheduler - Début traitement automatique des signatures...
2026-04-28 11:31:00.645 [scheduling-1] INFO  c.e.s.Scheduler.SignatureScheduler - Fin traitement signatures
2026-04-28 11:31:00.645 [scheduling-1] INFO  c.e.s.Scheduler.SignatureScheduler - === Début traitement automatique reception ===
2026-04-28 11:31:00.871 [scheduling-1] INFO  c.e.s.Scheduler.SignatureScheduler - === Fin traitement reception ===
2026-04-28 11:32:00.018 [scheduling-1] INFO  c.e.s.Scheduler.SignatureScheduler - === Début traitement automatique reception ===
2026-04-28 11:32:00.321 [scheduling-1] INFO  c.e.s.Scheduler.SignatureScheduler - === Fin traitement reception ===
2026-04-28 11:32:00.338 [scheduling-1] INFO  c.e.s.Scheduler.SignatureScheduler - Début traitement automatique des signatures...
2026-04-28 11:32:00.850 [scheduling-1] INFO  c.e.s.Scheduler.SignatureScheduler - Fin traitement signatures
2026-04-28 11:33:00.013 [scheduling-1] INFO  c.e.s.Scheduler.SignatureScheduler - Début traitement automatique des signatures...
2026-04-28 11:33:00.605 [scheduling-1] INFO  c.e.s.Scheduler.SignatureScheduler - Fin traitement signatures
2026-04-28 11:33:00.605 [scheduling-1] INFO  c.e.s.Scheduler.SignatureScheduler - === Début traitement automatique reception ===
2026-04-28 11:33:00.825 [scheduling-1] INFO  c.e.s.Scheduler.SignatureScheduler - === Fin traitement reception ===
2026-04-28 11:34:00.004 [scheduling-1] INFO  c.e.s.Scheduler.SignatureScheduler - === Début traitement automatique reception ===
2026-04-28 11:34:00.332 [scheduling-1] INFO  c.e.s.Scheduler.SignatureScheduler - === Fin traitement reception ===
2026-04-28 11:34:00.332 [scheduling-1] INFO  c.e.s.Scheduler.SignatureScheduler - Début traitement automatique des signatures...
2026-04-28 11:34:00.836 [scheduling-1] INFO  c.e.s.Scheduler.SignatureScheduler - Fin traitement signatures
2026-04-28 11:35:00.007 [scheduling-1] INFO  c.e.s.Scheduler.SignatureScheduler - === Début traitement automatique reception ===
2026-04-28 11:35:00.746 [scheduling-1] INFO  c.e.s.Scheduler.SignatureScheduler - === Fin traitement reception ===
2026-04-28 11:35:00.746 [scheduling-1] INFO  c.e.s.Scheduler.SignatureScheduler - Début traitement automatique des signatures...
2026-04-28 11:35:02.020 [scheduling-1] INFO  c.e.s.Scheduler.SignatureScheduler - Fin traitement signatures
2026-04-28 11:36:00.003 [scheduling-1] INFO  c.e.s.Scheduler.SignatureScheduler - Début traitement automatique des signatures...
2026-04-28 11:36:00.568 [scheduling-1] INFO  c.e.s.Scheduler.SignatureScheduler - Fin traitement signatures
2026-04-28 11:36:00.568 [scheduling-1] INFO  c.e.s.Scheduler.SignatureScheduler - === Début traitement automatique reception ===
2026-04-28 11:36:00.790 [scheduling-1] INFO  c.e.s.Scheduler.SignatureScheduler - === Fin traitement reception ===
2026-04-28 11:37:00.005 [scheduling-1] INFO  c.e.s.Scheduler.SignatureScheduler - === Début traitement automatique reception ===
2026-04-28 11:37:00.309 [scheduling-1] INFO  c.e.s.Scheduler.SignatureScheduler - === Fin traitement reception ===
2026-04-28 11:37:00.309 [scheduling-1] INFO  c.e.s.Scheduler.SignatureScheduler - Début traitement automatique des signatures...
2026-04-28 11:37:00.789 [scheduling-1] INFO  c.e.s.Scheduler.SignatureScheduler - Fin traitement signatures
2026-04-28 11:38:00.005 [scheduling-1] INFO  c.e.s.Scheduler.SignatureScheduler - === Début traitement automatique reception ===
2026-04-28 11:38:00.293 [scheduling-1] INFO  c.e.s.Scheduler.SignatureScheduler - === Fin traitement reception ===
2026-04-28 11:38:00.293 [scheduling-1] INFO  c.e.s.Scheduler.SignatureScheduler - Début traitement automatique des signatures...
2026-04-28 11:38:00.805 [scheduling-1] INFO  c.e.s.Scheduler.SignatureScheduler - Fin traitement signatures
2026-04-28 11:39:00.010 [scheduling-1] INFO  c.e.s.Scheduler.SignatureScheduler - Début traitement automatique des signatures...
2026-04-28 11:39:00.604 [scheduling-1] INFO  c.e.s.Scheduler.SignatureScheduler - Fin traitement signatures
2026-04-28 11:39:00.604 [scheduling-1] INFO  c.e.s.Scheduler.SignatureScheduler - === Début traitement automatique reception ===
2026-04-28 11:39:00.835 [scheduling-1] INFO  c.e.s.Scheduler.SignatureScheduler - === Fin traitement reception ===
2026-04-28 11:40:00.011 [scheduling-1] INFO  c.e.s.Scheduler.SignatureScheduler - === Début traitement automatique reception ===
2026-04-28 11:40:00.807 [scheduling-1] INFO  c.e.s.Scheduler.SignatureScheduler - === Fin traitement reception ===
2026-04-28 11:40:00.807 [scheduling-1] INFO  c.e.s.Scheduler.SignatureScheduler - Début traitement automatique des signatures...
2026-04-28 11:40:01.895 [scheduling-1] INFO  c.e.s.Scheduler.SignatureScheduler - Fin traitement signatures
2026-04-28 11:41:00.000 [scheduling-1] INFO  c.e.s.Scheduler.SignatureScheduler - Début traitement automatique des signatures...
2026-04-28 11:41:00.595 [scheduling-1] INFO  c.e.s.Scheduler.SignatureScheduler - Fin traitement signatures
2026-04-28 11:41:00.595 [scheduling-1] INFO  c.e.s.Scheduler.SignatureScheduler - === Début traitement automatique reception ===
2026-04-28 11:41:00.835 [scheduling-1] INFO  c.e.s.Scheduler.SignatureScheduler - === Fin traitement reception ===
2026-04-28 11:42:00.014 [scheduling-1] INFO  c.e.s.Scheduler.SignatureScheduler - === Début traitement automatique reception ===
2026-04-28 11:42:00.303 [scheduling-1] INFO  c.e.s.Scheduler.SignatureScheduler - === Fin traitement reception ===
2026-04-28 11:42:00.303 [scheduling-1] INFO  c.e.s.Scheduler.SignatureScheduler - Début traitement automatique des signatures...
2026-04-28 11:42:00.842 [scheduling-1] INFO  c.e.s.Scheduler.SignatureScheduler - Fin traitement signatures
2026-04-28 11:43:00.012 [scheduling-1] INFO  c.e.s.Scheduler.SignatureScheduler - Début traitement automatique des signatures...
2026-04-28 11:43:00.604 [scheduling-1] INFO  c.e.s.Scheduler.SignatureScheduler - Fin traitement signatures
2026-04-28 11:43:00.608 [scheduling-1] INFO  c.e.s.Scheduler.SignatureScheduler - === Début traitement automatique reception ===
2026-04-28 11:43:00.876 [scheduling-1] INFO  c.e.s.Scheduler.SignatureScheduler - === Fin traitement reception ===
2026-04-28 11:44:00.003 [scheduling-1] INFO  c.e.s.Scheduler.SignatureScheduler - === Début traitement automatique reception ===
2026-04-28 11:44:00.334 [scheduling-1] INFO  c.e.s.Scheduler.SignatureScheduler - === Fin traitement reception ===
2026-04-28 11:44:00.334 [scheduling-1] INFO  c.e.s.Scheduler.SignatureScheduler - Début traitement automatique des signatures...
2026-04-28 11:44:00.855 [scheduling-1] INFO  c.e.s.Scheduler.SignatureScheduler - Fin traitement signatures
2026-04-28 11:45:00.005 [scheduling-1] INFO  c.e.s.Scheduler.SignatureScheduler - Début traitement automatique des signatures...
2026-04-28 11:45:00.589 [scheduling-1] INFO  c.e.s.Scheduler.SignatureScheduler - Fin traitement signatures
2026-04-28 11:45:00.589 [scheduling-1] INFO  c.e.s.Scheduler.SignatureScheduler - === Début traitement automatique reception ===
2026-04-28 11:45:00.805 [scheduling-1] INFO  c.e.s.Scheduler.SignatureScheduler - === Fin traitement reception ===
2026-04-28 11:46:00.005 [scheduling-1] INFO  c.e.s.Scheduler.SignatureScheduler - === Début traitement automatique reception ===
2026-04-28 11:46:00.310 [scheduling-1] INFO  c.e.s.Scheduler.SignatureScheduler - === Fin traitement reception ===
2026-04-28 11:46:00.315 [scheduling-1] INFO  c.e.s.Scheduler.SignatureScheduler - Début traitement automatique des signatures...
2026-04-28 11:46:00.854 [scheduling-1] INFO  c.e.s.Scheduler.SignatureScheduler - Fin traitement signatures
2026-04-28 11:47:00.008 [scheduling-1] INFO  c.e.s.Scheduler.SignatureScheduler - Début traitement automatique des signatures...
2026-04-28 11:47:01.533 [scheduling-1] INFO  c.e.s.Scheduler.SignatureScheduler - Fin traitement signatures
2026-04-28 11:47:01.534 [scheduling-1] INFO  c.e.s.Scheduler.SignatureScheduler - === Début traitement automatique reception ===
2026-04-28 11:47:02.023 [scheduling-1] INFO  c.e.s.Scheduler.SignatureScheduler - === Fin traitement reception ===
2026-04-28 11:48:00.003 [scheduling-1] INFO  c.e.s.Scheduler.SignatureScheduler - Début traitement automatique des signatures...
2026-04-28 11:48:00.616 [scheduling-1] INFO  c.e.s.Scheduler.SignatureScheduler - Fin traitement signatures
2026-04-28 11:48:00.616 [scheduling-1] INFO  c.e.s.Scheduler.SignatureScheduler - === Début traitement automatique reception ===
2026-04-28 11:48:00.859 [scheduling-1] INFO  c.e.s.Scheduler.SignatureScheduler - === Fin traitement reception ===
2026-04-28 11:49:00.012 [scheduling-1] INFO  c.e.s.Scheduler.SignatureScheduler - Début traitement automatique des signatures...
2026-04-28 11:49:00.621 [scheduling-1] INFO  c.e.s.Scheduler.SignatureScheduler - Fin traitement signatures
2026-04-28 11:49:00.623 [scheduling-1] INFO  c.e.s.Scheduler.SignatureScheduler - === Début traitement automatique reception ===
2026-04-28 11:49:00.849 [scheduling-1] INFO  c.e.s.Scheduler.SignatureScheduler - === Fin traitement reception ===
2026-04-28 11:50:00.002 [scheduling-1] INFO  c.e.s.Scheduler.SignatureScheduler - Début traitement automatique des signatures...
2026-04-28 11:50:00.571 [scheduling-1] INFO  c.e.s.Scheduler.SignatureScheduler - Fin traitement signatures
2026-04-28 11:50:00.571 [scheduling-1] INFO  c.e.s.Scheduler.SignatureScheduler - === Début traitement automatique reception ===
2026-04-28 11:50:00.914 [scheduling-1] INFO  c.e.s.Scheduler.SignatureScheduler - === Fin traitement reception ===
2026-04-28 11:51:00.012 [scheduling-1] INFO  c.e.s.Scheduler.SignatureScheduler - === Début traitement automatique reception ===
2026-04-28 11:51:00.329 [scheduling-1] INFO  c.e.s.Scheduler.SignatureScheduler - === Fin traitement reception ===
2026-04-28 11:51:00.329 [scheduling-1] INFO  c.e.s.Scheduler.SignatureScheduler - Début traitement automatique des signatures...
2026-04-28 11:51:00.826 [scheduling-1] INFO  c.e.s.Scheduler.SignatureScheduler - Fin traitement signatures
2026-04-28 11:52:00.017 [scheduling-1] INFO  c.e.s.Scheduler.SignatureScheduler - Début traitement automatique des signatures...
2026-04-28 11:52:01.519 [scheduling-1] INFO  c.e.s.Scheduler.SignatureScheduler - Fin traitement signatures
2026-04-28 11:52:01.519 [scheduling-1] INFO  c.e.s.Scheduler.SignatureScheduler - === Début traitement automatique reception ===
2026-04-28 11:52:01.744 [scheduling-1] INFO  c.e.s.Scheduler.SignatureScheduler - === Fin traitement reception ===
2026-04-28 11:53:00.004 [scheduling-1] INFO  c.e.s.Scheduler.SignatureScheduler - === Début traitement automatique reception ===
2026-04-28 11:53:00.328 [scheduling-1] INFO  c.e.s.Scheduler.SignatureScheduler - === Fin traitement reception ===
2026-04-28 11:53:00.330 [scheduling-1] INFO  c.e.s.Scheduler.SignatureScheduler - Début traitement automatique des signatures...
2026-04-28 11:53:00.828 [scheduling-1] INFO  c.e.s.Scheduler.SignatureScheduler - Fin traitement signatures
2026-04-28 11:54:00.010 [scheduling-1] INFO  c.e.s.Scheduler.SignatureScheduler - Début traitement automatique des signatures...
2026-04-28 11:54:00.574 [scheduling-1] INFO  c.e.s.Scheduler.SignatureScheduler - Fin traitement signatures
2026-04-28 11:54:00.574 [scheduling-1] INFO  c.e.s.Scheduler.SignatureScheduler - === Début traitement automatique reception ===
2026-04-28 11:54:00.805 [scheduling-1] INFO  c.e.s.Scheduler.SignatureScheduler - === Fin traitement reception ===
2026-04-28 11:55:00.003 [scheduling-1] INFO  c.e.s.Scheduler.SignatureScheduler - === Début traitement automatique reception ===
2026-04-28 11:55:00.305 [scheduling-1] INFO  c.e.s.Scheduler.SignatureScheduler - === Fin traitement reception ===
2026-04-28 11:55:00.305 [scheduling-1] INFO  c.e.s.Scheduler.SignatureScheduler - Début traitement automatique des signatures...
2026-04-28 11:55:00.841 [scheduling-1] INFO  c.e.s.Scheduler.SignatureScheduler - Fin traitement signatures
2026-04-28 11:56:00.007 [scheduling-1] INFO  c.e.s.Scheduler.SignatureScheduler - Début traitement automatique des signatures...
2026-04-28 11:56:00.595 [scheduling-1] INFO  c.e.s.Scheduler.SignatureScheduler - Fin traitement signatures
2026-04-28 11:56:00.601 [scheduling-1] INFO  c.e.s.Scheduler.SignatureScheduler - === Début traitement automatique reception ===
2026-04-28 11:56:00.815 [scheduling-1] INFO  c.e.s.Scheduler.SignatureScheduler - === Fin traitement reception ===
2026-04-28 11:57:00.005 [scheduling-1] INFO  c.e.s.Scheduler.SignatureScheduler - === Début traitement automatique reception ===
2026-04-28 11:57:00.287 [scheduling-1] INFO  c.e.s.Scheduler.SignatureScheduler - === Fin traitement reception ===
2026-04-28 11:57:00.287 [scheduling-1] INFO  c.e.s.Scheduler.SignatureScheduler - Début traitement automatique des signatures...
2026-04-28 11:57:00.817 [scheduling-1] INFO  c.e.s.Scheduler.SignatureScheduler - Fin traitement signatures
2026-04-28 11:58:00.013 [scheduling-1] INFO  c.e.s.Scheduler.SignatureScheduler - Début traitement automatique des signatures...
2026-04-28 11:58:00.594 [scheduling-1] INFO  c.e.s.Scheduler.SignatureScheduler - Fin traitement signatures
2026-04-28 11:58:00.594 [scheduling-1] INFO  c.e.s.Scheduler.SignatureScheduler - === Début traitement automatique reception ===
2026-04-28 11:58:00.810 [scheduling-1] INFO  c.e.s.Scheduler.SignatureScheduler - === Fin traitement reception ===
2026-04-28 11:59:00.014 [scheduling-1] INFO  c.e.s.Scheduler.SignatureScheduler - === Début traitement automatique reception ===
2026-04-28 11:59:00.303 [scheduling-1] INFO  c.e.s.Scheduler.SignatureScheduler - === Fin traitement reception ===
2026-04-28 11:59:00.303 [scheduling-1] INFO  c.e.s.Scheduler.SignatureScheduler - Début traitement automatique des signatures...
2026-04-28 11:59:00.853 [scheduling-1] INFO  c.e.s.Scheduler.SignatureScheduler - Fin traitement signatures
2026-04-28 12:00:00.018 [scheduling-1] INFO  c.e.s.Scheduler.SignatureScheduler - Début traitement automatique des signatures...
2026-04-28 12:00:00.598 [scheduling-1] INFO  c.e.s.Scheduler.SignatureScheduler - Fin traitement signatures
2026-04-28 12:00:00.598 [scheduling-1] INFO  c.e.s.Scheduler.SignatureScheduler - === Début traitement automatique reception ===
2026-04-28 12:00:00.807 [scheduling-1] INFO  c.e.s.Scheduler.SignatureScheduler - === Fin traitement reception ===
2026-04-28 12:01:00.003 [scheduling-1] INFO  c.e.s.Scheduler.SignatureScheduler - Début traitement automatique des signatures...
2026-04-28 12:01:02.309 [scheduling-1] INFO  c.e.s.Scheduler.SignatureScheduler - Fin traitement signatures
2026-04-28 12:01:02.309 [scheduling-1] INFO  c.e.s.Scheduler.SignatureScheduler - === Début traitement automatique reception ===
2026-04-28 12:01:02.692 [scheduling-1] INFO  c.e.s.Scheduler.SignatureScheduler - === Fin traitement reception ===
2026-04-28 12:02:00.001 [scheduling-1] INFO  c.e.s.Scheduler.SignatureScheduler - === Début traitement automatique reception ===
2026-04-28 12:02:00.324 [scheduling-1] INFO  c.e.s.Scheduler.SignatureScheduler - === Fin traitement reception ===
2026-04-28 12:02:00.324 [scheduling-1] INFO  c.e.s.Scheduler.SignatureScheduler - Début traitement automatique des signatures...
2026-04-28 12:02:00.823 [scheduling-1] INFO  c.e.s.Scheduler.SignatureScheduler - Fin traitement signatures
2026-04-28 12:03:00.002 [scheduling-1] INFO  c.e.s.Scheduler.SignatureScheduler - Début traitement automatique des signatures...
2026-04-28 12:03:00.662 [scheduling-1] INFO  c.e.s.Scheduler.SignatureScheduler - Fin traitement signatures
2026-04-28 12:03:00.666 [scheduling-1] INFO  c.e.s.Scheduler.SignatureScheduler - === Début traitement automatique reception ===
2026-04-28 12:03:00.877 [scheduling-1] INFO  c.e.s.Scheduler.SignatureScheduler - === Fin traitement reception ===
2026-04-28 12:04:00.001 [scheduling-1] INFO  c.e.s.Scheduler.SignatureScheduler - Début traitement automatique des signatures...
2026-04-28 12:04:00.622 [scheduling-1] INFO  c.e.s.Scheduler.SignatureScheduler - Fin traitement signatures
2026-04-28 12:04:00.622 [scheduling-1] INFO  c.e.s.Scheduler.SignatureScheduler - === Début traitement automatique reception ===
2026-04-28 12:04:00.849 [scheduling-1] INFO  c.e.s.Scheduler.SignatureScheduler - === Fin traitement reception ===
2026-04-28 12:05:00.007 [scheduling-1] INFO  c.e.s.Scheduler.SignatureScheduler - Début traitement automatique des signatures...
2026-04-28 12:05:00.577 [scheduling-1] INFO  c.e.s.Scheduler.SignatureScheduler - Fin traitement signatures
2026-04-28 12:05:00.578 [scheduling-1] INFO  c.e.s.Scheduler.SignatureScheduler - === Début traitement automatique reception ===
2026-04-28 12:05:00.795 [scheduling-1] INFO  c.e.s.Scheduler.SignatureScheduler - === Fin traitement reception ===
2026-04-28 12:06:00.013 [scheduling-1] INFO  c.e.s.Scheduler.SignatureScheduler - Début traitement automatique des signatures...
2026-04-28 12:06:00.577 [scheduling-1] INFO  c.e.s.Scheduler.SignatureScheduler - Fin traitement signatures
2026-04-28 12:06:00.577 [scheduling-1] INFO  c.e.s.Scheduler.SignatureScheduler - === Début traitement automatique reception ===
2026-04-28 12:06:00.781 [scheduling-1] INFO  c.e.s.Scheduler.SignatureScheduler - === Fin traitement reception ===
2026-04-28 12:07:00.006 [scheduling-1] INFO  c.e.s.Scheduler.SignatureScheduler - Début traitement automatique des signatures...
2026-04-28 12:07:00.623 [scheduling-1] INFO  c.e.s.Scheduler.SignatureScheduler - Fin traitement signatures
2026-04-28 12:07:00.623 [scheduling-1] INFO  c.e.s.Scheduler.SignatureScheduler - === Début traitement automatique reception ===
2026-04-28 12:07:00.855 [scheduling-1] INFO  c.e.s.Scheduler.SignatureScheduler - === Fin traitement reception ===
2026-04-28 12:08:00.007 [scheduling-1] INFO  c.e.s.Scheduler.SignatureScheduler - === Début traitement automatique reception ===
2026-04-28 12:08:00.307 [scheduling-1] INFO  c.e.s.Scheduler.SignatureScheduler - === Fin traitement reception ===
2026-04-28 12:08:00.308 [scheduling-1] INFO  c.e.s.Scheduler.SignatureScheduler - Début traitement automatique des signatures...
2026-04-28 12:08:00.814 [scheduling-1] INFO  c.e.s.Scheduler.SignatureScheduler - Fin traitement signatures
2026-04-28 12:09:00.001 [scheduling-1] INFO  c.e.s.Scheduler.SignatureScheduler - === Début traitement automatique reception ===
2026-04-28 12:09:00.329 [scheduling-1] INFO  c.e.s.Scheduler.SignatureScheduler - === Fin traitement reception ===
2026-04-28 12:09:00.329 [scheduling-1] INFO  c.e.s.Scheduler.SignatureScheduler - Début traitement automatique des signatures...
2026-04-28 12:09:00.819 [scheduling-1] INFO  c.e.s.Scheduler.SignatureScheduler - Fin traitement signatures
2026-04-28 12:10:00.003 [scheduling-1] INFO  c.e.s.Scheduler.SignatureScheduler - Début traitement automatique des signatures...
2026-04-28 12:10:00.581 [scheduling-1] INFO  c.e.s.Scheduler.SignatureScheduler - Fin traitement signatures
2026-04-28 12:10:00.583 [scheduling-1] INFO  c.e.s.Scheduler.SignatureScheduler - === Début traitement automatique reception ===
2026-04-28 12:10:00.792 [scheduling-1] INFO  c.e.s.Scheduler.SignatureScheduler - === Fin traitement reception ===
2026-04-28 12:11:00.005 [scheduling-1] INFO  c.e.s.Scheduler.SignatureScheduler - === Début traitement automatique reception ===
2026-04-28 12:11:00.308 [scheduling-1] INFO  c.e.s.Scheduler.SignatureScheduler - === Fin traitement reception ===
2026-04-28 12:11:00.308 [scheduling-1] INFO  c.e.s.Scheduler.SignatureScheduler - Début traitement automatique des signatures...
2026-04-28 12:11:00.825 [scheduling-1] INFO  c.e.s.Scheduler.SignatureScheduler - Fin traitement signatures
2026-04-28 12:12:00.000 [scheduling-1] INFO  c.e.s.Scheduler.SignatureScheduler - Début traitement automatique des signatures...
2026-04-28 12:12:00.604 [scheduling-1] INFO  c.e.s.Scheduler.SignatureScheduler - Fin traitement signatures
2026-04-28 12:12:00.604 [scheduling-1] INFO  c.e.s.Scheduler.SignatureScheduler - === Début traitement automatique reception ===
2026-04-28 12:12:00.822 [scheduling-1] INFO  c.e.s.Scheduler.SignatureScheduler - === Fin traitement reception ===
2026-04-28 12:13:00.006 [scheduling-1] INFO  c.e.s.Scheduler.SignatureScheduler - === Début traitement automatique reception ===
2026-04-28 12:13:00.313 [scheduling-1] INFO  c.e.s.Scheduler.SignatureScheduler - === Fin traitement reception ===
2026-04-28 12:13:00.313 [scheduling-1] INFO  c.e.s.Scheduler.SignatureScheduler - Début traitement automatique des signatures...
2026-04-28 12:13:00.793 [scheduling-1] INFO  c.e.s.Scheduler.SignatureScheduler - Fin traitement signatures
2026-04-28 12:14:00.011 [scheduling-1] INFO  c.e.s.Scheduler.SignatureScheduler - === Début traitement automatique reception ===
2026-04-28 12:14:00.301 [scheduling-1] INFO  c.e.s.Scheduler.SignatureScheduler - === Fin traitement reception ===
2026-04-28 12:14:00.301 [scheduling-1] INFO  c.e.s.Scheduler.SignatureScheduler - Début traitement automatique des signatures...
2026-04-28 12:14:00.817 [scheduling-1] INFO  c.e.s.Scheduler.SignatureScheduler - Fin traitement signatures
2026-04-28 12:15:00.004 [scheduling-1] INFO  c.e.s.Scheduler.SignatureScheduler - Début traitement automatique des signatures...
2026-04-28 12:15:01.125 [scheduling-1] INFO  c.e.s.Scheduler.SignatureScheduler - Fin traitement signatures
2026-04-28 12:15:01.127 [scheduling-1] INFO  c.e.s.Scheduler.SignatureScheduler - === Début traitement automatique reception ===
2026-04-28 12:15:01.349 [scheduling-1] INFO  c.e.s.Scheduler.SignatureScheduler - === Fin traitement reception ===
2026-04-28 12:16:00.009 [scheduling-1] INFO  c.e.s.Scheduler.SignatureScheduler - === Début traitement automatique reception ===
2026-04-28 12:16:00.316 [scheduling-1] INFO  c.e.s.Scheduler.SignatureScheduler - === Fin traitement reception ===
2026-04-28 12:16:00.316 [scheduling-1] INFO  c.e.s.Scheduler.SignatureScheduler - Début traitement automatique des signatures...
2026-04-28 12:16:00.831 [scheduling-1] INFO  c.e.s.Scheduler.SignatureScheduler - Fin traitement signatures
2026-04-28 12:17:00.001 [scheduling-1] INFO  c.e.s.Scheduler.SignatureScheduler - === Début traitement automatique reception ===
2026-04-28 12:17:00.333 [scheduling-1] INFO  c.e.s.Scheduler.SignatureScheduler - === Fin traitement reception ===
2026-04-28 12:17:00.335 [scheduling-1] INFO  c.e.s.Scheduler.SignatureScheduler - Début traitement automatique des signatures...
2026-04-28 12:17:00.838 [scheduling-1] INFO  c.e.s.Scheduler.SignatureScheduler - Fin traitement signatures
2026-04-28 12:18:00.007 [scheduling-1] INFO  c.e.s.Scheduler.SignatureScheduler - === Début traitement automatique reception ===
2026-04-28 12:18:00.278 [scheduling-1] INFO  c.e.s.Scheduler.SignatureScheduler - === Fin traitement reception ===
2026-04-28 12:18:00.278 [scheduling-1] INFO  c.e.s.Scheduler.SignatureScheduler - Début traitement automatique des signatures...
2026-04-28 12:18:00.812 [scheduling-1] INFO  c.e.s.Scheduler.SignatureScheduler - Fin traitement signatures
2026-04-28 12:19:00.015 [scheduling-1] INFO  c.e.s.Scheduler.SignatureScheduler - Début traitement automatique des signatures...
2026-04-28 12:19:00.587 [scheduling-1] INFO  c.e.s.Scheduler.SignatureScheduler - Fin traitement signatures
2026-04-28 12:19:00.587 [scheduling-1] INFO  c.e.s.Scheduler.SignatureScheduler - === Début traitement automatique reception ===
2026-04-28 12:19:00.803 [scheduling-1] INFO  c.e.s.Scheduler.SignatureScheduler - === Fin traitement reception ===
2026-04-28 12:20:00.006 [scheduling-1] INFO  c.e.s.Scheduler.SignatureScheduler - Début traitement automatique des signatures...
2026-04-28 12:20:00.576 [scheduling-1] INFO  c.e.s.Scheduler.SignatureScheduler - Fin traitement signatures
2026-04-28 12:20:00.576 [scheduling-1] INFO  c.e.s.Scheduler.SignatureScheduler - === Début traitement automatique reception ===
2026-04-28 12:20:00.792 [scheduling-1] INFO  c.e.s.Scheduler.SignatureScheduler - === Fin traitement reception ===
2026-04-28 12:21:00.007 [scheduling-1] INFO  c.e.s.Scheduler.SignatureScheduler - === Début traitement automatique reception ===
2026-04-28 12:21:00.308 [scheduling-1] INFO  c.e.s.Scheduler.SignatureScheduler - === Fin traitement reception ===
2026-04-28 12:21:00.308 [scheduling-1] INFO  c.e.s.Scheduler.SignatureScheduler - Début traitement automatique des signatures...
2026-04-28 12:21:00.798 [scheduling-1] INFO  c.e.s.Scheduler.SignatureScheduler - Fin traitement signatures
2026-04-28 12:22:00.015 [scheduling-1] INFO  c.e.s.Scheduler.SignatureScheduler - Début traitement automatique des signatures...
2026-04-28 12:22:00.596 [scheduling-1] INFO  c.e.s.Scheduler.SignatureScheduler - Fin traitement signatures
2026-04-28 12:22:00.596 [scheduling-1] INFO  c.e.s.Scheduler.SignatureScheduler - === Début traitement automatique reception ===
2026-04-28 12:22:00.832 [scheduling-1] INFO  c.e.s.Scheduler.SignatureScheduler - === Fin traitement reception ===
2026-04-28 12:23:00.011 [scheduling-1] INFO  c.e.s.Scheduler.SignatureScheduler - === Début traitement automatique reception ===
2026-04-28 12:23:00.330 [scheduling-1] INFO  c.e.s.Scheduler.SignatureScheduler - === Fin traitement reception ===
2026-04-28 12:23:00.330 [scheduling-1] INFO  c.e.s.Scheduler.SignatureScheduler - Début traitement automatique des signatures...
2026-04-28 12:23:00.813 [scheduling-1] INFO  c.e.s.Scheduler.SignatureScheduler - Fin traitement signatures
2026-04-28 12:24:00.011 [scheduling-1] INFO  c.e.s.Scheduler.SignatureScheduler - Début traitement automatique des signatures...
2026-04-28 12:24:00.620 [scheduling-1] INFO  c.e.s.Scheduler.SignatureScheduler - Fin traitement signatures
2026-04-28 12:24:00.620 [scheduling-1] INFO  c.e.s.Scheduler.SignatureScheduler - === Début traitement automatique reception ===
2026-04-28 12:24:00.852 [scheduling-1] INFO  c.e.s.Scheduler.SignatureScheduler - === Fin traitement reception ===
2026-04-28 12:25:00.004 [scheduling-1] INFO  c.e.s.Scheduler.SignatureScheduler - Début traitement automatique des signatures...
2026-04-28 12:25:00.625 [scheduling-1] INFO  c.e.s.Scheduler.SignatureScheduler - Fin traitement signatures
2026-04-28 12:25:00.625 [scheduling-1] INFO  c.e.s.Scheduler.SignatureScheduler - === Début traitement automatique reception ===
2026-04-28 12:25:00.892 [scheduling-1] INFO  c.e.s.Scheduler.SignatureScheduler - === Fin traitement reception ===
2026-04-28 12:26:00.012 [scheduling-1] INFO  c.e.s.Scheduler.SignatureScheduler - === Début traitement automatique reception ===
2026-04-28 12:26:00.315 [scheduling-1] INFO  c.e.s.Scheduler.SignatureScheduler - === Fin traitement reception ===
2026-04-28 12:26:00.315 [scheduling-1] INFO  c.e.s.Scheduler.SignatureScheduler - Début traitement automatique des signatures...
2026-04-28 12:26:00.801 [scheduling-1] INFO  c.e.s.Scheduler.SignatureScheduler - Fin traitement signatures
2026-04-28 12:27:00.006 [scheduling-1] INFO  c.e.s.Scheduler.SignatureScheduler - === Début traitement automatique reception ===
2026-04-28 12:27:00.323 [scheduling-1] INFO  c.e.s.Scheduler.SignatureScheduler - === Fin traitement reception ===
2026-04-28 12:27:00.323 [scheduling-1] INFO  c.e.s.Scheduler.SignatureScheduler - Début traitement automatique des signatures...
2026-04-28 12:27:00.808 [scheduling-1] INFO  c.e.s.Scheduler.SignatureScheduler - Fin traitement signatures
2026-04-28 12:28:00.009 [scheduling-1] INFO  c.e.s.Scheduler.SignatureScheduler - === Début traitement automatique reception ===
2026-04-28 12:28:00.296 [scheduling-1] INFO  c.e.s.Scheduler.SignatureScheduler - === Fin traitement reception ===
2026-04-28 12:28:00.296 [scheduling-1] INFO  c.e.s.Scheduler.SignatureScheduler - Début traitement automatique des signatures...
2026-04-28 12:28:00.779 [scheduling-1] INFO  c.e.s.Scheduler.SignatureScheduler - Fin traitement signatures
2026-04-28 12:29:00.013 [scheduling-1] INFO  c.e.s.Scheduler.SignatureScheduler - Début traitement automatique des signatures...
2026-04-28 12:29:00.603 [scheduling-1] INFO  c.e.s.Scheduler.SignatureScheduler - Fin traitement signatures
2026-04-28 12:29:00.603 [scheduling-1] INFO  c.e.s.Scheduler.SignatureScheduler - === Début traitement automatique reception ===
2026-04-28 12:29:00.833 [scheduling-1] INFO  c.e.s.Scheduler.SignatureScheduler - === Fin traitement reception ===
2026-04-28 12:30:00.006 [scheduling-1] INFO  c.e.s.Scheduler.SignatureScheduler - === Début traitement automatique reception ===
2026-04-28 12:30:00.326 [scheduling-1] INFO  c.e.s.Scheduler.SignatureScheduler - === Fin traitement reception ===
2026-04-28 12:30:00.326 [scheduling-1] INFO  c.e.s.Scheduler.SignatureScheduler - Début traitement automatique des signatures...
2026-04-28 12:30:00.810 [scheduling-1] INFO  c.e.s.Scheduler.SignatureScheduler - Fin traitement signatures
2026-04-28 12:31:00.014 [scheduling-1] INFO  c.e.s.Scheduler.SignatureScheduler - Début traitement automatique des signatures...
2026-04-28 12:31:00.599 [scheduling-1] INFO  c.e.s.Scheduler.SignatureScheduler - Fin traitement signatures
2026-04-28 12:31:00.600 [scheduling-1] INFO  c.e.s.Scheduler.SignatureScheduler - === Début traitement automatique reception ===
2026-04-28 12:31:00.818 [scheduling-1] INFO  c.e.s.Scheduler.SignatureScheduler - === Fin traitement reception ===
2026-04-28 12:32:00.007 [scheduling-1] INFO  c.e.s.Scheduler.SignatureScheduler - Début traitement automatique des signatures...
2026-04-28 12:32:00.590 [scheduling-1] INFO  c.e.s.Scheduler.SignatureScheduler - Fin traitement signatures
2026-04-28 12:32:00.590 [scheduling-1] INFO  c.e.s.Scheduler.SignatureScheduler - === Début traitement automatique reception ===
2026-04-28 12:32:00.825 [scheduling-1] INFO  c.e.s.Scheduler.SignatureScheduler - === Fin traitement reception ===
2026-04-28 12:33:00.008 [scheduling-1] INFO  c.e.s.Scheduler.SignatureScheduler - === Début traitement automatique reception ===
2026-04-28 12:33:00.314 [scheduling-1] INFO  c.e.s.Scheduler.SignatureScheduler - === Fin traitement reception ===
2026-04-28 12:33:00.314 [scheduling-1] INFO  c.e.s.Scheduler.SignatureScheduler - Début traitement automatique des signatures...
2026-04-28 12:33:00.857 [scheduling-1] INFO  c.e.s.Scheduler.SignatureScheduler - Fin traitement signatures
2026-04-28 12:34:00.016 [scheduling-1] INFO  c.e.s.Scheduler.SignatureScheduler - Début traitement automatique des signatures...
2026-04-28 12:34:00.596 [scheduling-1] INFO  c.e.s.Scheduler.SignatureScheduler - Fin traitement signatures
2026-04-28 12:34:00.596 [scheduling-1] INFO  c.e.s.Scheduler.SignatureScheduler - === Début traitement automatique reception ===
2026-04-28 12:34:00.813 [scheduling-1] INFO  c.e.s.Scheduler.SignatureScheduler - === Fin traitement reception ===
2026-04-28 12:35:00.010 [scheduling-1] INFO  c.e.s.Scheduler.SignatureScheduler - === Début traitement automatique reception ===
2026-04-28 12:35:00.326 [scheduling-1] INFO  c.e.s.Scheduler.SignatureScheduler - === Fin traitement reception ===
2026-04-28 12:35:00.326 [scheduling-1] INFO  c.e.s.Scheduler.SignatureScheduler - Début traitement automatique des signatures...
2026-04-28 12:35:00.843 [scheduling-1] INFO  c.e.s.Scheduler.SignatureScheduler - Fin traitement signatures
2026-04-28 12:36:00.009 [scheduling-1] INFO  c.e.s.Scheduler.SignatureScheduler - === Début traitement automatique reception ===
2026-04-28 12:36:00.315 [scheduling-1] INFO  c.e.s.Scheduler.SignatureScheduler - === Fin traitement reception ===
2026-04-28 12:36:00.315 [scheduling-1] INFO  c.e.s.Scheduler.SignatureScheduler - Début traitement automatique des signatures...
2026-04-28 12:36:00.818 [scheduling-1] INFO  c.e.s.Scheduler.SignatureScheduler - Fin traitement signatures
2026-04-28 12:37:00.023 [scheduling-1] INFO  c.e.s.Scheduler.SignatureScheduler - === Début traitement automatique reception ===
2026-04-28 12:37:00.340 [scheduling-1] INFO  c.e.s.Scheduler.SignatureScheduler - === Fin traitement reception ===
2026-04-28 12:37:00.340 [scheduling-1] INFO  c.e.s.Scheduler.SignatureScheduler - Début traitement automatique des signatures...
2026-04-28 12:37:00.860 [scheduling-1] INFO  c.e.s.Scheduler.SignatureScheduler - Fin traitement signatures
2026-04-28 12:38:00.014 [scheduling-1] INFO  c.e.s.Scheduler.SignatureScheduler - Début traitement automatique des signatures...
2026-04-28 12:38:00.598 [scheduling-1] INFO  c.e.s.Scheduler.SignatureScheduler - Fin traitement signatures
2026-04-28 12:38:00.599 [scheduling-1] INFO  c.e.s.Scheduler.SignatureScheduler - === Début traitement automatique reception ===
2026-04-28 12:38:00.816 [scheduling-1] INFO  c.e.s.Scheduler.SignatureScheduler - === Fin traitement reception ===
2026-04-28 12:39:00.004 [scheduling-1] INFO  c.e.s.Scheduler.SignatureScheduler - === Début traitement automatique reception ===
2026-04-28 12:39:00.288 [scheduling-1] INFO  c.e.s.Scheduler.SignatureScheduler - === Fin traitement reception ===
2026-04-28 12:39:00.289 [scheduling-1] INFO  c.e.s.Scheduler.SignatureScheduler - Début traitement automatique des signatures...
2026-04-28 12:39:00.770 [scheduling-1] INFO  c.e.s.Scheduler.SignatureScheduler - Fin traitement signatures
2026-04-28 12:40:00.005 [scheduling-1] INFO  c.e.s.Scheduler.SignatureScheduler - === Début traitement automatique reception ===
2026-04-28 12:40:00.312 [scheduling-1] INFO  c.e.s.Scheduler.SignatureScheduler - === Fin traitement reception ===
2026-04-28 12:40:00.314 [scheduling-1] INFO  c.e.s.Scheduler.SignatureScheduler - Début traitement automatique des signatures...
2026-04-28 12:40:00.812 [scheduling-1] INFO  c.e.s.Scheduler.SignatureScheduler - Fin traitement signatures
2026-04-28 12:41:00.012 [scheduling-1] INFO  c.e.s.Scheduler.SignatureScheduler - === Début traitement automatique reception ===
2026-04-28 12:41:00.319 [scheduling-1] INFO  c.e.s.Scheduler.SignatureScheduler - === Fin traitement reception ===
2026-04-28 12:41:00.319 [scheduling-1] INFO  c.e.s.Scheduler.SignatureScheduler - Début traitement automatique des signatures...
2026-04-28 12:41:00.830 [scheduling-1] INFO  c.e.s.Scheduler.SignatureScheduler - Fin traitement signatures
2026-04-28 12:42:00.002 [scheduling-1] INFO  c.e.s.Scheduler.SignatureScheduler - === Début traitement automatique reception ===
2026-04-28 12:42:00.313 [scheduling-1] INFO  c.e.s.Scheduler.SignatureScheduler - === Fin traitement reception ===
2026-04-28 12:42:00.313 [scheduling-1] INFO  c.e.s.Scheduler.SignatureScheduler - Début traitement automatique des signatures...
2026-04-28 12:42:00.833 [scheduling-1] INFO  c.e.s.Scheduler.SignatureScheduler - Fin traitement signatures
2026-04-28 12:43:00.014 [scheduling-1] INFO  c.e.s.Scheduler.SignatureScheduler - === Début traitement automatique reception ===
2026-04-28 12:43:00.318 [scheduling-1] INFO  c.e.s.Scheduler.SignatureScheduler - === Fin traitement reception ===
2026-04-28 12:43:00.320 [scheduling-1] INFO  c.e.s.Scheduler.SignatureScheduler - Début traitement automatique des signatures...
2026-04-28 12:43:00.808 [scheduling-1] INFO  c.e.s.Scheduler.SignatureScheduler - Fin traitement signatures
2026-04-28 12:44:00.005 [scheduling-1] INFO  c.e.s.Scheduler.SignatureScheduler - Début traitement automatique des signatures...
2026-04-28 12:44:00.571 [scheduling-1] INFO  c.e.s.Scheduler.SignatureScheduler - Fin traitement signatures
2026-04-28 12:44:00.571 [scheduling-1] INFO  c.e.s.Scheduler.SignatureScheduler - === Début traitement automatique reception ===
2026-04-28 12:44:00.788 [scheduling-1] INFO  c.e.s.Scheduler.SignatureScheduler - === Fin traitement reception ===
2026-04-28 12:45:00.008 [scheduling-1] INFO  c.e.s.Scheduler.SignatureScheduler - === Début traitement automatique reception ===
2026-04-28 12:45:00.296 [scheduling-1] INFO  c.e.s.Scheduler.SignatureScheduler - === Fin traitement reception ===
2026-04-28 12:45:00.296 [scheduling-1] INFO  c.e.s.Scheduler.SignatureScheduler - Début traitement automatique des signatures...
2026-04-28 12:45:00.811 [scheduling-1] INFO  c.e.s.Scheduler.SignatureScheduler - Fin traitement signatures
2026-04-28 12:46:00.011 [scheduling-1] INFO  c.e.s.Scheduler.SignatureScheduler - === Début traitement automatique reception ===
2026-04-28 12:46:00.318 [scheduling-1] INFO  c.e.s.Scheduler.SignatureScheduler - === Fin traitement reception ===
2026-04-28 12:46:00.318 [scheduling-1] INFO  c.e.s.Scheduler.SignatureScheduler - Début traitement automatique des signatures...
2026-04-28 12:46:00.834 [scheduling-1] INFO  c.e.s.Scheduler.SignatureScheduler - Fin traitement signatures
2026-04-28 12:47:00.006 [scheduling-1] INFO  c.e.s.Scheduler.SignatureScheduler - Début traitement automatique des signatures...
2026-04-28 12:47:00.583 [scheduling-1] INFO  c.e.s.Scheduler.SignatureScheduler - Fin traitement signatures
2026-04-28 12:47:00.583 [scheduling-1] INFO  c.e.s.Scheduler.SignatureScheduler - === Début traitement automatique reception ===
2026-04-28 12:47:00.884 [scheduling-1] INFO  c.e.s.Scheduler.SignatureScheduler - === Fin traitement reception ===
2026-04-28 12:48:00.007 [scheduling-1] INFO  c.e.s.Scheduler.SignatureScheduler - === Début traitement automatique reception ===
2026-04-28 12:48:00.302 [scheduling-1] INFO  c.e.s.Scheduler.SignatureScheduler - === Fin traitement reception ===
2026-04-28 12:48:00.302 [scheduling-1] INFO  c.e.s.Scheduler.SignatureScheduler - Début traitement automatique des signatures...
2026-04-28 12:48:00.797 [scheduling-1] INFO  c.e.s.Scheduler.SignatureScheduler - Fin traitement signatures
2026-04-28 12:49:00.015 [scheduling-1] INFO  c.e.s.Scheduler.SignatureScheduler - === Début traitement automatique reception ===
2026-04-28 12:49:00.331 [scheduling-1] INFO  c.e.s.Scheduler.SignatureScheduler - === Fin traitement reception ===
2026-04-28 12:49:00.331 [scheduling-1] INFO  c.e.s.Scheduler.SignatureScheduler - Début traitement automatique des signatures...
2026-04-28 12:49:00.827 [scheduling-1] INFO  c.e.s.Scheduler.SignatureScheduler - Fin traitement signatures
2026-04-28 12:50:00.007 [scheduling-1] INFO  c.e.s.Scheduler.SignatureScheduler - Début traitement automatique des signatures...
2026-04-28 12:50:00.586 [scheduling-1] INFO  c.e.s.Scheduler.SignatureScheduler - Fin traitement signatures
2026-04-28 12:50:00.586 [scheduling-1] INFO  c.e.s.Scheduler.SignatureScheduler - === Début traitement automatique reception ===
2026-04-28 12:50:00.795 [scheduling-1] INFO  c.e.s.Scheduler.SignatureScheduler - === Fin traitement reception ===
2026-04-28 12:51:00.016 [scheduling-1] INFO  c.e.s.Scheduler.SignatureScheduler - Début traitement automatique des signatures...
2026-04-28 12:51:00.602 [scheduling-1] INFO  c.e.s.Scheduler.SignatureScheduler - Fin traitement signatures
2026-04-28 12:51:00.602 [scheduling-1] INFO  c.e.s.Scheduler.SignatureScheduler - === Début traitement automatique reception ===
2026-04-28 12:51:00.822 [scheduling-1] INFO  c.e.s.Scheduler.SignatureScheduler - === Fin traitement reception ===
2026-04-28 12:52:00.002 [scheduling-1] INFO  c.e.s.Scheduler.SignatureScheduler - Début traitement automatique des signatures...
2026-04-28 12:52:00.642 [scheduling-1] INFO  c.e.s.Scheduler.SignatureScheduler - Fin traitement signatures
2026-04-28 12:52:00.642 [scheduling-1] INFO  c.e.s.Scheduler.SignatureScheduler - === Début traitement automatique reception ===
2026-04-28 12:52:00.862 [scheduling-1] INFO  c.e.s.Scheduler.SignatureScheduler - === Fin traitement reception ===
2026-04-28 12:53:00.014 [scheduling-1] INFO  c.e.s.Scheduler.SignatureScheduler - === Début traitement automatique reception ===
2026-04-28 12:53:00.281 [scheduling-1] INFO  c.e.s.Scheduler.SignatureScheduler - === Fin traitement reception ===
2026-04-28 12:53:00.281 [scheduling-1] INFO  c.e.s.Scheduler.SignatureScheduler - Début traitement automatique des signatures...
2026-04-28 12:53:00.760 [scheduling-1] INFO  c.e.s.Scheduler.SignatureScheduler - Fin traitement signatures
2026-04-28 12:54:00.003 [scheduling-1] INFO  c.e.s.Scheduler.SignatureScheduler - Début traitement automatique des signatures...
2026-04-28 12:54:00.554 [scheduling-1] INFO  c.e.s.Scheduler.SignatureScheduler - Fin traitement signatures
2026-04-28 12:54:00.555 [scheduling-1] INFO  c.e.s.Scheduler.SignatureScheduler - === Début traitement automatique reception ===
2026-04-28 12:54:00.764 [scheduling-1] INFO  c.e.s.Scheduler.SignatureScheduler - === Fin traitement reception ===
2026-04-28 12:55:00.007 [scheduling-1] INFO  c.e.s.Scheduler.SignatureScheduler - Début traitement automatique des signatures...
2026-04-28 12:55:00.578 [scheduling-1] INFO  c.e.s.Scheduler.SignatureScheduler - Fin traitement signatures
2026-04-28 12:55:00.578 [scheduling-1] INFO  c.e.s.Scheduler.SignatureScheduler - === Début traitement automatique reception ===
2026-04-28 12:55:00.795 [scheduling-1] INFO  c.e.s.Scheduler.SignatureScheduler - === Fin traitement reception ===
2026-04-28 12:56:00.017 [scheduling-1] INFO  c.e.s.Scheduler.SignatureScheduler - === Début traitement automatique reception ===
2026-04-28 12:56:00.304 [scheduling-1] INFO  c.e.s.Scheduler.SignatureScheduler - === Fin traitement reception ===
2026-04-28 12:56:00.304 [scheduling-1] INFO  c.e.s.Scheduler.SignatureScheduler - Début traitement automatique des signatures...
2026-04-28 12:56:00.770 [scheduling-1] INFO  c.e.s.Scheduler.SignatureScheduler - Fin traitement signatures
2026-04-28 12:57:00.007 [scheduling-1] INFO  c.e.s.Scheduler.SignatureScheduler - === Début traitement automatique reception ===
2026-04-28 12:57:00.288 [scheduling-1] INFO  c.e.s.Scheduler.SignatureScheduler - === Fin traitement reception ===
2026-04-28 12:57:00.288 [scheduling-1] INFO  c.e.s.Scheduler.SignatureScheduler - Début traitement automatique des signatures...
2026-04-28 12:57:00.764 [scheduling-1] INFO  c.e.s.Scheduler.SignatureScheduler - Fin traitement signatures
2026-04-28 12:58:00.009 [scheduling-1] INFO  c.e.s.Scheduler.SignatureScheduler - Début traitement automatique des signatures...
2026-04-28 12:58:00.876 [scheduling-1] INFO  c.e.s.Scheduler.SignatureScheduler - Fin traitement signatures
2026-04-28 12:58:00.876 [scheduling-1] INFO  c.e.s.Scheduler.SignatureScheduler - === Début traitement automatique reception ===
2026-04-28 12:58:01.098 [scheduling-1] INFO  c.e.s.Scheduler.SignatureScheduler - === Fin traitement reception ===
2026-04-28 12:59:00.003 [scheduling-1] INFO  c.e.s.Scheduler.SignatureScheduler - === Début traitement automatique reception ===
2026-04-28 12:59:00.282 [scheduling-1] INFO  c.e.s.Scheduler.SignatureScheduler - === Fin traitement reception ===
2026-04-28 12:59:00.283 [scheduling-1] INFO  c.e.s.Scheduler.SignatureScheduler - Début traitement automatique des signatures...
2026-04-28 12:59:00.755 [scheduling-1] INFO  c.e.s.Scheduler.SignatureScheduler - Fin traitement signatures
2026-04-28 13:00:00.010 [scheduling-1] INFO  c.e.s.Scheduler.SignatureScheduler - === Début traitement automatique reception ===
2026-04-28 13:00:00.279 [scheduling-1] INFO  c.e.s.Scheduler.SignatureScheduler - === Fin traitement reception ===
2026-04-28 13:00:00.279 [scheduling-1] INFO  c.e.s.Scheduler.SignatureScheduler - Début traitement automatique des signatures...
2026-04-28 13:00:00.762 [scheduling-1] INFO  c.e.s.Scheduler.SignatureScheduler - Fin traitement signatures
2026-04-28 13:01:00.017 [scheduling-1] INFO  c.e.s.Scheduler.SignatureScheduler - Début traitement automatique des signatures...
2026-04-28 13:01:00.615 [scheduling-1] INFO  c.e.s.Scheduler.SignatureScheduler - Fin traitement signatures
2026-04-28 13:01:00.616 [scheduling-1] INFO  c.e.s.Scheduler.SignatureScheduler - === Début traitement automatique reception ===
2026-04-28 13:01:00.865 [scheduling-1] INFO  c.e.s.Scheduler.SignatureScheduler - === Fin traitement reception ===
2026-04-28 13:02:00.007 [scheduling-1] INFO  c.e.s.Scheduler.SignatureScheduler - Début traitement automatique des signatures...
2026-04-28 13:02:00.592 [scheduling-1] INFO  c.e.s.Scheduler.SignatureScheduler - Fin traitement signatures
2026-04-28 13:02:00.592 [scheduling-1] INFO  c.e.s.Scheduler.SignatureScheduler - === Début traitement automatique reception ===
2026-04-28 13:02:00.792 [scheduling-1] INFO  c.e.s.Scheduler.SignatureScheduler - === Fin traitement reception ===
2026-04-28 13:03:00.014 [scheduling-1] INFO  c.e.s.Scheduler.SignatureScheduler - Début traitement automatique des signatures...
2026-04-28 13:03:00.548 [scheduling-1] INFO  c.e.s.Scheduler.SignatureScheduler - Fin traitement signatures
2026-04-28 13:03:00.548 [scheduling-1] INFO  c.e.s.Scheduler.SignatureScheduler - === Début traitement automatique reception ===
2026-04-28 13:03:00.751 [scheduling-1] INFO  c.e.s.Scheduler.SignatureScheduler - === Fin traitement reception ===
2026-04-28 13:04:00.004 [scheduling-1] INFO  c.e.s.Scheduler.SignatureScheduler - === Début traitement automatique reception ===
2026-04-28 13:04:00.309 [scheduling-1] INFO  c.e.s.Scheduler.SignatureScheduler - === Fin traitement reception ===
2026-04-28 13:04:00.309 [scheduling-1] INFO  c.e.s.Scheduler.SignatureScheduler - Début traitement automatique des signatures...
2026-04-28 13:04:00.855 [scheduling-1] INFO  c.e.s.Scheduler.SignatureScheduler - Fin traitement signatures
2026-04-28 13:05:00.010 [scheduling-1] INFO  c.e.s.Scheduler.SignatureScheduler - === Début traitement automatique reception ===
2026-04-28 13:05:00.279 [scheduling-1] INFO  c.e.s.Scheduler.SignatureScheduler - === Fin traitement reception ===
2026-04-28 13:05:00.279 [scheduling-1] INFO  c.e.s.Scheduler.SignatureScheduler - Début traitement automatique des signatures...
2026-04-28 13:05:00.746 [scheduling-1] INFO  c.e.s.Scheduler.SignatureScheduler - Fin traitement signatures
2026-04-28 13:06:00.019 [scheduling-1] INFO  c.e.s.Scheduler.SignatureScheduler - === Début traitement automatique reception ===
2026-04-28 13:06:00.285 [scheduling-1] INFO  c.e.s.Scheduler.SignatureScheduler - === Fin traitement reception ===
2026-04-28 13:06:00.285 [scheduling-1] INFO  c.e.s.Scheduler.SignatureScheduler - Début traitement automatique des signatures...
2026-04-28 13:06:00.752 [scheduling-1] INFO  c.e.s.Scheduler.SignatureScheduler - Fin traitement signatures
2026-04-28 13:07:00.007 [scheduling-1] INFO  c.e.s.Scheduler.SignatureScheduler - Début traitement automatique des signatures...
2026-04-28 13:07:00.565 [scheduling-1] INFO  c.e.s.Scheduler.SignatureScheduler - Fin traitement signatures
2026-04-28 13:07:00.565 [scheduling-1] INFO  c.e.s.Scheduler.SignatureScheduler - === Début traitement automatique reception ===
2026-04-28 13:07:00.759 [scheduling-1] INFO  c.e.s.Scheduler.SignatureScheduler - === Fin traitement reception ===
2026-04-28 13:08:00.014 [scheduling-1] INFO  c.e.s.Scheduler.SignatureScheduler - Début traitement automatique des signatures...
2026-04-28 13:08:00.550 [scheduling-1] INFO  c.e.s.Scheduler.SignatureScheduler - Fin traitement signatures
2026-04-28 13:08:00.550 [scheduling-1] INFO  c.e.s.Scheduler.SignatureScheduler - === Début traitement automatique reception ===
2026-04-28 13:08:00.767 [scheduling-1] INFO  c.e.s.Scheduler.SignatureScheduler - === Fin traitement reception ===
2026-04-28 13:09:00.005 [scheduling-1] INFO  c.e.s.Scheduler.SignatureScheduler - === Début traitement automatique reception ===
2026-04-28 13:09:00.305 [scheduling-1] INFO  c.e.s.Scheduler.SignatureScheduler - === Fin traitement reception ===
2026-04-28 13:09:00.305 [scheduling-1] INFO  c.e.s.Scheduler.SignatureScheduler - Début traitement automatique des signatures...
2026-04-28 13:09:00.780 [scheduling-1] INFO  c.e.s.Scheduler.SignatureScheduler - Fin traitement signatures
2026-04-28 13:10:00.022 [scheduling-1] INFO  c.e.s.Scheduler.SignatureScheduler - Début traitement automatique des signatures...
2026-04-28 13:10:00.579 [scheduling-1] INFO  c.e.s.Scheduler.SignatureScheduler - Fin traitement signatures
2026-04-28 13:10:00.579 [scheduling-1] INFO  c.e.s.Scheduler.SignatureScheduler - === Début traitement automatique reception ===
2026-04-28 13:10:00.789 [scheduling-1] INFO  c.e.s.Scheduler.SignatureScheduler - === Fin traitement reception ===
2026-04-28 13:11:00.018 [scheduling-1] INFO  c.e.s.Scheduler.SignatureScheduler - Début traitement automatique des signatures...
2026-04-28 13:11:00.536 [scheduling-1] INFO  c.e.s.Scheduler.SignatureScheduler - Fin traitement signatures
2026-04-28 13:11:00.536 [scheduling-1] INFO  c.e.s.Scheduler.SignatureScheduler - === Début traitement automatique reception ===
2026-04-28 13:11:00.758 [scheduling-1] INFO  c.e.s.Scheduler.SignatureScheduler - === Fin traitement reception ===
2026-04-28 13:12:00.006 [scheduling-1] INFO  c.e.s.Scheduler.SignatureScheduler - === Début traitement automatique reception ===
2026-04-28 13:12:00.276 [scheduling-1] INFO  c.e.s.Scheduler.SignatureScheduler - === Fin traitement reception ===
2026-04-28 13:12:00.276 [scheduling-1] INFO  c.e.s.Scheduler.SignatureScheduler - Début traitement automatique des signatures...
2026-04-28 13:12:00.759 [scheduling-1] INFO  c.e.s.Scheduler.SignatureScheduler - Fin traitement signatures
2026-04-28 13:13:00.014 [scheduling-1] INFO  c.e.s.Scheduler.SignatureScheduler - Début traitement automatique des signatures...
2026-04-28 13:13:00.532 [scheduling-1] INFO  c.e.s.Scheduler.SignatureScheduler - Fin traitement signatures
2026-04-28 13:13:00.532 [scheduling-1] INFO  c.e.s.Scheduler.SignatureScheduler - === Début traitement automatique reception ===
2026-04-28 13:13:00.733 [scheduling-1] INFO  c.e.s.Scheduler.SignatureScheduler - === Fin traitement reception ===
2026-04-28 13:14:00.006 [scheduling-1] INFO  c.e.s.Scheduler.SignatureScheduler - Début traitement automatique des signatures...
2026-04-28 13:14:00.563 [scheduling-1] INFO  c.e.s.Scheduler.SignatureScheduler - Fin traitement signatures
2026-04-28 13:14:00.564 [scheduling-1] INFO  c.e.s.Scheduler.SignatureScheduler - === Début traitement automatique reception ===
2026-04-28 13:14:00.774 [scheduling-1] INFO  c.e.s.Scheduler.SignatureScheduler - === Fin traitement reception ===
2026-04-28 13:15:00.009 [scheduling-1] INFO  c.e.s.Scheduler.SignatureScheduler - === Début traitement automatique reception ===
2026-04-28 13:15:00.279 [scheduling-1] INFO  c.e.s.Scheduler.SignatureScheduler - === Fin traitement reception ===
2026-04-28 13:15:00.279 [scheduling-1] INFO  c.e.s.Scheduler.SignatureScheduler - Début traitement automatique des signatures...
2026-04-28 13:15:00.756 [scheduling-1] INFO  c.e.s.Scheduler.SignatureScheduler - Fin traitement signatures
2026-04-28 13:16:00.002 [scheduling-1] INFO  c.e.s.Scheduler.SignatureScheduler - Début traitement automatique des signatures...
2026-04-28 13:16:00.605 [scheduling-1] INFO  c.e.s.Scheduler.SignatureScheduler - Fin traitement signatures
2026-04-28 13:16:00.605 [scheduling-1] INFO  c.e.s.Scheduler.SignatureScheduler - === Début traitement automatique reception ===
2026-04-28 13:16:00.838 [scheduling-1] INFO  c.e.s.Scheduler.SignatureScheduler - === Fin traitement reception ===
2026-04-28 13:17:00.007 [scheduling-1] INFO  c.e.s.Scheduler.SignatureScheduler - === Début traitement automatique reception ===
2026-04-28 13:17:00.310 [scheduling-1] INFO  c.e.s.Scheduler.SignatureScheduler - === Fin traitement reception ===
2026-04-28 13:17:00.310 [scheduling-1] INFO  c.e.s.Scheduler.SignatureScheduler - Début traitement automatique des signatures...
2026-04-28 13:17:00.776 [scheduling-1] INFO  c.e.s.Scheduler.SignatureScheduler - Fin traitement signatures
2026-04-28 13:18:00.016 [scheduling-1] INFO  c.e.s.Scheduler.SignatureScheduler - === Début traitement automatique reception ===
2026-04-28 13:18:00.301 [scheduling-1] INFO  c.e.s.Scheduler.SignatureScheduler - === Fin traitement reception ===
2026-04-28 13:18:00.301 [scheduling-1] INFO  c.e.s.Scheduler.SignatureScheduler - Début traitement automatique des signatures...
2026-04-28 13:18:00.767 [scheduling-1] INFO  c.e.s.Scheduler.SignatureScheduler - Fin traitement signatures
2026-04-28 13:19:00.006 [scheduling-1] INFO  c.e.s.Scheduler.SignatureScheduler - === Début traitement automatique reception ===
2026-04-28 13:19:00.256 [scheduling-1] INFO  c.e.s.Scheduler.SignatureScheduler - === Fin traitement reception ===
2026-04-28 13:19:00.256 [scheduling-1] INFO  c.e.s.Scheduler.SignatureScheduler - Début traitement automatique des signatures...
2026-04-28 13:19:00.756 [scheduling-1] INFO  c.e.s.Scheduler.SignatureScheduler - Fin traitement signatures
2026-04-28 13:20:00.013 [scheduling-1] INFO  c.e.s.Scheduler.SignatureScheduler - Début traitement automatique des signatures...
2026-04-28 13:20:00.547 [scheduling-1] INFO  c.e.s.Scheduler.SignatureScheduler - Fin traitement signatures
2026-04-28 13:20:00.547 [scheduling-1] INFO  c.e.s.Scheduler.SignatureScheduler - === Début traitement automatique reception ===
2026-04-28 13:20:00.769 [scheduling-1] INFO  c.e.s.Scheduler.SignatureScheduler - === Fin traitement reception ===
2026-04-28 13:21:00.020 [scheduling-1] INFO  c.e.s.Scheduler.SignatureScheduler - === Début traitement automatique reception ===
2026-04-28 13:21:00.287 [scheduling-1] INFO  c.e.s.Scheduler.SignatureScheduler - === Fin traitement reception ===
2026-04-28 13:21:00.287 [scheduling-1] INFO  c.e.s.Scheduler.SignatureScheduler - Début traitement automatique des signatures...
2026-04-28 13:21:00.769 [scheduling-1] INFO  c.e.s.Scheduler.SignatureScheduler - Fin traitement signatures
2026-04-28 13:22:00.007 [scheduling-1] INFO  c.e.s.Scheduler.SignatureScheduler - Début traitement automatique des signatures...
2026-04-28 13:22:00.553 [scheduling-1] INFO  c.e.s.Scheduler.SignatureScheduler - Fin traitement signatures
2026-04-28 13:22:00.553 [scheduling-1] INFO  c.e.s.Scheduler.SignatureScheduler - === Début traitement automatique reception ===
2026-04-28 13:22:00.760 [scheduling-1] INFO  c.e.s.Scheduler.SignatureScheduler - === Fin traitement reception ===
2026-04-28 13:23:00.000 [scheduling-1] INFO  c.e.s.Scheduler.SignatureScheduler - Début traitement automatique des signatures...
2026-04-28 13:23:00.533 [scheduling-1] INFO  c.e.s.Scheduler.SignatureScheduler - Fin traitement signatures
2026-04-28 13:23:00.533 [scheduling-1] INFO  c.e.s.Scheduler.SignatureScheduler - === Début traitement automatique reception ===
2026-04-28 13:23:00.734 [scheduling-1] INFO  c.e.s.Scheduler.SignatureScheduler - === Fin traitement reception ===
2026-04-28 13:24:00.006 [scheduling-1] INFO  c.e.s.Scheduler.SignatureScheduler - Début traitement automatique des signatures...
2026-04-28 13:24:00.557 [scheduling-1] INFO  c.e.s.Scheduler.SignatureScheduler - Fin traitement signatures
2026-04-28 13:24:00.557 [scheduling-1] INFO  c.e.s.Scheduler.SignatureScheduler - === Début traitement automatique reception ===
2026-04-28 13:24:00.773 [scheduling-1] INFO  c.e.s.Scheduler.SignatureScheduler - === Fin traitement reception ===
2026-04-28 13:25:00.014 [scheduling-1] INFO  c.e.s.Scheduler.SignatureScheduler - === Début traitement automatique reception ===
2026-04-28 13:25:00.280 [scheduling-1] INFO  c.e.s.Scheduler.SignatureScheduler - === Fin traitement reception ===
2026-04-28 13:25:00.280 [scheduling-1] INFO  c.e.s.Scheduler.SignatureScheduler - Début traitement automatique des signatures...
2026-04-28 13:25:00.764 [scheduling-1] INFO  c.e.s.Scheduler.SignatureScheduler - Fin traitement signatures
2026-04-28 13:26:00.011 [scheduling-1] INFO  c.e.s.Scheduler.SignatureScheduler - Début traitement automatique des signatures...
2026-04-28 13:26:00.554 [scheduling-1] INFO  c.e.s.Scheduler.SignatureScheduler - Fin traitement signatures
2026-04-28 13:26:00.554 [scheduling-1] INFO  c.e.s.Scheduler.SignatureScheduler - === Début traitement automatique reception ===
2026-04-28 13:26:00.754 [scheduling-1] INFO  c.e.s.Scheduler.SignatureScheduler - === Fin traitement reception ===
2026-04-28 13:27:00.008 [scheduling-1] INFO  c.e.s.Scheduler.SignatureScheduler - Début traitement automatique des signatures...
2026-04-28 13:27:00.544 [scheduling-1] INFO  c.e.s.Scheduler.SignatureScheduler - Fin traitement signatures
2026-04-28 13:27:00.544 [scheduling-1] INFO  c.e.s.Scheduler.SignatureScheduler - === Début traitement automatique reception ===
2026-04-28 13:27:00.761 [scheduling-1] INFO  c.e.s.Scheduler.SignatureScheduler - === Fin traitement reception ===
2026-04-28 13:28:00.000 [scheduling-1] INFO  c.e.s.Scheduler.SignatureScheduler - === Début traitement automatique reception ===
2026-04-28 13:28:00.267 [scheduling-1] INFO  c.e.s.Scheduler.SignatureScheduler - === Fin traitement reception ===
2026-04-28 13:28:00.267 [scheduling-1] INFO  c.e.s.Scheduler.SignatureScheduler - Début traitement automatique des signatures...
2026-04-28 13:28:00.750 [scheduling-1] INFO  c.e.s.Scheduler.SignatureScheduler - Fin traitement signatures
2026-04-28 13:29:00.005 [scheduling-1] INFO  c.e.s.Scheduler.SignatureScheduler - Début traitement automatique des signatures...
2026-04-28 13:29:00.574 [scheduling-1] INFO  c.e.s.Scheduler.SignatureScheduler - Fin traitement signatures
2026-04-28 13:29:00.574 [scheduling-1] INFO  c.e.s.Scheduler.SignatureScheduler - === Début traitement automatique reception ===
2026-04-28 13:29:00.794 [scheduling-1] INFO  c.e.s.Scheduler.SignatureScheduler - === Fin traitement reception ===
2026-04-28 13:30:00.023 [scheduling-1] INFO  c.e.s.Scheduler.SignatureScheduler - === Début traitement automatique reception ===
2026-04-28 13:30:00.315 [scheduling-1] INFO  c.e.s.Scheduler.SignatureScheduler - === Fin traitement reception ===
2026-04-28 13:30:00.315 [scheduling-1] INFO  c.e.s.Scheduler.SignatureScheduler - Début traitement automatique des signatures...
2026-04-28 13:30:00.797 [scheduling-1] INFO  c.e.s.Scheduler.SignatureScheduler - Fin traitement signatures
2026-04-28 13:31:00.003 [scheduling-1] INFO  c.e.s.Scheduler.SignatureScheduler - Début traitement automatique des signatures...
2026-04-28 13:31:00.554 [scheduling-1] INFO  c.e.s.Scheduler.SignatureScheduler - Fin traitement signatures
2026-04-28 13:31:00.554 [scheduling-1] INFO  c.e.s.Scheduler.SignatureScheduler - === Début traitement automatique reception ===
2026-04-28 13:31:00.754 [scheduling-1] INFO  c.e.s.Scheduler.SignatureScheduler - === Fin traitement reception ===
2026-04-28 13:32:00.011 [scheduling-1] INFO  c.e.s.Scheduler.SignatureScheduler - Début traitement automatique des signatures...
2026-04-28 13:32:00.627 [scheduling-1] INFO  c.e.s.Scheduler.SignatureScheduler - Fin traitement signatures
2026-04-28 13:32:00.627 [scheduling-1] INFO  c.e.s.Scheduler.SignatureScheduler - === Début traitement automatique reception ===
2026-04-28 13:32:00.878 [scheduling-1] INFO  c.e.s.Scheduler.SignatureScheduler - === Fin traitement reception ===
2026-04-28 13:33:00.000 [scheduling-1] INFO  c.e.s.Scheduler.SignatureScheduler - Début traitement automatique des signatures...
2026-04-28 13:33:00.667 [scheduling-1] INFO  c.e.s.Scheduler.SignatureScheduler - Fin traitement signatures
2026-04-28 13:33:00.667 [scheduling-1] INFO  c.e.s.Scheduler.SignatureScheduler - === Début traitement automatique reception ===
2026-04-28 13:33:00.918 [scheduling-1] INFO  c.e.s.Scheduler.SignatureScheduler - === Fin traitement reception ===
2026-04-28 13:34:00.020 [scheduling-1] INFO  c.e.s.Scheduler.SignatureScheduler - === Début traitement automatique reception ===
2026-04-28 13:34:00.325 [scheduling-1] INFO  c.e.s.Scheduler.SignatureScheduler - === Fin traitement reception ===
2026-04-28 13:34:00.325 [scheduling-1] INFO  c.e.s.Scheduler.SignatureScheduler - Début traitement automatique des signatures...
2026-04-28 13:34:00.808 [scheduling-1] INFO  c.e.s.Scheduler.SignatureScheduler - Fin traitement signatures
2026-04-28 13:35:00.013 [scheduling-1] INFO  c.e.s.Scheduler.SignatureScheduler - === Début traitement automatique reception ===
2026-04-28 13:35:00.298 [scheduling-1] INFO  c.e.s.Scheduler.SignatureScheduler - === Fin traitement reception ===
2026-04-28 13:35:00.298 [scheduling-1] INFO  c.e.s.Scheduler.SignatureScheduler - Début traitement automatique des signatures...
2026-04-28 13:35:00.815 [scheduling-1] INFO  c.e.s.Scheduler.SignatureScheduler - Fin traitement signatures
2026-04-28 13:36:00.005 [scheduling-1] INFO  c.e.s.Scheduler.SignatureScheduler - Début traitement automatique des signatures...
2026-04-28 13:36:00.568 [scheduling-1] INFO  c.e.s.Scheduler.SignatureScheduler - Fin traitement signatures
2026-04-28 13:36:00.568 [scheduling-1] INFO  c.e.s.Scheduler.SignatureScheduler - === Début traitement automatique reception ===
2026-04-28 13:36:00.776 [scheduling-1] INFO  c.e.s.Scheduler.SignatureScheduler - === Fin traitement reception ===
2026-04-28 13:37:00.009 [scheduling-1] INFO  c.e.s.Scheduler.SignatureScheduler - Début traitement automatique des signatures...
2026-04-28 13:37:00.560 [scheduling-1] INFO  c.e.s.Scheduler.SignatureScheduler - Fin traitement signatures
2026-04-28 13:37:00.561 [scheduling-1] INFO  c.e.s.Scheduler.SignatureScheduler - === Début traitement automatique reception ===
2026-04-28 13:37:00.772 [scheduling-1] INFO  c.e.s.Scheduler.SignatureScheduler - === Fin traitement reception ===
2026-04-28 13:38:00.001 [scheduling-1] INFO  c.e.s.Scheduler.SignatureScheduler - Début traitement automatique des signatures...
2026-04-28 13:38:00.585 [scheduling-1] INFO  c.e.s.Scheduler.SignatureScheduler - Fin traitement signatures
2026-04-28 13:38:00.585 [scheduling-1] INFO  c.e.s.Scheduler.SignatureScheduler - === Début traitement automatique reception ===
2026-04-28 13:38:00.820 [scheduling-1] INFO  c.e.s.Scheduler.SignatureScheduler - === Fin traitement reception ===
2026-04-28 13:39:00.007 [scheduling-1] INFO  c.e.s.Scheduler.SignatureScheduler - Début traitement automatique des signatures...
2026-04-28 13:39:00.641 [scheduling-1] INFO  c.e.s.Scheduler.SignatureScheduler - Fin traitement signatures
2026-04-28 13:39:00.641 [scheduling-1] INFO  c.e.s.Scheduler.SignatureScheduler - === Début traitement automatique reception ===
2026-04-28 13:39:00.863 [scheduling-1] INFO  c.e.s.Scheduler.SignatureScheduler - === Fin traitement reception ===
2026-04-28 13:40:00.015 [scheduling-1] INFO  c.e.s.Scheduler.SignatureScheduler - Début traitement automatique des signatures...
2026-04-28 13:40:00.670 [scheduling-1] INFO  c.e.s.Scheduler.SignatureScheduler - Fin traitement signatures
2026-04-28 13:40:00.670 [scheduling-1] INFO  c.e.s.Scheduler.SignatureScheduler - === Début traitement automatique reception ===
2026-04-28 13:40:00.925 [scheduling-1] INFO  c.e.s.Scheduler.SignatureScheduler - === Fin traitement reception ===
2026-04-28 13:41:00.005 [scheduling-1] INFO  c.e.s.Scheduler.SignatureScheduler - === Début traitement automatique reception ===
2026-04-28 13:41:00.272 [scheduling-1] INFO  c.e.s.Scheduler.SignatureScheduler - === Fin traitement reception ===
2026-04-28 13:41:00.272 [scheduling-1] INFO  c.e.s.Scheduler.SignatureScheduler - Début traitement automatique des signatures...
2026-04-28 13:41:00.755 [scheduling-1] INFO  c.e.s.Scheduler.SignatureScheduler - Fin traitement signatures
2026-04-28 13:42:00.011 [scheduling-1] INFO  c.e.s.Scheduler.SignatureScheduler - Début traitement automatique des signatures...
2026-04-28 13:42:00.562 [scheduling-1] INFO  c.e.s.Scheduler.SignatureScheduler - Fin traitement signatures
2026-04-28 13:42:00.562 [scheduling-1] INFO  c.e.s.Scheduler.SignatureScheduler - === Début traitement automatique reception ===
2026-04-28 13:42:00.762 [scheduling-1] INFO  c.e.s.Scheduler.SignatureScheduler - === Fin traitement reception ===
2026-04-28 13:43:00.001 [scheduling-1] INFO  c.e.s.Scheduler.SignatureScheduler - Début traitement automatique des signatures...
2026-04-28 13:43:00.569 [scheduling-1] INFO  c.e.s.Scheduler.SignatureScheduler - Fin traitement signatures
2026-04-28 13:43:00.569 [scheduling-1] INFO  c.e.s.Scheduler.SignatureScheduler - === Début traitement automatique reception ===
2026-04-28 13:43:00.824 [scheduling-1] INFO  c.e.s.Scheduler.SignatureScheduler - === Fin traitement reception ===
2026-04-28 13:44:00.007 [scheduling-1] INFO  c.e.s.Scheduler.SignatureScheduler - === Début traitement automatique reception ===
2026-04-28 13:44:00.325 [scheduling-1] INFO  c.e.s.Scheduler.SignatureScheduler - === Fin traitement reception ===
2026-04-28 13:44:00.325 [scheduling-1] INFO  c.e.s.Scheduler.SignatureScheduler - Début traitement automatique des signatures...
2026-04-28 13:44:00.875 [scheduling-1] INFO  c.e.s.Scheduler.SignatureScheduler - Fin traitement signatures
2026-04-28 13:45:00.014 [scheduling-1] INFO  c.e.s.Scheduler.SignatureScheduler - === Début traitement automatique reception ===
2026-04-28 13:45:00.282 [scheduling-1] INFO  c.e.s.Scheduler.SignatureScheduler - === Fin traitement reception ===
2026-04-28 13:45:00.282 [scheduling-1] INFO  c.e.s.Scheduler.SignatureScheduler - Début traitement automatique des signatures...
2026-04-28 13:45:00.765 [scheduling-1] INFO  c.e.s.Scheduler.SignatureScheduler - Fin traitement signatures
2026-04-28 13:46:00.020 [scheduling-1] INFO  c.e.s.Scheduler.SignatureScheduler - Début traitement automatique des signatures...
2026-04-28 13:46:01.323 [scheduling-1] INFO  c.e.s.Scheduler.SignatureScheduler - Fin traitement signatures
2026-04-28 13:46:01.323 [scheduling-1] INFO  c.e.s.Scheduler.SignatureScheduler - === Début traitement automatique reception ===
2026-04-28 13:46:01.522 [scheduling-1] INFO  c.e.s.Scheduler.SignatureScheduler - === Fin traitement reception ===
2026-04-28 13:47:00.012 [scheduling-1] INFO  c.e.s.Scheduler.SignatureScheduler - Début traitement automatique des signatures...
2026-04-28 13:47:00.545 [scheduling-1] INFO  c.e.s.Scheduler.SignatureScheduler - Fin traitement signatures
2026-04-28 13:47:00.545 [scheduling-1] INFO  c.e.s.Scheduler.SignatureScheduler - === Début traitement automatique reception ===
2026-04-28 13:47:00.745 [scheduling-1] INFO  c.e.s.Scheduler.SignatureScheduler - === Fin traitement reception ===
2026-04-28 13:48:00.017 [scheduling-1] INFO  c.e.s.Scheduler.SignatureScheduler - Début traitement automatique des signatures...
2026-04-28 13:48:00.614 [scheduling-1] INFO  c.e.s.Scheduler.SignatureScheduler - Fin traitement signatures
2026-04-28 13:48:00.614 [scheduling-1] INFO  c.e.s.Scheduler.SignatureScheduler - === Début traitement automatique reception ===
2026-04-28 13:48:00.852 [scheduling-1] INFO  c.e.s.Scheduler.SignatureScheduler - === Fin traitement reception ===
2026-04-28 13:49:00.007 [scheduling-1] INFO  c.e.s.Scheduler.SignatureScheduler - === Début traitement automatique reception ===
2026-04-28 13:49:00.310 [scheduling-1] INFO  c.e.s.Scheduler.SignatureScheduler - === Fin traitement reception ===
2026-04-28 13:49:00.311 [scheduling-1] INFO  c.e.s.Scheduler.SignatureScheduler - Début traitement automatique des signatures...
2026-04-28 13:49:00.836 [scheduling-1] INFO  c.e.s.Scheduler.SignatureScheduler - Fin traitement signatures
2026-04-28 13:50:00.015 [scheduling-1] INFO  c.e.s.Scheduler.SignatureScheduler - Début traitement automatique des signatures...
2026-04-28 13:50:00.585 [scheduling-1] INFO  c.e.s.Scheduler.SignatureScheduler - Fin traitement signatures
2026-04-28 13:50:00.585 [scheduling-1] INFO  c.e.s.Scheduler.SignatureScheduler - === Début traitement automatique reception ===
2026-04-28 13:50:00.833 [scheduling-1] INFO  c.e.s.Scheduler.SignatureScheduler - === Fin traitement reception ===
2026-04-28 13:51:00.005 [scheduling-1] INFO  c.e.s.Scheduler.SignatureScheduler - === Début traitement automatique reception ===
2026-04-28 13:51:00.289 [scheduling-1] INFO  c.e.s.Scheduler.SignatureScheduler - === Fin traitement reception ===
2026-04-28 13:51:00.289 [scheduling-1] INFO  c.e.s.Scheduler.SignatureScheduler - Début traitement automatique des signatures...
2026-04-28 13:51:00.806 [scheduling-1] INFO  c.e.s.Scheduler.SignatureScheduler - Fin traitement signatures
2026-04-28 13:52:00.012 [scheduling-1] INFO  c.e.s.Scheduler.SignatureScheduler - === Début traitement automatique reception ===
2026-04-28 13:52:00.296 [scheduling-1] INFO  c.e.s.Scheduler.SignatureScheduler - === Fin traitement reception ===
2026-04-28 13:52:00.296 [scheduling-1] INFO  c.e.s.Scheduler.SignatureScheduler - Début traitement automatique des signatures...
2026-04-28 13:52:00.779 [scheduling-1] INFO  c.e.s.Scheduler.SignatureScheduler - Fin traitement signatures
2026-04-28 13:53:00.002 [scheduling-1] INFO  c.e.s.Scheduler.SignatureScheduler - Début traitement automatique des signatures...
2026-04-28 13:53:00.537 [scheduling-1] INFO  c.e.s.Scheduler.SignatureScheduler - Fin traitement signatures
2026-04-28 13:53:00.537 [scheduling-1] INFO  c.e.s.Scheduler.SignatureScheduler - === Début traitement automatique reception ===
2026-04-28 13:53:00.743 [scheduling-1] INFO  c.e.s.Scheduler.SignatureScheduler - === Fin traitement reception ===
2026-04-28 13:54:00.009 [scheduling-1] INFO  c.e.s.Scheduler.SignatureScheduler - === Début traitement automatique reception ===
2026-04-28 13:54:00.276 [scheduling-1] INFO  c.e.s.Scheduler.SignatureScheduler - === Fin traitement reception ===
2026-04-28 13:54:00.276 [scheduling-1] INFO  c.e.s.Scheduler.SignatureScheduler - Début traitement automatique des signatures...
2026-04-28 13:54:00.793 [scheduling-1] INFO  c.e.s.Scheduler.SignatureScheduler - Fin traitement signatures
2026-04-28 13:55:00.016 [scheduling-1] INFO  c.e.s.Scheduler.SignatureScheduler - Début traitement automatique des signatures...
2026-04-28 13:55:00.566 [scheduling-1] INFO  c.e.s.Scheduler.SignatureScheduler - Fin traitement signatures
2026-04-28 13:55:00.566 [scheduling-1] INFO  c.e.s.Scheduler.SignatureScheduler - === Début traitement automatique reception ===
2026-04-28 13:55:00.768 [scheduling-1] INFO  c.e.s.Scheduler.SignatureScheduler - === Fin traitement reception ===
2026-04-28 13:56:00.023 [scheduling-1] INFO  c.e.s.Scheduler.SignatureScheduler - === Début traitement automatique reception ===
2026-04-28 13:56:00.290 [scheduling-1] INFO  c.e.s.Scheduler.SignatureScheduler - === Fin traitement reception ===
2026-04-28 13:56:00.290 [scheduling-1] INFO  c.e.s.Scheduler.SignatureScheduler - Début traitement automatique des signatures...
2026-04-28 13:56:00.775 [scheduling-1] INFO  c.e.s.Scheduler.SignatureScheduler - Fin traitement signatures
2026-04-28 13:57:00.011 [scheduling-1] INFO  c.e.s.Scheduler.SignatureScheduler - Début traitement automatique des signatures...
2026-04-28 13:57:00.580 [scheduling-1] INFO  c.e.s.Scheduler.SignatureScheduler - Fin traitement signatures
2026-04-28 13:57:00.580 [scheduling-1] INFO  c.e.s.Scheduler.SignatureScheduler - === Début traitement automatique reception ===
2026-04-28 13:57:00.797 [scheduling-1] INFO  c.e.s.Scheduler.SignatureScheduler - === Fin traitement reception ===
2026-04-28 13:58:00.003 [scheduling-1] INFO  c.e.s.Scheduler.SignatureScheduler - === Début traitement automatique reception ===
2026-04-28 13:58:00.286 [scheduling-1] INFO  c.e.s.Scheduler.SignatureScheduler - === Fin traitement reception ===
2026-04-28 13:58:00.286 [scheduling-1] INFO  c.e.s.Scheduler.SignatureScheduler - Début traitement automatique des signatures...
2026-04-28 13:58:00.753 [scheduling-1] INFO  c.e.s.Scheduler.SignatureScheduler - Fin traitement signatures
2026-04-28 13:59:00.009 [scheduling-1] INFO  c.e.s.Scheduler.SignatureScheduler - === Début traitement automatique reception ===
2026-04-28 13:59:00.280 [scheduling-1] INFO  c.e.s.Scheduler.SignatureScheduler - === Fin traitement reception ===
2026-04-28 13:59:00.280 [scheduling-1] INFO  c.e.s.Scheduler.SignatureScheduler - Début traitement automatique des signatures...
2026-04-28 13:59:00.766 [scheduling-1] INFO  c.e.s.Scheduler.SignatureScheduler - Fin traitement signatures
2026-04-28 13:59:59.999 [scheduling-1] INFO  c.e.s.Scheduler.SignatureScheduler - Début traitement automatique des signatures...
2026-04-28 14:00:00.666 [scheduling-1] INFO  c.e.s.Scheduler.SignatureScheduler - Fin traitement signatures
2026-04-28 14:00:00.666 [scheduling-1] INFO  c.e.s.Scheduler.SignatureScheduler - === Début traitement automatique reception ===
2026-04-28 14:00:00.883 [scheduling-1] INFO  c.e.s.Scheduler.SignatureScheduler - === Fin traitement reception ===
2026-04-28 14:01:00.005 [scheduling-1] INFO  c.e.s.Scheduler.SignatureScheduler - Début traitement automatique des signatures...
2026-04-28 14:01:00.559 [scheduling-1] INFO  c.e.s.Scheduler.SignatureScheduler - Fin traitement signatures
2026-04-28 14:01:00.559 [scheduling-1] INFO  c.e.s.Scheduler.SignatureScheduler - === Début traitement automatique reception ===
2026-04-28 14:01:00.757 [scheduling-1] INFO  c.e.s.Scheduler.SignatureScheduler - === Fin traitement reception ===
2026-04-28 14:02:00.024 [scheduling-1] INFO  c.e.s.Scheduler.SignatureScheduler - Début traitement automatique des signatures...
2026-04-28 14:02:00.571 [scheduling-1] INFO  c.e.s.Scheduler.SignatureScheduler - Fin traitement signatures
2026-04-28 14:02:00.571 [scheduling-1] INFO  c.e.s.Scheduler.SignatureScheduler - === Début traitement automatique reception ===
2026-04-28 14:02:00.789 [scheduling-1] INFO  c.e.s.Scheduler.SignatureScheduler - === Fin traitement reception ===
2026-04-28 14:03:00.003 [scheduling-1] INFO  c.e.s.Scheduler.SignatureScheduler - === Début traitement automatique reception ===
2026-04-28 14:03:00.281 [scheduling-1] INFO  c.e.s.Scheduler.SignatureScheduler - === Fin traitement reception ===
2026-04-28 14:03:00.283 [scheduling-1] INFO  c.e.s.Scheduler.SignatureScheduler - Début traitement automatique des signatures...
2026-04-28 14:03:00.770 [scheduling-1] INFO  c.e.s.Scheduler.SignatureScheduler - Fin traitement signatures
2026-04-28 14:04:00.007 [scheduling-1] INFO  c.e.s.Scheduler.SignatureScheduler - === Début traitement automatique reception ===
2026-04-28 14:04:00.317 [scheduling-1] INFO  c.e.s.Scheduler.SignatureScheduler - === Fin traitement reception ===
2026-04-28 14:04:00.317 [scheduling-1] INFO  c.e.s.Scheduler.SignatureScheduler - Début traitement automatique des signatures...
2026-04-28 14:04:00.871 [scheduling-1] INFO  c.e.s.Scheduler.SignatureScheduler - Fin traitement signatures
2026-04-28 14:05:00.007 [scheduling-1] INFO  c.e.s.Scheduler.SignatureScheduler - === Début traitement automatique reception ===
2026-04-28 14:05:00.308 [scheduling-1] INFO  c.e.s.Scheduler.SignatureScheduler - === Fin traitement reception ===
2026-04-28 14:05:00.308 [scheduling-1] INFO  c.e.s.Scheduler.SignatureScheduler - Début traitement automatique des signatures...
2026-04-28 14:05:00.815 [scheduling-1] INFO  c.e.s.Scheduler.SignatureScheduler - Fin traitement signatures
2026-04-28 14:06:00.005 [scheduling-1] INFO  c.e.s.Scheduler.SignatureScheduler - Début traitement automatique des signatures...
2026-04-28 14:06:00.541 [scheduling-1] INFO  c.e.s.Scheduler.SignatureScheduler - Fin traitement signatures
2026-04-28 14:06:00.541 [scheduling-1] INFO  c.e.s.Scheduler.SignatureScheduler - === Début traitement automatique reception ===
2026-04-28 14:06:00.740 [scheduling-1] INFO  c.e.s.Scheduler.SignatureScheduler - === Fin traitement reception ===
2026-04-28 14:07:00.001 [scheduling-1] INFO  c.e.s.Scheduler.SignatureScheduler - Début traitement automatique des signatures...
2026-04-28 14:07:00.578 [scheduling-1] INFO  c.e.s.Scheduler.SignatureScheduler - Fin traitement signatures
2026-04-28 14:07:00.578 [scheduling-1] INFO  c.e.s.Scheduler.SignatureScheduler - === Début traitement automatique reception ===
2026-04-28 14:07:00.819 [scheduling-1] INFO  c.e.s.Scheduler.SignatureScheduler - === Fin traitement reception ===
2026-04-28 14:08:00.017 [scheduling-1] INFO  c.e.s.Scheduler.SignatureScheduler - === Début traitement automatique reception ===
2026-04-28 14:08:00.279 [scheduling-1] INFO  c.e.s.Scheduler.SignatureScheduler - === Fin traitement reception ===
2026-04-28 14:08:00.279 [scheduling-1] INFO  c.e.s.Scheduler.SignatureScheduler - Début traitement automatique des signatures...
2026-04-28 14:08:00.751 [scheduling-1] INFO  c.e.s.Scheduler.SignatureScheduler - Fin traitement signatures
2026-04-28 14:09:00.005 [scheduling-1] INFO  c.e.s.Scheduler.SignatureScheduler - Début traitement automatique des signatures...
2026-04-28 14:09:00.533 [scheduling-1] INFO  c.e.s.Scheduler.SignatureScheduler - Fin traitement signatures
2026-04-28 14:09:00.533 [scheduling-1] INFO  c.e.s.Scheduler.SignatureScheduler - === Début traitement automatique reception ===
2026-04-28 14:09:00.742 [scheduling-1] INFO  c.e.s.Scheduler.SignatureScheduler - === Fin traitement reception ===
2026-04-28 14:10:00.019 [scheduling-1] INFO  c.e.s.Scheduler.SignatureScheduler - === Début traitement automatique reception ===
2026-04-28 14:10:00.291 [scheduling-1] INFO  c.e.s.Scheduler.SignatureScheduler - === Fin traitement reception ===
2026-04-28 14:10:00.291 [scheduling-1] INFO  c.e.s.Scheduler.SignatureScheduler - Début traitement automatique des signatures...
2026-04-28 14:10:00.785 [scheduling-1] INFO  c.e.s.Scheduler.SignatureScheduler - Fin traitement signatures
2026-04-28 14:11:00.009 [scheduling-1] INFO  c.e.s.Scheduler.SignatureScheduler - Début traitement automatique des signatures...
2026-04-28 14:11:00.537 [scheduling-1] INFO  c.e.s.Scheduler.SignatureScheduler - Fin traitement signatures
2026-04-28 14:11:00.537 [scheduling-1] INFO  c.e.s.Scheduler.SignatureScheduler - === Début traitement automatique reception ===
2026-04-28 14:11:00.745 [scheduling-1] INFO  c.e.s.Scheduler.SignatureScheduler - === Fin traitement reception ===
2026-04-28 14:12:00.016 [scheduling-1] INFO  c.e.s.Scheduler.SignatureScheduler - === Début traitement automatique reception ===
2026-04-28 14:12:00.287 [scheduling-1] INFO  c.e.s.Scheduler.SignatureScheduler - === Fin traitement reception ===
2026-04-28 14:12:00.287 [scheduling-1] INFO  c.e.s.Scheduler.SignatureScheduler - Début traitement automatique des signatures...
2026-04-28 14:12:00.783 [scheduling-1] INFO  c.e.s.Scheduler.SignatureScheduler - Fin traitement signatures
2026-04-28 14:13:00.026 [scheduling-1] INFO  c.e.s.Scheduler.SignatureScheduler - === Début traitement automatique reception ===
2026-04-28 14:13:00.299 [scheduling-1] INFO  c.e.s.Scheduler.SignatureScheduler - === Fin traitement reception ===
2026-04-28 14:13:00.299 [scheduling-1] INFO  c.e.s.Scheduler.SignatureScheduler - Début traitement automatique des signatures...
2026-04-28 14:13:00.791 [scheduling-1] INFO  c.e.s.Scheduler.SignatureScheduler - Fin traitement signatures
2026-04-28 14:14:00.015 [scheduling-1] INFO  c.e.s.Scheduler.SignatureScheduler - Début traitement automatique des signatures...
2026-04-28 14:14:00.545 [scheduling-1] INFO  c.e.s.Scheduler.SignatureScheduler - Fin traitement signatures
2026-04-28 14:14:00.545 [scheduling-1] INFO  c.e.s.Scheduler.SignatureScheduler - === Début traitement automatique reception ===
2026-04-28 14:14:00.754 [scheduling-1] INFO  c.e.s.Scheduler.SignatureScheduler - === Fin traitement reception ===
2026-04-28 14:15:00.012 [scheduling-1] INFO  c.e.s.Scheduler.SignatureScheduler - === Début traitement automatique reception ===
2026-04-28 14:15:00.282 [scheduling-1] INFO  c.e.s.Scheduler.SignatureScheduler - === Fin traitement reception ===
2026-04-28 14:15:00.282 [scheduling-1] INFO  c.e.s.Scheduler.SignatureScheduler - Début traitement automatique des signatures...
2026-04-28 14:15:00.759 [scheduling-1] INFO  c.e.s.Scheduler.SignatureScheduler - Fin traitement signatures
2026-04-28 14:16:00.009 [scheduling-1] INFO  c.e.s.Scheduler.SignatureScheduler - Début traitement automatique des signatures...
2026-04-28 14:16:00.650 [scheduling-1] INFO  c.e.s.Scheduler.SignatureScheduler - Fin traitement signatures
2026-04-28 14:16:00.650 [scheduling-1] INFO  c.e.s.Scheduler.SignatureScheduler - === Début traitement automatique reception ===
2026-04-28 14:16:00.858 [scheduling-1] INFO  c.e.s.Scheduler.SignatureScheduler - === Fin traitement reception ===
2026-04-28 14:17:00.002 [scheduling-1] INFO  c.e.s.Scheduler.SignatureScheduler - Début traitement automatique des signatures...
2026-04-28 14:17:00.548 [scheduling-1] INFO  c.e.s.Scheduler.SignatureScheduler - Fin traitement signatures
2026-04-28 14:17:00.548 [scheduling-1] INFO  c.e.s.Scheduler.SignatureScheduler - === Début traitement automatique reception ===
2026-04-28 14:17:00.757 [scheduling-1] INFO  c.e.s.Scheduler.SignatureScheduler - === Fin traitement reception ===
2026-04-28 14:18:00.011 [scheduling-1] INFO  c.e.s.Scheduler.SignatureScheduler - Début traitement automatique des signatures...
2026-04-28 14:18:00.621 [scheduling-1] INFO  c.e.s.Scheduler.SignatureScheduler - Fin traitement signatures
2026-04-28 14:18:00.621 [scheduling-1] INFO  c.e.s.Scheduler.SignatureScheduler - === Début traitement automatique reception ===
2026-04-28 14:18:00.887 [scheduling-1] INFO  c.e.s.Scheduler.SignatureScheduler - === Fin traitement reception ===
2026-04-28 14:19:00.001 [scheduling-1] INFO  c.e.s.Scheduler.SignatureScheduler - === Début traitement automatique reception ===
2026-04-28 14:19:00.273 [scheduling-1] INFO  c.e.s.Scheduler.SignatureScheduler - === Fin traitement reception ===
2026-04-28 14:19:00.273 [scheduling-1] INFO  c.e.s.Scheduler.SignatureScheduler - Début traitement automatique des signatures...
2026-04-28 14:19:00.754 [scheduling-1] INFO  c.e.s.Scheduler.SignatureScheduler - Fin traitement signatures
2026-04-28 14:20:00.005 [scheduling-1] INFO  c.e.s.Scheduler.SignatureScheduler - Début traitement automatique des signatures...
2026-04-28 14:20:00.549 [scheduling-1] INFO  c.e.s.Scheduler.SignatureScheduler - Fin traitement signatures
2026-04-28 14:20:00.549 [scheduling-1] INFO  c.e.s.Scheduler.SignatureScheduler - === Début traitement automatique reception ===
2026-04-28 14:20:00.773 [scheduling-1] INFO  c.e.s.Scheduler.SignatureScheduler - === Fin traitement reception ===
2026-04-28 14:21:00.007 [scheduling-1] INFO  c.e.s.Scheduler.SignatureScheduler - === Début traitement automatique reception ===
2026-04-28 14:21:00.296 [scheduling-1] INFO  c.e.s.Scheduler.SignatureScheduler - === Fin traitement reception ===
2026-04-28 14:21:00.296 [scheduling-1] INFO  c.e.s.Scheduler.SignatureScheduler - Début traitement automatique des signatures...
2026-04-28 14:21:00.775 [scheduling-1] INFO  c.e.s.Scheduler.SignatureScheduler - Fin traitement signatures
2026-04-28 14:22:00.011 [scheduling-1] INFO  c.e.s.Scheduler.SignatureScheduler - === Début traitement automatique reception ===
2026-04-28 14:22:00.300 [scheduling-1] INFO  c.e.s.Scheduler.SignatureScheduler - === Fin traitement reception ===
2026-04-28 14:22:00.300 [scheduling-1] INFO  c.e.s.Scheduler.SignatureScheduler - Début traitement automatique des signatures...
2026-04-28 14:22:00.792 [scheduling-1] INFO  c.e.s.Scheduler.SignatureScheduler - Fin traitement signatures
2026-04-28 14:23:00.025 [scheduling-1] INFO  c.e.s.Scheduler.SignatureScheduler - === Début traitement automatique reception ===
2026-04-28 14:23:00.297 [scheduling-1] INFO  c.e.s.Scheduler.SignatureScheduler - === Fin traitement reception ===
2026-04-28 14:23:00.297 [scheduling-1] INFO  c.e.s.Scheduler.SignatureScheduler - Début traitement automatique des signatures...
2026-04-28 14:23:00.751 [scheduling-1] INFO  c.e.s.Scheduler.SignatureScheduler - Fin traitement signatures
2026-04-28 14:24:00.010 [scheduling-1] INFO  c.e.s.Scheduler.SignatureScheduler - === Début traitement automatique reception ===
2026-04-28 14:24:00.330 [scheduling-1] INFO  c.e.s.Scheduler.SignatureScheduler - === Fin traitement reception ===
2026-04-28 14:24:00.330 [scheduling-1] INFO  c.e.s.Scheduler.SignatureScheduler - Début traitement automatique des signatures...
2026-04-28 14:24:00.812 [scheduling-1] INFO  c.e.s.Scheduler.SignatureScheduler - Fin traitement signatures
2026-04-28 14:25:00.003 [scheduling-1] INFO  c.e.s.Scheduler.SignatureScheduler - Début traitement automatique des signatures...
2026-04-28 14:25:00.560 [scheduling-1] INFO  c.e.s.Scheduler.SignatureScheduler - Fin traitement signatures
2026-04-28 14:25:00.561 [scheduling-1] INFO  c.e.s.Scheduler.SignatureScheduler - === Début traitement automatique reception ===
2026-04-28 14:25:00.772 [scheduling-1] INFO  c.e.s.Scheduler.SignatureScheduler - === Fin traitement reception ===
2026-04-28 14:26:00.016 [scheduling-1] INFO  c.e.s.Scheduler.SignatureScheduler - Début traitement automatique des signatures...
2026-04-28 14:26:00.572 [scheduling-1] INFO  c.e.s.Scheduler.SignatureScheduler - Fin traitement signatures
2026-04-28 14:26:00.572 [scheduling-1] INFO  c.e.s.Scheduler.SignatureScheduler - === Début traitement automatique reception ===
2026-04-28 14:26:00.790 [scheduling-1] INFO  c.e.s.Scheduler.SignatureScheduler - === Fin traitement reception ===
2026-04-28 14:27:00.006 [scheduling-1] INFO  c.e.s.Scheduler.SignatureScheduler - Début traitement automatique des signatures...
2026-04-28 14:27:00.673 [scheduling-1] INFO  c.e.s.Scheduler.SignatureScheduler - Fin traitement signatures
2026-04-28 14:27:00.673 [scheduling-1] INFO  c.e.s.Scheduler.SignatureScheduler - === Début traitement automatique reception ===
2026-04-28 14:27:00.894 [scheduling-1] INFO  c.e.s.Scheduler.SignatureScheduler - === Fin traitement reception ===
2026-04-28 14:28:00.005 [scheduling-1] INFO  c.e.s.Scheduler.SignatureScheduler - === Début traitement automatique reception ===
2026-04-28 14:28:00.289 [scheduling-1] INFO  c.e.s.Scheduler.SignatureScheduler - === Fin traitement reception ===
2026-04-28 14:28:00.289 [scheduling-1] INFO  c.e.s.Scheduler.SignatureScheduler - Début traitement automatique des signatures...
2026-04-28 14:28:00.788 [scheduling-1] INFO  c.e.s.Scheduler.SignatureScheduler - Fin traitement signatures
2026-04-28 14:29:00.011 [scheduling-1] INFO  c.e.s.Scheduler.SignatureScheduler - === Début traitement automatique reception ===
2026-04-28 14:29:00.295 [scheduling-1] INFO  c.e.s.Scheduler.SignatureScheduler - === Fin traitement reception ===
2026-04-28 14:29:00.295 [scheduling-1] INFO  c.e.s.Scheduler.SignatureScheduler - Début traitement automatique des signatures...
2026-04-28 14:29:00.780 [scheduling-1] INFO  c.e.s.Scheduler.SignatureScheduler - Fin traitement signatures
2026-04-28 14:30:00.017 [scheduling-1] INFO  c.e.s.Scheduler.SignatureScheduler - Début traitement automatique des signatures...
2026-04-28 14:30:00.551 [scheduling-1] INFO  c.e.s.Scheduler.SignatureScheduler - Fin traitement signatures
2026-04-28 14:30:00.551 [scheduling-1] INFO  c.e.s.Scheduler.SignatureScheduler - === Début traitement automatique reception ===
2026-04-28 14:30:00.755 [scheduling-1] INFO  c.e.s.Scheduler.SignatureScheduler - === Fin traitement reception ===
2026-04-28 14:31:00.008 [scheduling-1] INFO  c.e.s.Scheduler.SignatureScheduler - Début traitement automatique des signatures...
2026-04-28 14:31:00.824 [scheduling-1] INFO  c.e.s.Scheduler.SignatureScheduler - Fin traitement signatures
2026-04-28 14:31:00.825 [scheduling-1] INFO  c.e.s.Scheduler.SignatureScheduler - === Début traitement automatique reception ===
2026-04-28 14:31:01.159 [scheduling-1] INFO  c.e.s.Scheduler.SignatureScheduler - === Fin traitement reception ===
2026-04-28 14:32:00.015 [scheduling-1] INFO  c.e.s.Scheduler.SignatureScheduler - Début traitement automatique des signatures...
2026-04-28 14:32:00.549 [scheduling-1] INFO  c.e.s.Scheduler.SignatureScheduler - Fin traitement signatures
2026-04-28 14:32:00.549 [scheduling-1] INFO  c.e.s.Scheduler.SignatureScheduler - === Début traitement automatique reception ===
2026-04-28 14:32:00.748 [scheduling-1] INFO  c.e.s.Scheduler.SignatureScheduler - === Fin traitement reception ===
2026-04-28 14:33:00.000 [scheduling-1] INFO  c.e.s.Scheduler.SignatureScheduler - Début traitement automatique des signatures...
2026-04-28 14:33:00.556 [scheduling-1] INFO  c.e.s.Scheduler.SignatureScheduler - Fin traitement signatures
2026-04-28 14:33:00.556 [scheduling-1] INFO  c.e.s.Scheduler.SignatureScheduler - === Début traitement automatique reception ===
2026-04-28 14:33:00.761 [scheduling-1] INFO  c.e.s.Scheduler.SignatureScheduler - === Fin traitement reception ===
2026-04-28 14:34:00.012 [scheduling-1] INFO  c.e.s.Scheduler.SignatureScheduler - === Début traitement automatique reception ===
2026-04-28 14:34:00.277 [scheduling-1] INFO  c.e.s.Scheduler.SignatureScheduler - === Fin traitement reception ===
2026-04-28 14:34:00.277 [scheduling-1] INFO  c.e.s.Scheduler.SignatureScheduler - Début traitement automatique des signatures...
2026-04-28 14:34:00.749 [scheduling-1] INFO  c.e.s.Scheduler.SignatureScheduler - Fin traitement signatures
2026-04-28 14:35:00.011 [scheduling-1] INFO  c.e.s.Scheduler.SignatureScheduler - === Début traitement automatique reception ===
2026-04-28 14:35:00.279 [scheduling-1] INFO  c.e.s.Scheduler.SignatureScheduler - === Fin traitement reception ===
2026-04-28 14:35:00.279 [scheduling-1] INFO  c.e.s.Scheduler.SignatureScheduler - Début traitement automatique des signatures...
2026-04-28 14:35:00.738 [scheduling-1] INFO  c.e.s.Scheduler.SignatureScheduler - Fin traitement signatures
2026-04-28 14:36:00.001 [scheduling-1] INFO  c.e.s.Scheduler.SignatureScheduler - === Début traitement automatique reception ===
2026-04-28 14:36:00.265 [scheduling-1] INFO  c.e.s.Scheduler.SignatureScheduler - === Fin traitement reception ===
2026-04-28 14:36:00.265 [scheduling-1] INFO  c.e.s.Scheduler.SignatureScheduler - Début traitement automatique des signatures...
2026-04-28 14:36:00.757 [scheduling-1] INFO  c.e.s.Scheduler.SignatureScheduler - Fin traitement signatures
2026-04-28 14:37:00.018 [scheduling-1] INFO  c.e.s.Scheduler.SignatureScheduler - === Début traitement automatique reception ===
2026-04-28 14:37:00.274 [scheduling-1] INFO  c.e.s.Scheduler.SignatureScheduler - === Fin traitement reception ===
2026-04-28 14:37:00.274 [scheduling-1] INFO  c.e.s.Scheduler.SignatureScheduler - Début traitement automatique des signatures...
2026-04-28 14:37:00.765 [scheduling-1] INFO  c.e.s.Scheduler.SignatureScheduler - Fin traitement signatures
2026-04-28 14:38:00.018 [scheduling-1] INFO  c.e.s.Scheduler.SignatureScheduler - === Début traitement automatique reception ===
2026-04-28 14:38:00.289 [scheduling-1] INFO  c.e.s.Scheduler.SignatureScheduler - === Fin traitement reception ===
2026-04-28 14:38:00.289 [scheduling-1] INFO  c.e.s.Scheduler.SignatureScheduler - Début traitement automatique des signatures...
2026-04-28 14:38:00.786 [scheduling-1] INFO  c.e.s.Scheduler.SignatureScheduler - Fin traitement signatures
2026-04-28 14:39:00.009 [scheduling-1] INFO  c.e.s.Scheduler.SignatureScheduler - === Début traitement automatique reception ===
2026-04-28 14:39:00.281 [scheduling-1] INFO  c.e.s.Scheduler.SignatureScheduler - === Fin traitement reception ===
2026-04-28 14:39:00.281 [scheduling-1] INFO  c.e.s.Scheduler.SignatureScheduler - Début traitement automatique des signatures...
2026-04-28 14:39:00.778 [scheduling-1] INFO  c.e.s.Scheduler.SignatureScheduler - Fin traitement signatures
2026-04-28 14:40:00.015 [scheduling-1] INFO  c.e.s.Scheduler.SignatureScheduler - Début traitement automatique des signatures...
2026-04-28 14:40:00.572 [scheduling-1] INFO  c.e.s.Scheduler.SignatureScheduler - Fin traitement signatures
2026-04-28 14:40:00.572 [scheduling-1] INFO  c.e.s.Scheduler.SignatureScheduler - === Début traitement automatique reception ===
2026-04-28 14:40:00.780 [scheduling-1] INFO  c.e.s.Scheduler.SignatureScheduler - === Fin traitement reception ===
2026-04-28 14:41:00.025 [scheduling-1] INFO  c.e.s.Scheduler.SignatureScheduler - Début traitement automatique des signatures...
2026-04-28 14:41:00.569 [scheduling-1] INFO  c.e.s.Scheduler.SignatureScheduler - Fin traitement signatures
2026-04-28 14:41:00.569 [scheduling-1] INFO  c.e.s.Scheduler.SignatureScheduler - === Début traitement automatique reception ===
2026-04-28 14:41:00.778 [scheduling-1] INFO  c.e.s.Scheduler.SignatureScheduler - === Fin traitement reception ===
2026-04-28 14:42:00.020 [scheduling-1] INFO  c.e.s.Scheduler.SignatureScheduler - === Début traitement automatique reception ===
2026-04-28 14:42:00.311 [scheduling-1] INFO  c.e.s.Scheduler.SignatureScheduler - === Fin traitement reception ===
2026-04-28 14:42:00.311 [scheduling-1] INFO  c.e.s.Scheduler.SignatureScheduler - Début traitement automatique des signatures...
2026-04-28 14:42:00.823 [scheduling-1] INFO  c.e.s.Scheduler.SignatureScheduler - Fin traitement signatures
2026-04-28 14:43:00.013 [scheduling-1] INFO  c.e.s.Scheduler.SignatureScheduler - === Début traitement automatique reception ===
2026-04-28 14:43:00.284 [scheduling-1] INFO  c.e.s.Scheduler.SignatureScheduler - === Fin traitement reception ===
2026-04-28 14:43:00.284 [scheduling-1] INFO  c.e.s.Scheduler.SignatureScheduler - Début traitement automatique des signatures...
2026-04-28 14:43:00.747 [scheduling-1] INFO  c.e.s.Scheduler.SignatureScheduler - Fin traitement signatures
2026-04-28 14:44:00.015 [scheduling-1] INFO  c.e.s.Scheduler.SignatureScheduler - === Début traitement automatique reception ===
2026-04-28 14:44:00.271 [scheduling-1] INFO  c.e.s.Scheduler.SignatureScheduler - === Fin traitement reception ===
2026-04-28 14:44:00.271 [scheduling-1] INFO  c.e.s.Scheduler.SignatureScheduler - Début traitement automatique des signatures...
2026-04-28 14:44:00.763 [scheduling-1] INFO  c.e.s.Scheduler.SignatureScheduler - Fin traitement signatures
2026-04-28 14:45:00.006 [scheduling-1] INFO  c.e.s.Scheduler.SignatureScheduler - Début traitement automatique des signatures...
2026-04-28 14:45:00.550 [scheduling-1] INFO  c.e.s.Scheduler.SignatureScheduler - Fin traitement signatures
2026-04-28 14:45:00.550 [scheduling-1] INFO  c.e.s.Scheduler.SignatureScheduler - === Début traitement automatique reception ===
2026-04-28 14:45:00.775 [scheduling-1] INFO  c.e.s.Scheduler.SignatureScheduler - === Fin traitement reception ===
2026-04-28 14:46:00.015 [scheduling-1] INFO  c.e.s.Scheduler.SignatureScheduler - === Début traitement automatique reception ===
2026-04-28 14:46:00.289 [scheduling-1] INFO  c.e.s.Scheduler.SignatureScheduler - === Fin traitement reception ===
2026-04-28 14:46:00.289 [scheduling-1] INFO  c.e.s.Scheduler.SignatureScheduler - Début traitement automatique des signatures...
2026-04-28 14:46:00.753 [scheduling-1] INFO  c.e.s.Scheduler.SignatureScheduler - Fin traitement signatures
2026-04-28 14:47:00.008 [scheduling-1] INFO  c.e.s.Scheduler.SignatureScheduler - === Début traitement automatique reception ===
2026-04-28 14:47:00.277 [scheduling-1] INFO  c.e.s.Scheduler.SignatureScheduler - === Fin traitement reception ===
2026-04-28 14:47:00.277 [scheduling-1] INFO  c.e.s.Scheduler.SignatureScheduler - Début traitement automatique des signatures...
2026-04-28 14:47:00.750 [scheduling-1] INFO  c.e.s.Scheduler.SignatureScheduler - Fin traitement signatures
2026-04-28 14:48:00.010 [scheduling-1] INFO  c.e.s.Scheduler.SignatureScheduler - === Début traitement automatique reception ===
2026-04-28 14:48:00.313 [scheduling-1] INFO  c.e.s.Scheduler.SignatureScheduler - === Fin traitement reception ===
2026-04-28 14:48:00.313 [scheduling-1] INFO  c.e.s.Scheduler.SignatureScheduler - Début traitement automatique des signatures...
2026-04-28 14:48:00.856 [scheduling-1] INFO  c.e.s.Scheduler.SignatureScheduler - Fin traitement signatures
2026-04-28 14:49:00.009 [scheduling-1] INFO  c.e.s.Scheduler.SignatureScheduler - Début traitement automatique des signatures...
2026-04-28 14:49:00.568 [scheduling-1] INFO  c.e.s.Scheduler.SignatureScheduler - Fin traitement signatures
2026-04-28 14:49:00.568 [scheduling-1] INFO  c.e.s.Scheduler.SignatureScheduler - === Début traitement automatique reception ===
2026-04-28 14:49:00.793 [scheduling-1] INFO  c.e.s.Scheduler.SignatureScheduler - === Fin traitement reception ===
2026-04-28 14:50:00.009 [scheduling-1] INFO  c.e.s.Scheduler.SignatureScheduler - Début traitement automatique des signatures...
2026-04-28 14:50:00.605 [scheduling-1] INFO  c.e.s.Scheduler.SignatureScheduler - Fin traitement signatures
2026-04-28 14:50:00.605 [scheduling-1] INFO  c.e.s.Scheduler.SignatureScheduler - === Début traitement automatique reception ===
2026-04-28 14:50:00.820 [scheduling-1] INFO  c.e.s.Scheduler.SignatureScheduler - === Fin traitement reception ===
2026-04-28 14:51:00.004 [scheduling-1] INFO  c.e.s.Scheduler.SignatureScheduler - Début traitement automatique des signatures...
2026-04-28 14:51:00.549 [scheduling-1] INFO  c.e.s.Scheduler.SignatureScheduler - Fin traitement signatures
2026-04-28 14:51:00.549 [scheduling-1] INFO  c.e.s.Scheduler.SignatureScheduler - === Début traitement automatique reception ===
2026-04-28 14:51:00.792 [scheduling-1] INFO  c.e.s.Scheduler.SignatureScheduler - === Fin traitement reception ===
2026-04-28 14:52:00.019 [scheduling-1] INFO  c.e.s.Scheduler.SignatureScheduler - Début traitement automatique des signatures...
2026-04-28 14:52:00.595 [scheduling-1] INFO  c.e.s.Scheduler.SignatureScheduler - Fin traitement signatures
2026-04-28 14:52:00.595 [scheduling-1] INFO  c.e.s.Scheduler.SignatureScheduler - === Début traitement automatique reception ===
2026-04-28 14:52:00.802 [scheduling-1] INFO  c.e.s.Scheduler.SignatureScheduler - === Fin traitement reception ===
2026-04-28 14:53:00.011 [scheduling-1] INFO  c.e.s.Scheduler.SignatureScheduler - === Début traitement automatique reception ===
2026-04-28 14:53:00.278 [scheduling-1] INFO  c.e.s.Scheduler.SignatureScheduler - === Fin traitement reception ===
2026-04-28 14:53:00.278 [scheduling-1] INFO  c.e.s.Scheduler.SignatureScheduler - Début traitement automatique des signatures...
2026-04-28 14:53:00.783 [scheduling-1] INFO  c.e.s.Scheduler.SignatureScheduler - Fin traitement signatures
2026-04-28 14:54:00.001 [scheduling-1] INFO  c.e.s.Scheduler.SignatureScheduler - Début traitement automatique des signatures...
2026-04-28 14:54:00.549 [scheduling-1] INFO  c.e.s.Scheduler.SignatureScheduler - Fin traitement signatures
2026-04-28 14:54:00.549 [scheduling-1] INFO  c.e.s.Scheduler.SignatureScheduler - === Début traitement automatique reception ===
2026-04-28 14:54:00.757 [scheduling-1] INFO  c.e.s.Scheduler.SignatureScheduler - === Fin traitement reception ===
2026-04-28 14:55:00.014 [scheduling-1] INFO  c.e.s.Scheduler.SignatureScheduler - === Début traitement automatique reception ===
2026-04-28 14:55:00.298 [scheduling-1] INFO  c.e.s.Scheduler.SignatureScheduler - === Fin traitement reception ===
2026-04-28 14:55:00.298 [scheduling-1] INFO  c.e.s.Scheduler.SignatureScheduler - Début traitement automatique des signatures...
2026-04-28 14:55:00.773 [scheduling-1] INFO  c.e.s.Scheduler.SignatureScheduler - Fin traitement signatures
2026-04-28 14:56:00.005 [scheduling-1] INFO  c.e.s.Scheduler.SignatureScheduler - Début traitement automatique des signatures...
2026-04-28 14:56:00.582 [scheduling-1] INFO  c.e.s.Scheduler.SignatureScheduler - Fin traitement signatures
2026-04-28 14:56:00.583 [scheduling-1] INFO  c.e.s.Scheduler.SignatureScheduler - === Début traitement automatique reception ===
2026-04-28 14:56:00.844 [scheduling-1] INFO  c.e.s.Scheduler.SignatureScheduler - === Fin traitement reception ===
2026-04-28 14:57:00.011 [scheduling-1] INFO  c.e.s.Scheduler.SignatureScheduler - Début traitement automatique des signatures...
2026-04-28 14:57:00.569 [scheduling-1] INFO  c.e.s.Scheduler.SignatureScheduler - Fin traitement signatures
2026-04-28 14:57:00.569 [scheduling-1] INFO  c.e.s.Scheduler.SignatureScheduler - === Début traitement automatique reception ===
2026-04-28 14:57:00.769 [scheduling-1] INFO  c.e.s.Scheduler.SignatureScheduler - === Fin traitement reception ===
2026-04-28 14:58:00.012 [scheduling-1] INFO  c.e.s.Scheduler.SignatureScheduler - === Début traitement automatique reception ===
2026-04-28 14:58:00.278 [scheduling-1] INFO  c.e.s.Scheduler.SignatureScheduler - === Fin traitement reception ===
2026-04-28 14:58:00.278 [scheduling-1] INFO  c.e.s.Scheduler.SignatureScheduler - Début traitement automatique des signatures...
2026-04-28 14:58:00.741 [scheduling-1] INFO  c.e.s.Scheduler.SignatureScheduler - Fin traitement signatures
2026-04-28 14:59:00.002 [scheduling-1] INFO  c.e.s.Scheduler.SignatureScheduler - Début traitement automatique des signatures...
2026-04-28 14:59:00.560 [scheduling-1] INFO  c.e.s.Scheduler.SignatureScheduler - Fin traitement signatures
2026-04-28 14:59:00.560 [scheduling-1] INFO  c.e.s.Scheduler.SignatureScheduler - === Début traitement automatique reception ===
2026-04-28 14:59:00.766 [scheduling-1] INFO  c.e.s.Scheduler.SignatureScheduler - === Fin traitement reception ===
2026-04-28 15:00:00.002 [scheduling-1] INFO  c.e.s.Scheduler.SignatureScheduler - === Début traitement automatique reception ===
2026-04-28 15:00:00.294 [scheduling-1] INFO  c.e.s.Scheduler.SignatureScheduler - === Fin traitement reception ===
2026-04-28 15:00:00.294 [scheduling-1] INFO  c.e.s.Scheduler.SignatureScheduler - Début traitement automatique des signatures...
2026-04-28 15:00:00.766 [scheduling-1] INFO  c.e.s.Scheduler.SignatureScheduler - Fin traitement signatures
2026-04-28 15:01:00.013 [scheduling-1] INFO  c.e.s.Scheduler.SignatureScheduler - === Début traitement automatique reception ===
2026-04-28 15:01:00.408 [scheduling-1] INFO  c.e.s.Scheduler.SignatureScheduler - === Fin traitement reception ===
2026-04-28 15:01:00.408 [scheduling-1] INFO  c.e.s.Scheduler.SignatureScheduler - Début traitement automatique des signatures...
2026-04-28 15:01:01.178 [scheduling-1] INFO  c.e.s.Scheduler.SignatureScheduler - Fin traitement signatures
2026-04-28 15:02:00.006 [scheduling-1] INFO  c.e.s.Scheduler.SignatureScheduler - Début traitement automatique des signatures...
2026-04-28 15:02:00.535 [scheduling-1] INFO  c.e.s.Scheduler.SignatureScheduler - Fin traitement signatures
2026-04-28 15:02:00.535 [scheduling-1] INFO  c.e.s.Scheduler.SignatureScheduler - === Début traitement automatique reception ===
2026-04-28 15:02:00.743 [scheduling-1] INFO  c.e.s.Scheduler.SignatureScheduler - === Fin traitement reception ===
2026-04-28 15:03:00.005 [scheduling-1] INFO  c.e.s.Scheduler.SignatureScheduler - === Début traitement automatique reception ===
2026-04-28 15:03:00.297 [scheduling-1] INFO  c.e.s.Scheduler.SignatureScheduler - === Fin traitement reception ===
2026-04-28 15:03:00.297 [scheduling-1] INFO  c.e.s.Scheduler.SignatureScheduler - Début traitement automatique des signatures...
2026-04-28 15:03:00.780 [scheduling-1] INFO  c.e.s.Scheduler.SignatureScheduler - Fin traitement signatures
2026-04-28 15:04:00.012 [scheduling-1] INFO  c.e.s.Scheduler.SignatureScheduler - === Début traitement automatique reception ===
2026-04-28 15:04:00.281 [scheduling-1] INFO  c.e.s.Scheduler.SignatureScheduler - === Fin traitement reception ===
2026-04-28 15:04:00.281 [scheduling-1] INFO  c.e.s.Scheduler.SignatureScheduler - Début traitement automatique des signatures...
2026-04-28 15:04:00.756 [scheduling-1] INFO  c.e.s.Scheduler.SignatureScheduler - Fin traitement signatures
2026-04-28 15:05:00.001 [scheduling-1] INFO  c.e.s.Scheduler.SignatureScheduler - Début traitement automatique des signatures...
2026-04-28 15:05:00.602 [scheduling-1] INFO  c.e.s.Scheduler.SignatureScheduler - Fin traitement signatures
2026-04-28 15:05:00.602 [scheduling-1] INFO  c.e.s.Scheduler.SignatureScheduler - === Début traitement automatique reception ===
2026-04-28 15:05:00.809 [scheduling-1] INFO  c.e.s.Scheduler.SignatureScheduler - === Fin traitement reception ===
2026-04-28 15:06:00.002 [scheduling-1] INFO  c.e.s.Scheduler.SignatureScheduler - === Début traitement automatique reception ===
2026-04-28 15:06:00.288 [scheduling-1] INFO  c.e.s.Scheduler.SignatureScheduler - === Fin traitement reception ===
2026-04-28 15:06:00.289 [scheduling-1] INFO  c.e.s.Scheduler.SignatureScheduler - Début traitement automatique des signatures...
2026-04-28 15:06:00.791 [scheduling-1] INFO  c.e.s.Scheduler.SignatureScheduler - Fin traitement signatures
2026-04-28 15:07:00.010 [scheduling-1] INFO  c.e.s.Scheduler.SignatureScheduler - Début traitement automatique des signatures...
2026-04-28 15:07:00.544 [scheduling-1] INFO  c.e.s.Scheduler.SignatureScheduler - Fin traitement signatures
2026-04-28 15:07:00.544 [scheduling-1] INFO  c.e.s.Scheduler.SignatureScheduler - === Début traitement automatique reception ===
2026-04-28 15:07:00.744 [scheduling-1] INFO  c.e.s.Scheduler.SignatureScheduler - === Fin traitement reception ===
2026-04-28 15:08:00.014 [scheduling-1] INFO  c.e.s.Scheduler.SignatureScheduler - Début traitement automatique des signatures...
2026-04-28 15:08:00.551 [scheduling-1] INFO  c.e.s.Scheduler.SignatureScheduler - Fin traitement signatures
2026-04-28 15:08:00.551 [scheduling-1] INFO  c.e.s.Scheduler.SignatureScheduler - === Début traitement automatique reception ===
2026-04-28 15:08:00.757 [scheduling-1] INFO  c.e.s.Scheduler.SignatureScheduler - === Fin traitement reception ===
2026-04-28 15:09:00.014 [scheduling-1] INFO  c.e.s.Scheduler.SignatureScheduler - === Début traitement automatique reception ===
2026-04-28 15:09:00.729 [scheduling-1] INFO  c.e.s.Scheduler.SignatureScheduler - === Fin traitement reception ===
2026-04-28 15:09:00.730 [scheduling-1] INFO  c.e.s.Scheduler.SignatureScheduler - Début traitement automatique des signatures...
2026-04-28 15:09:01.729 [scheduling-1] INFO  c.e.s.Scheduler.SignatureScheduler - Fin traitement signatures
2026-04-28 15:10:00.000 [scheduling-1] INFO  c.e.s.Scheduler.SignatureScheduler - Début traitement automatique des signatures...
2026-04-28 15:10:00.556 [scheduling-1] INFO  c.e.s.Scheduler.SignatureScheduler - Fin traitement signatures
2026-04-28 15:10:00.556 [scheduling-1] INFO  c.e.s.Scheduler.SignatureScheduler - === Début traitement automatique reception ===
2026-04-28 15:10:00.759 [scheduling-1] INFO  c.e.s.Scheduler.SignatureScheduler - === Fin traitement reception ===
2026-04-28 15:11:00.012 [scheduling-1] INFO  c.e.s.Scheduler.SignatureScheduler - === Début traitement automatique reception ===
2026-04-28 15:11:00.280 [scheduling-1] INFO  c.e.s.Scheduler.SignatureScheduler - === Fin traitement reception ===
2026-04-28 15:11:00.281 [scheduling-1] INFO  c.e.s.Scheduler.SignatureScheduler - Début traitement automatique des signatures...
2026-04-28 15:11:00.762 [scheduling-1] INFO  c.e.s.Scheduler.SignatureScheduler - Fin traitement signatures
2026-04-28 15:12:00.001 [scheduling-1] INFO  c.e.s.Scheduler.SignatureScheduler - === Début traitement automatique reception ===
2026-04-28 15:12:00.271 [scheduling-1] INFO  c.e.s.Scheduler.SignatureScheduler - === Fin traitement reception ===
2026-04-28 15:12:00.271 [scheduling-1] INFO  c.e.s.Scheduler.SignatureScheduler - Début traitement automatique des signatures...
2026-04-28 15:12:00.755 [scheduling-1] INFO  c.e.s.Scheduler.SignatureScheduler - Fin traitement signatures
2026-04-28 15:13:00.001 [scheduling-1] INFO  c.e.s.Scheduler.SignatureScheduler - === Début traitement automatique reception ===
2026-04-28 15:13:00.423 [scheduling-1] INFO  c.e.s.Scheduler.SignatureScheduler - === Fin traitement reception ===
2026-04-28 15:13:00.423 [scheduling-1] INFO  c.e.s.Scheduler.SignatureScheduler - Début traitement automatique des signatures...
2026-04-28 15:13:01.395 [scheduling-1] INFO  c.e.s.Scheduler.SignatureScheduler - Fin traitement signatures
2026-04-28 15:14:00.015 [scheduling-1] INFO  c.e.s.Scheduler.SignatureScheduler - Début traitement automatique des signatures...
2026-04-28 15:14:00.733 [scheduling-1] INFO  c.e.s.Scheduler.SignatureScheduler - Fin traitement signatures
2026-04-28 15:14:00.733 [scheduling-1] INFO  c.e.s.Scheduler.SignatureScheduler - === Début traitement automatique reception ===
2026-04-28 15:14:00.950 [scheduling-1] INFO  c.e.s.Scheduler.SignatureScheduler - === Fin traitement reception ===
2026-04-28 15:15:00.007 [scheduling-1] INFO  c.e.s.Scheduler.SignatureScheduler - Début traitement automatique des signatures...
2026-04-28 15:15:00.575 [scheduling-1] INFO  c.e.s.Scheduler.SignatureScheduler - Fin traitement signatures
2026-04-28 15:15:00.575 [scheduling-1] INFO  c.e.s.Scheduler.SignatureScheduler - === Début traitement automatique reception ===
2026-04-28 15:15:00.773 [scheduling-1] INFO  c.e.s.Scheduler.SignatureScheduler - === Fin traitement reception ===
2026-04-28 15:16:00.006 [scheduling-1] INFO  c.e.s.Scheduler.SignatureScheduler - Début traitement automatique des signatures...
2026-04-28 15:16:00.576 [scheduling-1] INFO  c.e.s.Scheduler.SignatureScheduler - Fin traitement signatures
2026-04-28 15:16:00.576 [scheduling-1] INFO  c.e.s.Scheduler.SignatureScheduler - === Début traitement automatique reception ===
2026-04-28 15:16:00.785 [scheduling-1] INFO  c.e.s.Scheduler.SignatureScheduler - === Fin traitement reception ===
2026-04-28 15:17:00.010 [scheduling-1] INFO  c.e.s.Scheduler.SignatureScheduler - Début traitement automatique des signatures...
2026-04-28 15:17:00.591 [scheduling-1] INFO  c.e.s.Scheduler.SignatureScheduler - Fin traitement signatures
2026-04-28 15:17:00.591 [scheduling-1] INFO  c.e.s.Scheduler.SignatureScheduler - === Début traitement automatique reception ===
2026-04-28 15:17:00.847 [scheduling-1] INFO  c.e.s.Scheduler.SignatureScheduler - === Fin traitement reception ===
2026-04-28 15:18:00.003 [scheduling-1] INFO  c.e.s.Scheduler.SignatureScheduler - === Début traitement automatique reception ===
2026-04-28 15:18:00.368 [scheduling-1] INFO  c.e.s.Scheduler.SignatureScheduler - === Fin traitement reception ===
2026-04-28 15:18:00.368 [scheduling-1] INFO  c.e.s.Scheduler.SignatureScheduler - Début traitement automatique des signatures...
2026-04-28 15:18:01.069 [scheduling-1] INFO  c.e.s.Scheduler.SignatureScheduler - Fin traitement signatures
2026-04-28 15:19:00.001 [scheduling-1] INFO  c.e.s.Scheduler.SignatureScheduler - === Début traitement automatique reception ===
2026-04-28 15:19:00.358 [scheduling-1] INFO  c.e.s.Scheduler.SignatureScheduler - === Fin traitement reception ===
2026-04-28 15:19:00.358 [scheduling-1] INFO  c.e.s.Scheduler.SignatureScheduler - Début traitement automatique des signatures...
2026-04-28 15:19:01.055 [scheduling-1] INFO  c.e.s.Scheduler.SignatureScheduler - Fin traitement signatures
2026-04-28 15:20:00.006 [scheduling-1] INFO  c.e.s.Scheduler.SignatureScheduler - === Début traitement automatique reception ===
2026-04-28 15:20:00.319 [scheduling-1] INFO  c.e.s.Scheduler.SignatureScheduler - === Fin traitement reception ===
2026-04-28 15:20:00.320 [scheduling-1] INFO  c.e.s.Scheduler.SignatureScheduler - Début traitement automatique des signatures...
2026-04-28 15:20:00.980 [scheduling-1] INFO  c.e.s.Scheduler.SignatureScheduler - Fin traitement signatures
2026-04-28 15:21:00.006 [scheduling-1] INFO  c.e.s.Scheduler.SignatureScheduler - === Début traitement automatique reception ===
2026-04-28 15:21:00.335 [scheduling-1] INFO  c.e.s.Scheduler.SignatureScheduler - === Fin traitement reception ===
2026-04-28 15:21:00.335 [scheduling-1] INFO  c.e.s.Scheduler.SignatureScheduler - Début traitement automatique des signatures...
2026-04-28 15:21:00.969 [scheduling-1] INFO  c.e.s.Scheduler.SignatureScheduler - Fin traitement signatures
2026-04-28 15:22:00.003 [scheduling-1] INFO  c.e.s.Scheduler.SignatureScheduler - === Début traitement automatique reception ===
2026-04-28 15:22:00.384 [scheduling-1] INFO  c.e.s.Scheduler.SignatureScheduler - === Fin traitement reception ===
2026-04-28 15:22:00.384 [scheduling-1] INFO  c.e.s.Scheduler.SignatureScheduler - Début traitement automatique des signatures...
2026-04-28 15:22:00.886 [scheduling-1] INFO  c.e.s.Scheduler.SignatureScheduler - Fin traitement signatures
2026-04-28 15:23:00.009 [scheduling-1] INFO  c.e.s.Scheduler.SignatureScheduler - === Début traitement automatique reception ===
2026-04-28 15:23:00.311 [scheduling-1] INFO  c.e.s.Scheduler.SignatureScheduler - === Fin traitement reception ===
2026-04-28 15:23:00.311 [scheduling-1] INFO  c.e.s.Scheduler.SignatureScheduler - Début traitement automatique des signatures...
2026-04-28 15:23:00.892 [scheduling-1] INFO  c.e.s.Scheduler.SignatureScheduler - Fin traitement signatures
2026-04-28 15:24:00.015 [scheduling-1] INFO  c.e.s.Scheduler.SignatureScheduler - Début traitement automatique des signatures...
2026-04-28 15:24:00.541 [scheduling-1] INFO  c.e.s.Scheduler.SignatureScheduler - Fin traitement signatures
2026-04-28 15:24:00.541 [scheduling-1] INFO  c.e.s.Scheduler.SignatureScheduler - === Début traitement automatique reception ===
2026-04-28 15:24:00.761 [scheduling-1] INFO  c.e.s.Scheduler.SignatureScheduler - === Fin traitement reception ===
2026-04-28 15:25:00.005 [scheduling-1] INFO  c.e.s.Scheduler.SignatureScheduler - === Début traitement automatique reception ===
2026-04-28 15:25:00.261 [scheduling-1] INFO  c.e.s.Scheduler.SignatureScheduler - === Fin traitement reception ===
2026-04-28 15:25:00.261 [scheduling-1] INFO  c.e.s.Scheduler.SignatureScheduler - Début traitement automatique des signatures...
2026-04-28 15:25:00.741 [scheduling-1] INFO  c.e.s.Scheduler.SignatureScheduler - Fin traitement signatures
2026-04-28 15:26:00.011 [scheduling-1] INFO  c.e.s.Scheduler.SignatureScheduler - Début traitement automatique des signatures...
2026-04-28 15:26:00.546 [scheduling-1] INFO  c.e.s.Scheduler.SignatureScheduler - Fin traitement signatures
2026-04-28 15:26:00.546 [scheduling-1] INFO  c.e.s.Scheduler.SignatureScheduler - === Début traitement automatique reception ===
2026-04-28 15:26:00.751 [scheduling-1] INFO  c.e.s.Scheduler.SignatureScheduler - === Fin traitement reception ===
2026-04-28 15:27:00.002 [scheduling-1] INFO  c.e.s.Scheduler.SignatureScheduler - Début traitement automatique des signatures...
2026-04-28 15:27:00.565 [scheduling-1] INFO  c.e.s.Scheduler.SignatureScheduler - Fin traitement signatures
2026-04-28 15:27:00.565 [scheduling-1] INFO  c.e.s.Scheduler.SignatureScheduler - === Début traitement automatique reception ===
2026-04-28 15:27:00.773 [scheduling-1] INFO  c.e.s.Scheduler.SignatureScheduler - === Fin traitement reception ===
2026-04-28 15:28:00.009 [scheduling-1] INFO  c.e.s.Scheduler.SignatureScheduler - === Début traitement automatique reception ===
2026-04-28 15:28:00.276 [scheduling-1] INFO  c.e.s.Scheduler.SignatureScheduler - === Fin traitement reception ===
2026-04-28 15:28:00.276 [scheduling-1] INFO  c.e.s.Scheduler.SignatureScheduler - Début traitement automatique des signatures...
2026-04-28 15:28:00.742 [scheduling-1] INFO  c.e.s.Scheduler.SignatureScheduler - Fin traitement signatures
2026-04-28 15:29:00.015 [scheduling-1] INFO  c.e.s.Scheduler.SignatureScheduler - Début traitement automatique des signatures...
2026-04-28 15:29:00.551 [scheduling-1] INFO  c.e.s.Scheduler.SignatureScheduler - Fin traitement signatures
2026-04-28 15:29:00.551 [scheduling-1] INFO  c.e.s.Scheduler.SignatureScheduler - === Début traitement automatique reception ===
2026-04-28 15:29:00.769 [scheduling-1] INFO  c.e.s.Scheduler.SignatureScheduler - === Fin traitement reception ===
2026-04-28 15:30:00.006 [scheduling-1] INFO  c.e.s.Scheduler.SignatureScheduler - === Début traitement automatique reception ===
2026-04-28 15:30:00.273 [scheduling-1] INFO  c.e.s.Scheduler.SignatureScheduler - === Fin traitement reception ===
2026-04-28 15:30:00.273 [scheduling-1] INFO  c.e.s.Scheduler.SignatureScheduler - Début traitement automatique des signatures...
2026-04-28 15:30:00.751 [scheduling-1] INFO  c.e.s.Scheduler.SignatureScheduler - Fin traitement signatures
2026-04-28 15:31:00.013 [scheduling-1] INFO  c.e.s.Scheduler.SignatureScheduler - Début traitement automatique des signatures...
2026-04-28 15:31:00.539 [scheduling-1] INFO  c.e.s.Scheduler.SignatureScheduler - Fin traitement signatures
2026-04-28 15:31:00.539 [scheduling-1] INFO  c.e.s.Scheduler.SignatureScheduler - === Début traitement automatique reception ===
2026-04-28 15:31:00.755 [scheduling-1] INFO  c.e.s.Scheduler.SignatureScheduler - === Fin traitement reception ===
2026-04-28 15:32:00.003 [scheduling-1] INFO  c.e.s.Scheduler.SignatureScheduler - Début traitement automatique des signatures...
2026-04-28 15:32:00.536 [scheduling-1] INFO  c.e.s.Scheduler.SignatureScheduler - Fin traitement signatures
2026-04-28 15:32:00.536 [scheduling-1] INFO  c.e.s.Scheduler.SignatureScheduler - === Début traitement automatique reception ===
2026-04-28 15:32:00.752 [scheduling-1] INFO  c.e.s.Scheduler.SignatureScheduler - === Fin traitement reception ===
2026-04-28 15:33:00.009 [scheduling-1] INFO  c.e.s.Scheduler.SignatureScheduler - === Début traitement automatique reception ===
2026-04-28 15:33:00.301 [scheduling-1] INFO  c.e.s.Scheduler.SignatureScheduler - === Fin traitement reception ===
2026-04-28 15:33:00.301 [scheduling-1] INFO  c.e.s.Scheduler.SignatureScheduler - Début traitement automatique des signatures...
2026-04-28 15:33:00.761 [scheduling-1] INFO  c.e.s.Scheduler.SignatureScheduler - Fin traitement signatures
2026-04-28 15:34:00.016 [scheduling-1] INFO  c.e.s.Scheduler.SignatureScheduler - === Début traitement automatique reception ===
2026-04-28 15:34:00.271 [scheduling-1] INFO  c.e.s.Scheduler.SignatureScheduler - === Fin traitement reception ===
2026-04-28 15:34:00.271 [scheduling-1] INFO  c.e.s.Scheduler.SignatureScheduler - Début traitement automatique des signatures...
2026-04-28 15:34:00.751 [scheduling-1] INFO  c.e.s.Scheduler.SignatureScheduler - Fin traitement signatures
2026-04-28 15:35:00.006 [scheduling-1] INFO  c.e.s.Scheduler.SignatureScheduler - Début traitement automatique des signatures...
2026-04-28 15:35:00.542 [scheduling-1] INFO  c.e.s.Scheduler.SignatureScheduler - Fin traitement signatures
2026-04-28 15:35:00.542 [scheduling-1] INFO  c.e.s.Scheduler.SignatureScheduler - === Début traitement automatique reception ===
2026-04-28 15:35:00.742 [scheduling-1] INFO  c.e.s.Scheduler.SignatureScheduler - === Fin traitement reception ===
2026-04-28 15:36:00.013 [scheduling-1] INFO  c.e.s.Scheduler.SignatureScheduler - Début traitement automatique des signatures...
2026-04-28 15:36:00.551 [scheduling-1] INFO  c.e.s.Scheduler.SignatureScheduler - Fin traitement signatures
2026-04-28 15:36:00.551 [scheduling-1] INFO  c.e.s.Scheduler.SignatureScheduler - === Début traitement automatique reception ===
2026-04-28 15:36:00.761 [scheduling-1] INFO  c.e.s.Scheduler.SignatureScheduler - === Fin traitement reception ===
2026-04-28 15:37:00.003 [scheduling-1] INFO  c.e.s.Scheduler.SignatureScheduler - === Début traitement automatique reception ===
2026-04-28 15:37:00.261 [scheduling-1] INFO  c.e.s.Scheduler.SignatureScheduler - === Fin traitement reception ===
2026-04-28 15:37:00.261 [scheduling-1] INFO  c.e.s.Scheduler.SignatureScheduler - Début traitement automatique des signatures...
2026-04-28 15:37:00.772 [scheduling-1] INFO  c.e.s.Scheduler.SignatureScheduler - Fin traitement signatures
2026-04-28 15:38:00.011 [scheduling-1] INFO  c.e.s.Scheduler.SignatureScheduler - === Début traitement automatique reception ===
2026-04-28 15:38:00.350 [scheduling-1] INFO  c.e.s.Scheduler.SignatureScheduler - === Fin traitement reception ===
2026-04-28 15:38:00.351 [scheduling-1] INFO  c.e.s.Scheduler.SignatureScheduler - Début traitement automatique des signatures...
2026-04-28 15:38:00.897 [scheduling-1] INFO  c.e.s.Scheduler.SignatureScheduler - Fin traitement signatures
2026-04-28 15:39:00.000 [scheduling-1] INFO  c.e.s.Scheduler.SignatureScheduler - === Début traitement automatique reception ===
2026-04-28 15:39:00.288 [scheduling-1] INFO  c.e.s.Scheduler.SignatureScheduler - === Fin traitement reception ===
2026-04-28 15:39:00.288 [scheduling-1] INFO  c.e.s.Scheduler.SignatureScheduler - Début traitement automatique des signatures...
2026-04-28 15:39:00.792 [scheduling-1] INFO  c.e.s.Scheduler.SignatureScheduler - Fin traitement signatures
2026-04-28 15:40:00.006 [scheduling-1] INFO  c.e.s.Scheduler.SignatureScheduler - === Début traitement automatique reception ===
2026-04-28 15:40:00.278 [scheduling-1] INFO  c.e.s.Scheduler.SignatureScheduler - === Fin traitement reception ===
2026-04-28 15:40:00.278 [scheduling-1] INFO  c.e.s.Scheduler.SignatureScheduler - Début traitement automatique des signatures...
2026-04-28 15:40:00.762 [scheduling-1] INFO  c.e.s.Scheduler.SignatureScheduler - Fin traitement signatures
2026-04-28 15:41:00.013 [scheduling-1] INFO  c.e.s.Scheduler.SignatureScheduler - Début traitement automatique des signatures...
2026-04-28 15:41:00.551 [scheduling-1] INFO  c.e.s.Scheduler.SignatureScheduler - Fin traitement signatures
2026-04-28 15:41:00.551 [scheduling-1] INFO  c.e.s.Scheduler.SignatureScheduler - === Début traitement automatique reception ===
2026-04-28 15:41:00.756 [scheduling-1] INFO  c.e.s.Scheduler.SignatureScheduler - === Fin traitement reception ===
2026-04-28 15:42:00.003 [scheduling-1] INFO  c.e.s.Scheduler.SignatureScheduler - Début traitement automatique des signatures...
2026-04-28 15:42:00.726 [scheduling-1] INFO  c.e.s.Scheduler.SignatureScheduler - Fin traitement signatures
2026-04-28 15:42:00.726 [scheduling-1] INFO  c.e.s.Scheduler.SignatureScheduler - === Début traitement automatique reception ===
2026-04-28 15:42:00.946 [scheduling-1] INFO  c.e.s.Scheduler.SignatureScheduler - === Fin traitement reception ===
2026-04-28 15:43:00.010 [scheduling-1] INFO  c.e.s.Scheduler.SignatureScheduler - === Début traitement automatique reception ===
2026-04-28 15:43:00.283 [scheduling-1] INFO  c.e.s.Scheduler.SignatureScheduler - === Fin traitement reception ===
2026-04-28 15:43:00.283 [scheduling-1] INFO  c.e.s.Scheduler.SignatureScheduler - Début traitement automatique des signatures...
2026-04-28 15:43:00.766 [scheduling-1] INFO  c.e.s.Scheduler.SignatureScheduler - Fin traitement signatures
2026-04-28 15:44:00.000 [scheduling-1] INFO  c.e.s.Scheduler.SignatureScheduler - === Début traitement automatique reception ===
2026-04-28 15:44:00.302 [scheduling-1] INFO  c.e.s.Scheduler.SignatureScheduler - === Fin traitement reception ===
2026-04-28 15:44:00.302 [scheduling-1] INFO  c.e.s.Scheduler.SignatureScheduler - Début traitement automatique des signatures...
2026-04-28 15:44:00.786 [scheduling-1] INFO  c.e.s.Scheduler.SignatureScheduler - Fin traitement signatures
2026-04-28 15:45:00.007 [scheduling-1] INFO  c.e.s.Scheduler.SignatureScheduler - === Début traitement automatique reception ===
2026-04-28 15:45:00.290 [scheduling-1] INFO  c.e.s.Scheduler.SignatureScheduler - === Fin traitement reception ===
2026-04-28 15:45:00.291 [scheduling-1] INFO  c.e.s.Scheduler.SignatureScheduler - Début traitement automatique des signatures...
2026-04-28 15:45:00.841 [scheduling-1] INFO  c.e.s.Scheduler.SignatureScheduler - Fin traitement signatures
2026-04-28 15:46:00.014 [scheduling-1] INFO  c.e.s.Scheduler.SignatureScheduler - === Début traitement automatique reception ===
2026-04-28 15:46:00.281 [scheduling-1] INFO  c.e.s.Scheduler.SignatureScheduler - === Fin traitement reception ===
2026-04-28 15:46:00.281 [scheduling-1] INFO  c.e.s.Scheduler.SignatureScheduler - Début traitement automatique des signatures...
2026-04-28 15:46:00.766 [scheduling-1] INFO  c.e.s.Scheduler.SignatureScheduler - Fin traitement signatures
2026-04-28 15:47:00.004 [scheduling-1] INFO  c.e.s.Scheduler.SignatureScheduler - Début traitement automatique des signatures...
2026-04-28 15:47:00.526 [scheduling-1] INFO  c.e.s.Scheduler.SignatureScheduler - Fin traitement signatures
2026-04-28 15:47:00.526 [scheduling-1] INFO  c.e.s.Scheduler.SignatureScheduler - === Début traitement automatique reception ===
2026-04-28 15:47:00.726 [scheduling-1] INFO  c.e.s.Scheduler.SignatureScheduler - === Fin traitement reception ===
2026-04-28 15:48:00.011 [scheduling-1] INFO  c.e.s.Scheduler.SignatureScheduler - Début traitement automatique des signatures...
2026-04-28 15:48:00.546 [scheduling-1] INFO  c.e.s.Scheduler.SignatureScheduler - Fin traitement signatures
2026-04-28 15:48:00.546 [scheduling-1] INFO  c.e.s.Scheduler.SignatureScheduler - === Début traitement automatique reception ===
2026-04-28 15:48:00.756 [scheduling-1] INFO  c.e.s.Scheduler.SignatureScheduler - === Fin traitement reception ===
2026-04-28 15:49:00.018 [scheduling-1] INFO  c.e.s.Scheduler.SignatureScheduler - === Début traitement automatique reception ===
2026-04-28 15:49:00.301 [scheduling-1] INFO  c.e.s.Scheduler.SignatureScheduler - === Fin traitement reception ===
2026-04-28 15:49:00.301 [scheduling-1] INFO  c.e.s.Scheduler.SignatureScheduler - Début traitement automatique des signatures...
2026-04-28 15:49:00.786 [scheduling-1] INFO  c.e.s.Scheduler.SignatureScheduler - Fin traitement signatures
2026-04-28 15:50:00.008 [scheduling-1] INFO  c.e.s.Scheduler.SignatureScheduler - === Début traitement automatique reception ===
2026-04-28 15:50:00.276 [scheduling-1] INFO  c.e.s.Scheduler.SignatureScheduler - === Fin traitement reception ===
2026-04-28 15:50:00.276 [scheduling-1] INFO  c.e.s.Scheduler.SignatureScheduler - Début traitement automatique des signatures...
2026-04-28 15:50:00.758 [scheduling-1] INFO  c.e.s.Scheduler.SignatureScheduler - Fin traitement signatures
2026-04-28 15:51:00.014 [scheduling-1] INFO  c.e.s.Scheduler.SignatureScheduler - === Début traitement automatique reception ===
2026-04-28 15:51:00.286 [scheduling-1] INFO  c.e.s.Scheduler.SignatureScheduler - === Fin traitement reception ===
2026-04-28 15:51:00.286 [scheduling-1] INFO  c.e.s.Scheduler.SignatureScheduler - Début traitement automatique des signatures...
2026-04-28 15:51:00.766 [scheduling-1] INFO  c.e.s.Scheduler.SignatureScheduler - Fin traitement signatures
2026-04-28 15:52:00.011 [scheduling-1] INFO  c.e.s.Scheduler.SignatureScheduler - Début traitement automatique des signatures...
2026-04-28 15:52:00.556 [scheduling-1] INFO  c.e.s.Scheduler.SignatureScheduler - Fin traitement signatures
2026-04-28 15:52:00.556 [scheduling-1] INFO  c.e.s.Scheduler.SignatureScheduler - === Début traitement automatique reception ===
2026-04-28 15:52:00.765 [scheduling-1] INFO  c.e.s.Scheduler.SignatureScheduler - === Fin traitement reception ===
2026-04-28 15:53:00.014 [scheduling-1] INFO  c.e.s.Scheduler.SignatureScheduler - === Début traitement automatique reception ===
2026-04-28 15:53:00.303 [scheduling-1] INFO  c.e.s.Scheduler.SignatureScheduler - === Fin traitement reception ===
2026-04-28 15:53:00.303 [scheduling-1] INFO  c.e.s.Scheduler.SignatureScheduler - Début traitement automatique des signatures...
2026-04-28 15:53:00.799 [scheduling-1] INFO  c.e.s.Scheduler.SignatureScheduler - Fin traitement signatures
2026-04-28 15:54:00.006 [scheduling-1] INFO  c.e.s.Scheduler.SignatureScheduler - Début traitement automatique des signatures...
2026-04-28 15:54:00.836 [scheduling-1] INFO  c.e.s.Scheduler.SignatureScheduler - Fin traitement signatures
2026-04-28 15:54:00.836 [scheduling-1] INFO  c.e.s.Scheduler.SignatureScheduler - === Début traitement automatique reception ===
2026-04-28 15:54:01.139 [scheduling-1] INFO  c.e.s.Scheduler.SignatureScheduler - === Fin traitement reception ===
2026-04-28 15:55:00.013 [scheduling-1] INFO  c.e.s.Scheduler.SignatureScheduler - Début traitement automatique des signatures...
2026-04-28 15:55:00.542 [scheduling-1] INFO  c.e.s.Scheduler.SignatureScheduler - Fin traitement signatures
2026-04-28 15:55:00.542 [scheduling-1] INFO  c.e.s.Scheduler.SignatureScheduler - === Début traitement automatique reception ===
2026-04-28 15:55:00.766 [scheduling-1] INFO  c.e.s.Scheduler.SignatureScheduler - === Fin traitement reception ===
2026-04-28 15:56:00.015 [scheduling-1] INFO  c.e.s.Scheduler.SignatureScheduler - === Début traitement automatique reception ===
2026-04-28 15:56:00.283 [scheduling-1] INFO  c.e.s.Scheduler.SignatureScheduler - === Fin traitement reception ===
2026-04-28 15:56:00.283 [scheduling-1] INFO  c.e.s.Scheduler.SignatureScheduler - Début traitement automatique des signatures...
2026-04-28 15:56:00.782 [scheduling-1] INFO  c.e.s.Scheduler.SignatureScheduler - Fin traitement signatures
2026-04-28 15:57:00.015 [scheduling-1] INFO  c.e.s.Scheduler.SignatureScheduler - === Début traitement automatique reception ===
2026-04-28 15:57:00.428 [scheduling-1] INFO  c.e.s.Scheduler.SignatureScheduler - === Fin traitement reception ===
2026-04-28 15:57:00.428 [scheduling-1] INFO  c.e.s.Scheduler.SignatureScheduler - Début traitement automatique des signatures...
2026-04-28 15:57:01.354 [scheduling-1] INFO  c.e.s.Scheduler.SignatureScheduler - Fin traitement signatures
2026-04-28 15:58:00.002 [scheduling-1] INFO  c.e.s.Scheduler.SignatureScheduler - Début traitement automatique des signatures...
2026-04-28 15:58:00.626 [scheduling-1] INFO  c.e.s.Scheduler.SignatureScheduler - Fin traitement signatures
2026-04-28 15:58:00.626 [scheduling-1] INFO  c.e.s.Scheduler.SignatureScheduler - === Début traitement automatique reception ===
2026-04-28 15:58:00.851 [scheduling-1] INFO  c.e.s.Scheduler.SignatureScheduler - === Fin traitement reception ===
2026-04-28 15:59:00.012 [scheduling-1] INFO  c.e.s.Scheduler.SignatureScheduler - === Début traitement automatique reception ===
2026-04-28 15:59:00.314 [scheduling-1] INFO  c.e.s.Scheduler.SignatureScheduler - === Fin traitement reception ===
2026-04-28 15:59:00.314 [scheduling-1] INFO  c.e.s.Scheduler.SignatureScheduler - Début traitement automatique des signatures...
2026-04-28 15:59:00.809 [scheduling-1] INFO  c.e.s.Scheduler.SignatureScheduler - Fin traitement signatures
2026-04-28 16:00:00.004 [scheduling-1] INFO  c.e.s.Scheduler.SignatureScheduler - === Début traitement automatique reception ===
2026-04-28 16:00:00.324 [scheduling-1] INFO  c.e.s.Scheduler.SignatureScheduler - === Fin traitement reception ===
2026-04-28 16:00:00.324 [scheduling-1] INFO  c.e.s.Scheduler.SignatureScheduler - Début traitement automatique des signatures...
2026-04-28 16:00:00.919 [scheduling-1] INFO  c.e.s.Scheduler.SignatureScheduler - Fin traitement signatures
2026-04-28 16:01:00.012 [scheduling-1] INFO  c.e.s.Scheduler.SignatureScheduler - Début traitement automatique des signatures...
2026-04-28 16:01:00.686 [scheduling-1] INFO  c.e.s.Scheduler.SignatureScheduler - Fin traitement signatures
2026-04-28 16:01:00.686 [scheduling-1] INFO  c.e.s.Scheduler.SignatureScheduler - === Début traitement automatique reception ===
2026-04-28 16:01:00.925 [scheduling-1] INFO  c.e.s.Scheduler.SignatureScheduler - === Fin traitement reception ===
2026-04-28 16:02:00.016 [scheduling-1] INFO  c.e.s.Scheduler.SignatureScheduler - Début traitement automatique des signatures...
2026-04-28 16:02:02.206 [scheduling-1] INFO  c.e.s.Scheduler.SignatureScheduler - Fin traitement signatures
2026-04-28 16:02:02.206 [scheduling-1] INFO  c.e.s.Scheduler.SignatureScheduler - === Début traitement automatique reception ===
2026-04-28 16:02:03.616 [scheduling-1] INFO  c.e.s.Scheduler.SignatureScheduler - === Fin traitement reception ===
2026-04-28 16:03:00.011 [scheduling-1] INFO  c.e.s.Scheduler.SignatureScheduler - Début traitement automatique des signatures...
2026-04-28 16:03:00.620 [scheduling-1] INFO  c.e.s.Scheduler.SignatureScheduler - Fin traitement signatures
2026-04-28 16:03:00.620 [scheduling-1] INFO  c.e.s.Scheduler.SignatureScheduler - === Début traitement automatique reception ===
2026-04-28 16:03:00.859 [scheduling-1] INFO  c.e.s.Scheduler.SignatureScheduler - === Fin traitement reception ===
2026-04-28 16:04:00.008 [scheduling-1] INFO  c.e.s.Scheduler.SignatureScheduler - Début traitement automatique des signatures...
2026-04-28 16:04:00.557 [scheduling-1] INFO  c.e.s.Scheduler.SignatureScheduler - Fin traitement signatures
2026-04-28 16:04:00.557 [scheduling-1] INFO  c.e.s.Scheduler.SignatureScheduler - === Début traitement automatique reception ===
2026-04-28 16:04:00.808 [scheduling-1] INFO  c.e.s.Scheduler.SignatureScheduler - === Fin traitement reception ===
2026-04-28 16:05:00.011 [scheduling-1] INFO  c.e.s.Scheduler.SignatureScheduler - Début traitement automatique des signatures...
2026-04-28 16:05:00.566 [scheduling-1] INFO  c.e.s.Scheduler.SignatureScheduler - Fin traitement signatures
2026-04-28 16:05:00.566 [scheduling-1] INFO  c.e.s.Scheduler.SignatureScheduler - === Début traitement automatique reception ===
2026-04-28 16:05:00.808 [scheduling-1] INFO  c.e.s.Scheduler.SignatureScheduler - === Fin traitement reception ===
2026-04-28 16:06:00.010 [scheduling-1] INFO  c.e.s.Scheduler.SignatureScheduler - === Début traitement automatique reception ===
2026-04-28 16:06:00.267 [scheduling-1] INFO  c.e.s.Scheduler.SignatureScheduler - === Fin traitement reception ===
2026-04-28 16:06:00.267 [scheduling-1] INFO  c.e.s.Scheduler.SignatureScheduler - Début traitement automatique des signatures...
2026-04-28 16:06:00.748 [scheduling-1] INFO  c.e.s.Scheduler.SignatureScheduler - Fin traitement signatures
2026-04-28 16:07:00.008 [scheduling-1] INFO  c.e.s.Scheduler.SignatureScheduler - === Début traitement automatique reception ===
2026-04-28 16:07:00.264 [scheduling-1] INFO  c.e.s.Scheduler.SignatureScheduler - === Fin traitement reception ===
2026-04-28 16:07:00.264 [scheduling-1] INFO  c.e.s.Scheduler.SignatureScheduler - Début traitement automatique des signatures...
2026-04-28 16:07:00.739 [scheduling-1] INFO  c.e.s.Scheduler.SignatureScheduler - Fin traitement signatures
2026-04-28 16:08:00.014 [scheduling-1] INFO  c.e.s.Scheduler.SignatureScheduler - Début traitement automatique des signatures...
2026-04-28 16:08:00.600 [scheduling-1] INFO  c.e.s.Scheduler.SignatureScheduler - Fin traitement signatures
2026-04-28 16:08:00.600 [scheduling-1] INFO  c.e.s.Scheduler.SignatureScheduler - === Début traitement automatique reception ===
2026-04-28 16:08:00.809 [scheduling-1] INFO  c.e.s.Scheduler.SignatureScheduler - === Fin traitement reception ===
2026-04-28 16:09:00.011 [scheduling-1] INFO  c.e.s.Scheduler.SignatureScheduler - === Début traitement automatique reception ===
2026-04-28 16:09:00.610 [scheduling-1] INFO  c.e.s.Scheduler.SignatureScheduler - === Fin traitement reception ===
2026-04-28 16:09:00.610 [scheduling-1] INFO  c.e.s.Scheduler.SignatureScheduler - Début traitement automatique des signatures...
2026-04-28 16:09:01.732 [scheduling-1] INFO  c.e.s.Scheduler.SignatureScheduler - Fin traitement signatures
2026-04-28 16:10:00.002 [scheduling-1] INFO  c.e.s.Scheduler.SignatureScheduler - Début traitement automatique des signatures...
2026-04-28 16:10:00.539 [scheduling-1] INFO  c.e.s.Scheduler.SignatureScheduler - Fin traitement signatures
2026-04-28 16:10:00.539 [scheduling-1] INFO  c.e.s.Scheduler.SignatureScheduler - === Début traitement automatique reception ===
2026-04-28 16:10:00.745 [scheduling-1] INFO  c.e.s.Scheduler.SignatureScheduler - === Fin traitement reception ===
2026-04-28 16:11:00.009 [scheduling-1] INFO  c.e.s.Scheduler.SignatureScheduler - === Début traitement automatique reception ===
2026-04-28 16:11:00.309 [scheduling-1] INFO  c.e.s.Scheduler.SignatureScheduler - === Fin traitement reception ===
2026-04-28 16:11:00.310 [scheduling-1] INFO  c.e.s.Scheduler.SignatureScheduler - Début traitement automatique des signatures...
2026-04-28 16:11:00.774 [scheduling-1] INFO  c.e.s.Scheduler.SignatureScheduler - Fin traitement signatures
2026-04-28 16:12:00.000 [scheduling-1] INFO  c.e.s.Scheduler.SignatureScheduler - === Début traitement automatique reception ===
2026-04-28 16:12:00.255 [scheduling-1] INFO  c.e.s.Scheduler.SignatureScheduler - === Fin traitement reception ===
2026-04-28 16:12:00.255 [scheduling-1] INFO  c.e.s.Scheduler.SignatureScheduler - Début traitement automatique des signatures...
2026-04-28 16:12:00.736 [scheduling-1] INFO  c.e.s.Scheduler.SignatureScheduler - Fin traitement signatures
2026-04-28 16:13:00.005 [scheduling-1] INFO  c.e.s.Scheduler.SignatureScheduler - Début traitement automatique des signatures...
2026-04-28 16:13:00.825 [scheduling-1] INFO  c.e.s.Scheduler.SignatureScheduler - Fin traitement signatures
2026-04-28 16:13:00.825 [scheduling-1] INFO  c.e.s.Scheduler.SignatureScheduler - === Début traitement automatique reception ===
2026-04-28 16:13:01.025 [scheduling-1] INFO  c.e.s.Scheduler.SignatureScheduler - === Fin traitement reception ===
2026-04-28 16:14:00.013 [scheduling-1] INFO  c.e.s.Scheduler.SignatureScheduler - Début traitement automatique des signatures...
2026-04-28 16:14:00.550 [scheduling-1] INFO  c.e.s.Scheduler.SignatureScheduler - Fin traitement signatures
2026-04-28 16:14:00.550 [scheduling-1] INFO  c.e.s.Scheduler.SignatureScheduler - === Début traitement automatique reception ===
2026-04-28 16:14:00.768 [scheduling-1] INFO  c.e.s.Scheduler.SignatureScheduler - === Fin traitement reception ===
2026-04-28 16:15:00.007 [scheduling-1] INFO  c.e.s.Scheduler.SignatureScheduler - === Début traitement automatique reception ===
2026-04-28 16:15:00.265 [scheduling-1] INFO  c.e.s.Scheduler.SignatureScheduler - === Fin traitement reception ===
2026-04-28 16:15:00.265 [scheduling-1] INFO  c.e.s.Scheduler.SignatureScheduler - Début traitement automatique des signatures...
2026-04-28 16:15:00.768 [scheduling-1] INFO  c.e.s.Scheduler.SignatureScheduler - Fin traitement signatures
2026-04-28 16:16:00.010 [scheduling-1] INFO  c.e.s.Scheduler.SignatureScheduler - Début traitement automatique des signatures...
2026-04-28 16:16:00.575 [scheduling-1] INFO  c.e.s.Scheduler.SignatureScheduler - Fin traitement signatures
2026-04-28 16:16:00.575 [scheduling-1] INFO  c.e.s.Scheduler.SignatureScheduler - === Début traitement automatique reception ===
2026-04-28 16:16:00.787 [scheduling-1] INFO  c.e.s.Scheduler.SignatureScheduler - === Fin traitement reception ===
2026-04-28 16:17:00.014 [scheduling-1] INFO  c.e.s.Scheduler.SignatureScheduler - === Début traitement automatique reception ===
2026-04-28 16:17:00.335 [scheduling-1] INFO  c.e.s.Scheduler.SignatureScheduler - === Fin traitement reception ===
2026-04-28 16:17:00.335 [scheduling-1] INFO  c.e.s.Scheduler.SignatureScheduler - Début traitement automatique des signatures...
2026-04-28 16:17:00.825 [scheduling-1] INFO  c.e.s.Scheduler.SignatureScheduler - Fin traitement signatures
2026-04-28 16:18:00.011 [scheduling-1] INFO  c.e.s.Scheduler.SignatureScheduler - Début traitement automatique des signatures...
2026-04-28 16:18:00.553 [scheduling-1] INFO  c.e.s.Scheduler.SignatureScheduler - Fin traitement signatures
2026-04-28 16:18:00.553 [scheduling-1] INFO  c.e.s.Scheduler.SignatureScheduler - === Début traitement automatique reception ===
2026-04-28 16:18:00.765 [scheduling-1] INFO  c.e.s.Scheduler.SignatureScheduler - === Fin traitement reception ===
2026-04-28 16:19:00.015 [scheduling-1] INFO  c.e.s.Scheduler.SignatureScheduler - === Début traitement automatique reception ===
2026-04-28 16:19:00.318 [scheduling-1] INFO  c.e.s.Scheduler.SignatureScheduler - === Fin traitement reception ===
2026-04-28 16:19:00.318 [scheduling-1] INFO  c.e.s.Scheduler.SignatureScheduler - Début traitement automatique des signatures...
2026-04-28 16:19:00.791 [scheduling-1] INFO  c.e.s.Scheduler.SignatureScheduler - Fin traitement signatures
2026-04-28 16:20:00.008 [scheduling-1] INFO  c.e.s.Scheduler.SignatureScheduler - === Début traitement automatique reception ===
2026-04-28 16:20:00.296 [scheduling-1] INFO  c.e.s.Scheduler.SignatureScheduler - === Fin traitement reception ===
2026-04-28 16:20:00.296 [scheduling-1] INFO  c.e.s.Scheduler.SignatureScheduler - Début traitement automatique des signatures...
2026-04-28 16:20:00.796 [scheduling-1] INFO  c.e.s.Scheduler.SignatureScheduler - Fin traitement signatures
2026-04-28 16:21:00.012 [scheduling-1] INFO  c.e.s.Scheduler.SignatureScheduler - === Début traitement automatique reception ===
2026-04-28 16:21:00.846 [scheduling-1] INFO  c.e.s.Scheduler.SignatureScheduler - === Fin traitement reception ===
2026-04-28 16:21:00.846 [scheduling-1] INFO  c.e.s.Scheduler.SignatureScheduler - Début traitement automatique des signatures...
2026-04-28 16:21:02.916 [scheduling-1] INFO  c.e.s.Scheduler.SignatureScheduler - Fin traitement signatures
2026-04-28 16:22:00.014 [scheduling-1] INFO  c.e.s.Scheduler.SignatureScheduler - Début traitement automatique des signatures...
2026-04-28 16:22:00.575 [scheduling-1] INFO  c.e.s.Scheduler.SignatureScheduler - Fin traitement signatures
2026-04-28 16:22:00.575 [scheduling-1] INFO  c.e.s.Scheduler.SignatureScheduler - === Début traitement automatique reception ===
2026-04-28 16:22:00.786 [scheduling-1] INFO  c.e.s.Scheduler.SignatureScheduler - === Fin traitement reception ===
2026-04-28 16:23:00.014 [scheduling-1] INFO  c.e.s.Scheduler.SignatureScheduler - === Début traitement automatique reception ===
2026-04-28 16:23:00.275 [scheduling-1] INFO  c.e.s.Scheduler.SignatureScheduler - === Fin traitement reception ===
2026-04-28 16:23:00.275 [scheduling-1] INFO  c.e.s.Scheduler.SignatureScheduler - Début traitement automatique des signatures...
2026-04-28 16:23:00.786 [scheduling-1] INFO  c.e.s.Scheduler.SignatureScheduler - Fin traitement signatures
2026-04-28 16:24:00.015 [scheduling-1] INFO  c.e.s.Scheduler.SignatureScheduler - Début traitement automatique des signatures...
2026-04-28 16:24:00.556 [scheduling-1] INFO  c.e.s.Scheduler.SignatureScheduler - Fin traitement signatures
2026-04-28 16:24:00.556 [scheduling-1] INFO  c.e.s.Scheduler.SignatureScheduler - === Début traitement automatique reception ===
2026-04-28 16:24:00.766 [scheduling-1] INFO  c.e.s.Scheduler.SignatureScheduler - === Fin traitement reception ===
2026-04-28 16:25:00.019 [scheduling-1] INFO  c.e.s.Scheduler.SignatureScheduler - Début traitement automatique des signatures...
2026-04-28 16:25:02.027 [scheduling-1] INFO  c.e.s.Scheduler.SignatureScheduler - Fin traitement signatures
2026-04-28 16:25:02.027 [scheduling-1] INFO  c.e.s.Scheduler.SignatureScheduler - === Début traitement automatique reception ===
2026-04-28 16:25:02.746 [scheduling-1] INFO  c.e.s.Scheduler.SignatureScheduler - === Fin traitement reception ===
2026-04-28 16:26:00.004 [scheduling-1] INFO  c.e.s.Scheduler.SignatureScheduler - Début traitement automatique des signatures...
2026-04-28 16:26:00.610 [scheduling-1] INFO  c.e.s.Scheduler.SignatureScheduler - Fin traitement signatures
2026-04-28 16:26:00.610 [scheduling-1] INFO  c.e.s.Scheduler.SignatureScheduler - === Début traitement automatique reception ===
2026-04-28 16:26:00.828 [scheduling-1] INFO  c.e.s.Scheduler.SignatureScheduler - === Fin traitement reception ===
2026-04-28 16:27:00.002 [scheduling-1] INFO  c.e.s.Scheduler.SignatureScheduler - === Début traitement automatique reception ===
2026-04-28 16:27:00.288 [scheduling-1] INFO  c.e.s.Scheduler.SignatureScheduler - === Fin traitement reception ===
2026-04-28 16:27:00.288 [scheduling-1] INFO  c.e.s.Scheduler.SignatureScheduler - Début traitement automatique des signatures...
2026-04-28 16:27:01.455 [scheduling-1] INFO  c.e.s.Scheduler.SignatureScheduler - Fin traitement signatures
2026-04-28 16:28:00.015 [scheduling-1] INFO  c.e.s.Scheduler.SignatureScheduler - === Début traitement automatique reception ===
2026-04-28 16:28:00.276 [scheduling-1] INFO  c.e.s.Scheduler.SignatureScheduler - === Fin traitement reception ===
2026-04-28 16:28:00.276 [scheduling-1] INFO  c.e.s.Scheduler.SignatureScheduler - Début traitement automatique des signatures...
2026-04-28 16:28:00.830 [scheduling-1] INFO  c.e.s.Scheduler.SignatureScheduler - Fin traitement signatures
2026-04-28 16:29:00.011 [scheduling-1] INFO  c.e.s.Scheduler.SignatureScheduler - Début traitement automatique des signatures...
2026-04-28 16:29:00.576 [scheduling-1] INFO  c.e.s.Scheduler.SignatureScheduler - Fin traitement signatures
2026-04-28 16:29:00.576 [scheduling-1] INFO  c.e.s.Scheduler.SignatureScheduler - === Début traitement automatique reception ===
2026-04-28 16:29:00.786 [scheduling-1] INFO  c.e.s.Scheduler.SignatureScheduler - === Fin traitement reception ===
2026-04-28 16:30:00.011 [scheduling-1] INFO  c.e.s.Scheduler.SignatureScheduler - Début traitement automatique des signatures...
2026-04-28 16:30:00.596 [scheduling-1] INFO  c.e.s.Scheduler.SignatureScheduler - Fin traitement signatures
2026-04-28 16:30:00.596 [scheduling-1] INFO  c.e.s.Scheduler.SignatureScheduler - === Début traitement automatique reception ===
2026-04-28 16:30:00.806 [scheduling-1] INFO  c.e.s.Scheduler.SignatureScheduler - === Fin traitement reception ===
2026-04-28 16:31:00.006 [scheduling-1] INFO  c.e.s.Scheduler.SignatureScheduler - === Début traitement automatique reception ===
2026-04-28 16:31:00.286 [scheduling-1] INFO  c.e.s.Scheduler.SignatureScheduler - === Fin traitement reception ===
2026-04-28 16:31:00.286 [scheduling-1] INFO  c.e.s.Scheduler.SignatureScheduler - Début traitement automatique des signatures...
2026-04-28 16:31:00.766 [scheduling-1] INFO  c.e.s.Scheduler.SignatureScheduler - Fin traitement signatures
2026-04-28 16:32:00.003 [scheduling-1] INFO  c.e.s.Scheduler.SignatureScheduler - === Début traitement automatique reception ===
2026-04-28 16:32:00.305 [scheduling-1] INFO  c.e.s.Scheduler.SignatureScheduler - === Fin traitement reception ===
2026-04-28 16:32:00.305 [scheduling-1] INFO  c.e.s.Scheduler.SignatureScheduler - Début traitement automatique des signatures...
2026-04-28 16:32:00.796 [scheduling-1] INFO  c.e.s.Scheduler.SignatureScheduler - Fin traitement signatures
2026-04-28 16:33:00.012 [scheduling-1] INFO  c.e.s.Scheduler.SignatureScheduler - === Début traitement automatique reception ===
2026-04-28 16:33:01.417 [scheduling-1] INFO  c.e.s.Scheduler.SignatureScheduler - === Fin traitement reception ===
2026-04-28 16:33:01.417 [scheduling-1] INFO  c.e.s.Scheduler.SignatureScheduler - Début traitement automatique des signatures...
2026-04-28 16:33:02.736 [scheduling-1] INFO  c.e.s.Scheduler.SignatureScheduler - Fin traitement signatures
2026-04-28 16:34:00.018 [scheduling-1] INFO  c.e.s.Scheduler.SignatureScheduler - Début traitement automatique des signatures...
2026-04-28 16:34:00.686 [scheduling-1] INFO  c.e.s.Scheduler.SignatureScheduler - Fin traitement signatures
2026-04-28 16:34:00.686 [scheduling-1] INFO  c.e.s.Scheduler.SignatureScheduler - === Début traitement automatique reception ===
2026-04-28 16:34:00.935 [scheduling-1] INFO  c.e.s.Scheduler.SignatureScheduler - === Fin traitement reception ===
2026-04-28 16:35:00.010 [scheduling-1] INFO  c.e.s.Scheduler.SignatureScheduler - === Début traitement automatique reception ===
2026-04-28 16:35:00.286 [scheduling-1] INFO  c.e.s.Scheduler.SignatureScheduler - === Fin traitement reception ===
2026-04-28 16:35:00.286 [scheduling-1] INFO  c.e.s.Scheduler.SignatureScheduler - Début traitement automatique des signatures...
2026-04-28 16:35:00.776 [scheduling-1] INFO  c.e.s.Scheduler.SignatureScheduler - Fin traitement signatures
2026-04-28 16:36:00.010 [scheduling-1] INFO  c.e.s.Scheduler.SignatureScheduler - Début traitement automatique des signatures...
2026-04-28 16:36:00.586 [scheduling-1] INFO  c.e.s.Scheduler.SignatureScheduler - Fin traitement signatures
2026-04-28 16:36:00.586 [scheduling-1] INFO  c.e.s.Scheduler.SignatureScheduler - === Début traitement automatique reception ===
2026-04-28 16:36:00.806 [scheduling-1] INFO  c.e.s.Scheduler.SignatureScheduler - === Fin traitement reception ===
2026-04-28 16:37:00.012 [scheduling-1] INFO  c.e.s.Scheduler.SignatureScheduler - Début traitement automatique des signatures...
2026-04-28 16:37:00.576 [scheduling-1] INFO  c.e.s.Scheduler.SignatureScheduler - Fin traitement signatures
2026-04-28 16:37:00.576 [scheduling-1] INFO  c.e.s.Scheduler.SignatureScheduler - === Début traitement automatique reception ===
2026-04-28 16:37:00.786 [scheduling-1] INFO  c.e.s.Scheduler.SignatureScheduler - === Fin traitement reception ===
2026-04-28 16:38:00.008 [scheduling-1] INFO  c.e.s.Scheduler.SignatureScheduler - Début traitement automatique des signatures...
2026-04-28 16:38:00.614 [scheduling-1] INFO  c.e.s.Scheduler.SignatureScheduler - Fin traitement signatures
2026-04-28 16:38:00.614 [scheduling-1] INFO  c.e.s.Scheduler.SignatureScheduler - === Début traitement automatique reception ===
2026-04-28 16:38:00.826 [scheduling-1] INFO  c.e.s.Scheduler.SignatureScheduler - === Fin traitement reception ===
2026-04-28 16:39:00.014 [scheduling-1] INFO  c.e.s.Scheduler.SignatureScheduler - Début traitement automatique des signatures...
2026-04-28 16:39:00.566 [scheduling-1] INFO  c.e.s.Scheduler.SignatureScheduler - Fin traitement signatures
2026-04-28 16:39:00.566 [scheduling-1] INFO  c.e.s.Scheduler.SignatureScheduler - === Début traitement automatique reception ===
2026-04-28 16:39:00.786 [scheduling-1] INFO  c.e.s.Scheduler.SignatureScheduler - === Fin traitement reception ===
2026-04-28 16:40:00.004 [scheduling-1] INFO  c.e.s.Scheduler.SignatureScheduler - Début traitement automatique des signatures...
2026-04-28 16:40:00.546 [scheduling-1] INFO  c.e.s.Scheduler.SignatureScheduler - Fin traitement signatures
2026-04-28 16:40:00.546 [scheduling-1] INFO  c.e.s.Scheduler.SignatureScheduler - === Début traitement automatique reception ===
2026-04-28 16:40:00.769 [scheduling-1] INFO  c.e.s.Scheduler.SignatureScheduler - === Fin traitement reception ===
2026-04-28 16:41:00.004 [scheduling-1] INFO  c.e.s.Scheduler.SignatureScheduler - Début traitement automatique des signatures...
2026-04-28 16:41:00.656 [scheduling-1] INFO  c.e.s.Scheduler.SignatureScheduler - Fin traitement signatures
2026-04-28 16:41:00.656 [scheduling-1] INFO  c.e.s.Scheduler.SignatureScheduler - === Début traitement automatique reception ===
2026-04-28 16:41:00.866 [scheduling-1] INFO  c.e.s.Scheduler.SignatureScheduler - === Fin traitement reception ===
2026-04-28 16:42:00.004 [scheduling-1] INFO  c.e.s.Scheduler.SignatureScheduler - Début traitement automatique des signatures...
2026-04-28 16:42:00.546 [scheduling-1] INFO  c.e.s.Scheduler.SignatureScheduler - Fin traitement signatures
2026-04-28 16:42:00.546 [scheduling-1] INFO  c.e.s.Scheduler.SignatureScheduler - === Début traitement automatique reception ===
2026-04-28 16:42:00.756 [scheduling-1] INFO  c.e.s.Scheduler.SignatureScheduler - === Fin traitement reception ===
2026-04-28 16:43:00.008 [scheduling-1] INFO  c.e.s.Scheduler.SignatureScheduler - Début traitement automatique des signatures...
2026-04-28 16:43:00.563 [scheduling-1] INFO  c.e.s.Scheduler.SignatureScheduler - Fin traitement signatures
2026-04-28 16:43:00.563 [scheduling-1] INFO  c.e.s.Scheduler.SignatureScheduler - === Début traitement automatique reception ===
2026-04-28 16:43:00.786 [scheduling-1] INFO  c.e.s.Scheduler.SignatureScheduler - === Fin traitement reception ===
2026-04-28 16:44:00.010 [scheduling-1] INFO  c.e.s.Scheduler.SignatureScheduler - Début traitement automatique des signatures...
2026-04-28 16:44:00.656 [scheduling-1] INFO  c.e.s.Scheduler.SignatureScheduler - Fin traitement signatures
2026-04-28 16:44:00.656 [scheduling-1] INFO  c.e.s.Scheduler.SignatureScheduler - === Début traitement automatique reception ===
2026-04-28 16:44:00.866 [scheduling-1] INFO  c.e.s.Scheduler.SignatureScheduler - === Fin traitement reception ===
2026-04-28 16:45:00.019 [scheduling-1] INFO  c.e.s.Scheduler.SignatureScheduler - === Début traitement automatique reception ===
2026-04-28 16:45:00.307 [scheduling-1] INFO  c.e.s.Scheduler.SignatureScheduler - === Fin traitement reception ===
2026-04-28 16:45:00.307 [scheduling-1] INFO  c.e.s.Scheduler.SignatureScheduler - Début traitement automatique des signatures...
2026-04-28 16:45:00.776 [scheduling-1] INFO  c.e.s.Scheduler.SignatureScheduler - Fin traitement signatures
